date,sunrise,sunset,daylight,federalState
2020-01-05,09:16:24,17:03:48,7.79,Baden-Württemberg
2020-01-05,09:16:24,17:03:48,7.79,Bayern
2020-01-05,09:16:24,17:03:48,7.79,Berlin
2020-01-05,09:16:24,17:03:48,7.79,Brandenburg
2020-01-05,09:16:24,17:03:48,7.79,Bremen
2020-01-05,09:16:24,17:03:48,7.79,Hamburg
2020-01-05,09:16:24,17:03:48,7.79,Hessen
2020-01-05,09:16:24,17:03:48,7.79,Mecklenburg-Vorpommern
2020-01-05,09:16:24,17:03:48,7.79,Niedersachsen
2020-01-05,09:16:24,17:03:48,7.79,Nordrhein-Westfalen
2020-01-05,09:16:24,17:03:48,7.79,Rheinland-Pfalz
2020-01-05,09:16:24,17:03:48,7.79,Saarland
2020-01-05,09:16:24,17:03:48,7.79,Sachsen
2020-01-05,09:16:24,17:03:48,7.79,Sachsen-Anhalt
2020-01-05,09:16:24,17:03:48,7.79,Schleswig-Holstein
2020-01-05,09:16:24,17:03:48,7.79,Thüringen
2020-01-12,09:14:00,17:11:26,7.957142857142857,Baden-Württemberg
2020-01-12,09:14:00,17:11:26,7.957142857142857,Bayern
2020-01-12,09:14:00,17:11:26,7.957142857142857,Berlin
2020-01-12,09:14:00,17:11:26,7.957142857142857,Brandenburg
2020-01-12,09:14:00,17:11:26,7.957142857142857,Bremen
2020-01-12,09:14:00,17:11:26,7.957142857142857,Hamburg
2020-01-12,09:14:00,17:11:26,7.957142857142857,Hessen
2020-01-12,09:14:00,17:11:26,7.957142857142857,Mecklenburg-Vorpommern
2020-01-12,09:14:00,17:11:26,7.957142857142857,Niedersachsen
2020-01-12,09:14:00,17:11:26,7.957142857142857,Nordrhein-Westfalen
2020-01-12,09:14:00,17:11:26,7.957142857142857,Rheinland-Pfalz
2020-01-12,09:14:00,17:11:26,7.957142857142857,Saarland
2020-01-12,09:14:00,17:11:26,7.957142857142857,Sachsen
2020-01-12,09:14:00,17:11:26,7.957142857142857,Sachsen-Anhalt
2020-01-12,09:14:00,17:11:26,7.957142857142857,Schleswig-Holstein
2020-01-12,09:14:00,17:11:26,7.957142857142857,Thüringen
2020-01-19,09:08:51,17:21:51,8.216666666666667,Baden-Württemberg
2020-01-19,09:08:51,17:21:51,8.216666666666667,Bayern
2020-01-19,09:08:51,17:21:51,8.216666666666667,Berlin
2020-01-19,09:08:51,17:21:51,8.216666666666667,Brandenburg
2020-01-19,09:08:51,17:21:51,8.216666666666667,Bremen
2020-01-19,09:08:51,17:21:51,8.216666666666667,Hamburg
2020-01-19,09:08:51,17:21:51,8.216666666666667,Hessen
2020-01-19,09:08:51,17:21:51,8.216666666666667,Mecklenburg-Vorpommern
2020-01-19,09:08:51,17:21:51,8.216666666666667,Niedersachsen
2020-01-19,09:08:51,17:21:51,8.216666666666667,Nordrhein-Westfalen
2020-01-19,09:08:51,17:21:51,8.216666666666667,Rheinland-Pfalz
2020-01-19,09:08:51,17:21:51,8.216666666666667,Saarland
2020-01-19,09:08:51,17:21:51,8.216666666666667,Sachsen
2020-01-19,09:08:51,17:21:51,8.216666666666667,Sachsen-Anhalt
2020-01-19,09:08:51,17:21:51,8.216666666666667,Schleswig-Holstein
2020-01-19,09:08:51,17:21:51,8.216666666666667,Thüringen
2020-01-26,09:01:09,17:33:51,8.545238095238096,Baden-Württemberg
2020-01-26,09:01:09,17:33:51,8.545238095238096,Bayern
2020-01-26,09:01:09,17:33:51,8.545238095238096,Berlin
2020-01-26,09:01:09,17:33:51,8.545238095238096,Brandenburg
2020-01-26,09:01:09,17:33:51,8.545238095238096,Bremen
2020-01-26,09:01:09,17:33:51,8.545238095238096,Hamburg
2020-01-26,09:01:09,17:33:51,8.545238095238096,Hessen
2020-01-26,09:01:09,17:33:51,8.545238095238096,Mecklenburg-Vorpommern
2020-01-26,09:01:09,17:33:51,8.545238095238096,Niedersachsen
2020-01-26,09:01:09,17:33:51,8.545238095238096,Nordrhein-Westfalen
2020-01-26,09:01:09,17:33:51,8.545238095238096,Rheinland-Pfalz
2020-01-26,09:01:09,17:33:51,8.545238095238096,Saarland
2020-01-26,09:01:09,17:33:51,8.545238095238096,Sachsen
2020-01-26,09:01:09,17:33:51,8.545238095238096,Sachsen-Anhalt
2020-01-26,09:01:09,17:33:51,8.545238095238096,Schleswig-Holstein
2020-01-26,09:01:09,17:33:51,8.545238095238096,Thüringen
2020-02-02,08:51:17,17:46:43,8.923809523809524,Baden-Württemberg
2020-02-02,08:51:17,17:46:43,8.923809523809524,Bayern
2020-02-02,08:51:17,17:46:43,8.923809523809524,Berlin
2020-02-02,08:51:17,17:46:43,8.923809523809524,Brandenburg
2020-02-02,08:51:17,17:46:43,8.923809523809524,Bremen
2020-02-02,08:51:17,17:46:43,8.923809523809524,Hamburg
2020-02-02,08:51:17,17:46:43,8.923809523809524,Hessen
2020-02-02,08:51:17,17:46:43,8.923809523809524,Mecklenburg-Vorpommern
2020-02-02,08:51:17,17:46:43,8.923809523809524,Niedersachsen
2020-02-02,08:51:17,17:46:43,8.923809523809524,Nordrhein-Westfalen
2020-02-02,08:51:17,17:46:43,8.923809523809524,Rheinland-Pfalz
2020-02-02,08:51:17,17:46:43,8.923809523809524,Saarland
2020-02-02,08:51:17,17:46:43,8.923809523809524,Sachsen
2020-02-02,08:51:17,17:46:43,8.923809523809524,Sachsen-Anhalt
2020-02-02,08:51:17,17:46:43,8.923809523809524,Schleswig-Holstein
2020-02-02,08:51:17,17:46:43,8.923809523809524,Thüringen
2020-02-09,08:39:51,17:59:51,9.333333333333334,Baden-Württemberg
2020-02-09,08:39:51,17:59:51,9.333333333333334,Bayern
2020-02-09,08:39:51,17:59:51,9.333333333333334,Berlin
2020-02-09,08:39:51,17:59:51,9.333333333333334,Brandenburg
2020-02-09,08:39:51,17:59:51,9.333333333333334,Bremen
2020-02-09,08:39:51,17:59:51,9.333333333333334,Hamburg
2020-02-09,08:39:51,17:59:51,9.333333333333334,Hessen
2020-02-09,08:39:51,17:59:51,9.333333333333334,Mecklenburg-Vorpommern
2020-02-09,08:39:51,17:59:51,9.333333333333334,Niedersachsen
2020-02-09,08:39:51,17:59:51,9.333333333333334,Nordrhein-Westfalen
2020-02-09,08:39:51,17:59:51,9.333333333333334,Rheinland-Pfalz
2020-02-09,08:39:51,17:59:51,9.333333333333334,Saarland
2020-02-09,08:39:51,17:59:51,9.333333333333334,Sachsen
2020-02-09,08:39:51,17:59:51,9.333333333333334,Sachsen-Anhalt
2020-02-09,08:39:51,17:59:51,9.333333333333334,Schleswig-Holstein
2020-02-09,08:39:51,17:59:51,9.333333333333334,Thüringen
2020-02-16,08:27:00,18:13:00,9.766666666666667,Baden-Württemberg
2020-02-16,08:27:00,18:13:00,9.766666666666667,Bayern
2020-02-16,08:27:00,18:13:00,9.766666666666667,Berlin
2020-02-16,08:27:00,18:13:00,9.766666666666667,Brandenburg
2020-02-16,08:27:00,18:13:00,9.766666666666667,Bremen
2020-02-16,08:27:00,18:13:00,9.766666666666667,Hamburg
2020-02-16,08:27:00,18:13:00,9.766666666666667,Hessen
2020-02-16,08:27:00,18:13:00,9.766666666666667,Mecklenburg-Vorpommern
2020-02-16,08:27:00,18:13:00,9.766666666666667,Niedersachsen
2020-02-16,08:27:00,18:13:00,9.766666666666667,Nordrhein-Westfalen
2020-02-16,08:27:00,18:13:00,9.766666666666667,Rheinland-Pfalz
2020-02-16,08:27:00,18:13:00,9.766666666666667,Saarland
2020-02-16,08:27:00,18:13:00,9.766666666666667,Sachsen
2020-02-16,08:27:00,18:13:00,9.766666666666667,Sachsen-Anhalt
2020-02-16,08:27:00,18:13:00,9.766666666666667,Schleswig-Holstein
2020-02-16,08:27:00,18:13:00,9.766666666666667,Thüringen
2020-02-23,08:12:51,18:26:34,10.228571428571428,Baden-Württemberg
2020-02-23,08:12:51,18:26:34,10.228571428571428,Bayern
2020-02-23,08:12:51,18:26:34,10.228571428571428,Berlin
2020-02-23,08:12:51,18:26:34,10.228571428571428,Brandenburg
2020-02-23,08:12:51,18:26:34,10.228571428571428,Bremen
2020-02-23,08:12:51,18:26:34,10.228571428571428,Hamburg
2020-02-23,08:12:51,18:26:34,10.228571428571428,Hessen
2020-02-23,08:12:51,18:26:34,10.228571428571428,Mecklenburg-Vorpommern
2020-02-23,08:12:51,18:26:34,10.228571428571428,Niedersachsen
2020-02-23,08:12:51,18:26:34,10.228571428571428,Nordrhein-Westfalen
2020-02-23,08:12:51,18:26:34,10.228571428571428,Rheinland-Pfalz
2020-02-23,08:12:51,18:26:34,10.228571428571428,Saarland
2020-02-23,08:12:51,18:26:34,10.228571428571428,Sachsen
2020-02-23,08:12:51,18:26:34,10.228571428571428,Sachsen-Anhalt
2020-02-23,08:12:51,18:26:34,10.228571428571428,Schleswig-Holstein
2020-02-23,08:12:51,18:26:34,10.228571428571428,Thüringen
2020-03-01,07:57:43,18:39:34,10.697619047619048,Baden-Württemberg
2020-03-01,07:57:43,18:39:34,10.697619047619048,Bayern
2020-03-01,07:57:43,18:39:34,10.697619047619048,Berlin
2020-03-01,07:57:43,18:39:34,10.697619047619048,Brandenburg
2020-03-01,07:57:43,18:39:34,10.697619047619048,Bremen
2020-03-01,07:57:43,18:39:34,10.697619047619048,Hamburg
2020-03-01,07:57:43,18:39:34,10.697619047619048,Hessen
2020-03-01,07:57:43,18:39:34,10.697619047619048,Mecklenburg-Vorpommern
2020-03-01,07:57:43,18:39:34,10.697619047619048,Niedersachsen
2020-03-01,07:57:43,18:39:34,10.697619047619048,Nordrhein-Westfalen
2020-03-01,07:57:43,18:39:34,10.697619047619048,Rheinland-Pfalz
2020-03-01,07:57:43,18:39:34,10.697619047619048,Saarland
2020-03-01,07:57:43,18:39:34,10.697619047619048,Sachsen
2020-03-01,07:57:43,18:39:34,10.697619047619048,Sachsen-Anhalt
2020-03-01,07:57:43,18:39:34,10.697619047619048,Schleswig-Holstein
2020-03-01,07:57:43,18:39:34,10.697619047619048,Thüringen
2020-03-08,07:42:00,18:52:26,11.173809523809524,Baden-Württemberg
2020-03-08,07:42:00,18:52:26,11.173809523809524,Bayern
2020-03-08,07:42:00,18:52:26,11.173809523809524,Berlin
2020-03-08,07:42:00,18:52:26,11.173809523809524,Brandenburg
2020-03-08,07:42:00,18:52:26,11.173809523809524,Bremen
2020-03-08,07:42:00,18:52:26,11.173809523809524,Hamburg
2020-03-08,07:42:00,18:52:26,11.173809523809524,Hessen
2020-03-08,07:42:00,18:52:26,11.173809523809524,Mecklenburg-Vorpommern
2020-03-08,07:42:00,18:52:26,11.173809523809524,Niedersachsen
2020-03-08,07:42:00,18:52:26,11.173809523809524,Nordrhein-Westfalen
2020-03-08,07:42:00,18:52:26,11.173809523809524,Rheinland-Pfalz
2020-03-08,07:42:00,18:52:26,11.173809523809524,Saarland
2020-03-08,07:42:00,18:52:26,11.173809523809524,Sachsen
2020-03-08,07:42:00,18:52:26,11.173809523809524,Sachsen-Anhalt
2020-03-08,07:42:00,18:52:26,11.173809523809524,Schleswig-Holstein
2020-03-08,07:42:00,18:52:26,11.173809523809524,Thüringen
2020-03-15,07:25:51,19:05:09,11.654761904761905,Baden-Württemberg
2020-03-15,07:25:51,19:05:09,11.654761904761905,Bayern
2020-03-15,07:25:51,19:05:09,11.654761904761905,Berlin
2020-03-15,07:25:51,19:05:09,11.654761904761905,Brandenburg
2020-03-15,07:25:51,19:05:09,11.654761904761905,Bremen
2020-03-15,07:25:51,19:05:09,11.654761904761905,Hamburg
2020-03-15,07:25:51,19:05:09,11.654761904761905,Hessen
2020-03-15,07:25:51,19:05:09,11.654761904761905,Mecklenburg-Vorpommern
2020-03-15,07:25:51,19:05:09,11.654761904761905,Niedersachsen
2020-03-15,07:25:51,19:05:09,11.654761904761905,Nordrhein-Westfalen
2020-03-15,07:25:51,19:05:09,11.654761904761905,Rheinland-Pfalz
2020-03-15,07:25:51,19:05:09,11.654761904761905,Saarland
2020-03-15,07:25:51,19:05:09,11.654761904761905,Sachsen
2020-03-15,07:25:51,19:05:09,11.654761904761905,Sachsen-Anhalt
2020-03-15,07:25:51,19:05:09,11.654761904761905,Schleswig-Holstein
2020-03-15,07:25:51,19:05:09,11.654761904761905,Thüringen
2020-03-22,07:09:34,19:17:34,12.133333333333333,Baden-Württemberg
2020-03-22,07:09:34,19:17:34,12.133333333333333,Bayern
2020-03-22,07:09:34,19:17:34,12.133333333333333,Berlin
2020-03-22,07:09:34,19:17:34,12.133333333333333,Brandenburg
2020-03-22,07:09:34,19:17:34,12.133333333333333,Bremen
2020-03-22,07:09:34,19:17:34,12.133333333333333,Hamburg
2020-03-22,07:09:34,19:17:34,12.133333333333333,Hessen
2020-03-22,07:09:34,19:17:34,12.133333333333333,Mecklenburg-Vorpommern
2020-03-22,07:09:34,19:17:34,12.133333333333333,Niedersachsen
2020-03-22,07:09:34,19:17:34,12.133333333333333,Nordrhein-Westfalen
2020-03-22,07:09:34,19:17:34,12.133333333333333,Rheinland-Pfalz
2020-03-22,07:09:34,19:17:34,12.133333333333333,Saarland
2020-03-22,07:09:34,19:17:34,12.133333333333333,Sachsen
2020-03-22,07:09:34,19:17:34,12.133333333333333,Sachsen-Anhalt
2020-03-22,07:09:34,19:17:34,12.133333333333333,Schleswig-Holstein
2020-03-22,07:09:34,19:17:34,12.133333333333333,Thüringen
2020-03-29,06:52:51,19:29:51,12.616666666666667,Baden-Württemberg
2020-03-29,06:52:51,19:29:51,12.616666666666667,Bayern
2020-03-29,06:52:51,19:29:51,12.616666666666667,Berlin
2020-03-29,06:52:51,19:29:51,12.616666666666667,Brandenburg
2020-03-29,06:52:51,19:29:51,12.616666666666667,Bremen
2020-03-29,06:52:51,19:29:51,12.616666666666667,Hamburg
2020-03-29,06:52:51,19:29:51,12.616666666666667,Hessen
2020-03-29,06:52:51,19:29:51,12.616666666666667,Mecklenburg-Vorpommern
2020-03-29,06:52:51,19:29:51,12.616666666666667,Niedersachsen
2020-03-29,06:52:51,19:29:51,12.616666666666667,Nordrhein-Westfalen
2020-03-29,06:52:51,19:29:51,12.616666666666667,Rheinland-Pfalz
2020-03-29,06:52:51,19:29:51,12.616666666666667,Saarland
2020-03-29,06:52:51,19:29:51,12.616666666666667,Sachsen
2020-03-29,06:52:51,19:29:51,12.616666666666667,Sachsen-Anhalt
2020-03-29,06:52:51,19:29:51,12.616666666666667,Schleswig-Holstein
2020-03-29,06:52:51,19:29:51,12.616666666666667,Thüringen
2020-04-05,06:36:26,19:42:09,13.095238095238095,Baden-Württemberg
2020-04-05,06:36:26,19:42:09,13.095238095238095,Bayern
2020-04-05,06:36:26,19:42:09,13.095238095238095,Berlin
2020-04-05,06:36:26,19:42:09,13.095238095238095,Brandenburg
2020-04-05,06:36:26,19:42:09,13.095238095238095,Bremen
2020-04-05,06:36:26,19:42:09,13.095238095238095,Hamburg
2020-04-05,06:36:26,19:42:09,13.095238095238095,Hessen
2020-04-05,06:36:26,19:42:09,13.095238095238095,Mecklenburg-Vorpommern
2020-04-05,06:36:26,19:42:09,13.095238095238095,Niedersachsen
2020-04-05,06:36:26,19:42:09,13.095238095238095,Nordrhein-Westfalen
2020-04-05,06:36:26,19:42:09,13.095238095238095,Rheinland-Pfalz
2020-04-05,06:36:26,19:42:09,13.095238095238095,Saarland
2020-04-05,06:36:26,19:42:09,13.095238095238095,Sachsen
2020-04-05,06:36:26,19:42:09,13.095238095238095,Sachsen-Anhalt
2020-04-05,06:36:26,19:42:09,13.095238095238095,Schleswig-Holstein
2020-04-05,06:36:26,19:42:09,13.095238095238095,Thüringen
2020-04-12,06:20:17,19:54:26,13.56904761904762,Baden-Württemberg
2020-04-12,06:20:17,19:54:26,13.56904761904762,Bayern
2020-04-12,06:20:17,19:54:26,13.56904761904762,Berlin
2020-04-12,06:20:17,19:54:26,13.56904761904762,Brandenburg
2020-04-12,06:20:17,19:54:26,13.56904761904762,Bremen
2020-04-12,06:20:17,19:54:26,13.56904761904762,Hamburg
2020-04-12,06:20:17,19:54:26,13.56904761904762,Hessen
2020-04-12,06:20:17,19:54:26,13.56904761904762,Mecklenburg-Vorpommern
2020-04-12,06:20:17,19:54:26,13.56904761904762,Niedersachsen
2020-04-12,06:20:17,19:54:26,13.56904761904762,Nordrhein-Westfalen
2020-04-12,06:20:17,19:54:26,13.56904761904762,Rheinland-Pfalz
2020-04-12,06:20:17,19:54:26,13.56904761904762,Saarland
2020-04-12,06:20:17,19:54:26,13.56904761904762,Sachsen
2020-04-12,06:20:17,19:54:26,13.56904761904762,Sachsen-Anhalt
2020-04-12,06:20:17,19:54:26,13.56904761904762,Schleswig-Holstein
2020-04-12,06:20:17,19:54:26,13.56904761904762,Thüringen
2020-04-19,06:04:26,20:06:34,14.035714285714286,Baden-Württemberg
2020-04-19,06:04:26,20:06:34,14.035714285714286,Bayern
2020-04-19,06:04:26,20:06:34,14.035714285714286,Berlin
2020-04-19,06:04:26,20:06:34,14.035714285714286,Brandenburg
2020-04-19,06:04:26,20:06:34,14.035714285714286,Bremen
2020-04-19,06:04:26,20:06:34,14.035714285714286,Hamburg
2020-04-19,06:04:26,20:06:34,14.035714285714286,Hessen
2020-04-19,06:04:26,20:06:34,14.035714285714286,Mecklenburg-Vorpommern
2020-04-19,06:04:26,20:06:34,14.035714285714286,Niedersachsen
2020-04-19,06:04:26,20:06:34,14.035714285714286,Nordrhein-Westfalen
2020-04-19,06:04:26,20:06:34,14.035714285714286,Rheinland-Pfalz
2020-04-19,06:04:26,20:06:34,14.035714285714286,Saarland
2020-04-19,06:04:26,20:06:34,14.035714285714286,Sachsen
2020-04-19,06:04:26,20:06:34,14.035714285714286,Sachsen-Anhalt
2020-04-19,06:04:26,20:06:34,14.035714285714286,Schleswig-Holstein
2020-04-19,06:04:26,20:06:34,14.035714285714286,Thüringen
2020-04-26,05:49:17,20:18:51,14.492857142857144,Baden-Württemberg
2020-04-26,05:49:17,20:18:51,14.492857142857144,Bayern
2020-04-26,05:49:17,20:18:51,14.492857142857144,Berlin
2020-04-26,05:49:17,20:18:51,14.492857142857144,Brandenburg
2020-04-26,05:49:17,20:18:51,14.492857142857144,Bremen
2020-04-26,05:49:17,20:18:51,14.492857142857144,Hamburg
2020-04-26,05:49:17,20:18:51,14.492857142857144,Hessen
2020-04-26,05:49:17,20:18:51,14.492857142857144,Mecklenburg-Vorpommern
2020-04-26,05:49:17,20:18:51,14.492857142857144,Niedersachsen
2020-04-26,05:49:17,20:18:51,14.492857142857144,Nordrhein-Westfalen
2020-04-26,05:49:17,20:18:51,14.492857142857144,Rheinland-Pfalz
2020-04-26,05:49:17,20:18:51,14.492857142857144,Saarland
2020-04-26,05:49:17,20:18:51,14.492857142857144,Sachsen
2020-04-26,05:49:17,20:18:51,14.492857142857144,Sachsen-Anhalt
2020-04-26,05:49:17,20:18:51,14.492857142857144,Schleswig-Holstein
2020-04-26,05:49:17,20:18:51,14.492857142857144,Thüringen
2020-05-03,05:35:00,20:30:51,14.930952380952382,Baden-Württemberg
2020-05-03,05:35:00,20:30:51,14.930952380952382,Bayern
2020-05-03,05:35:00,20:30:51,14.930952380952382,Berlin
2020-05-03,05:35:00,20:30:51,14.930952380952382,Brandenburg
2020-05-03,05:35:00,20:30:51,14.930952380952382,Bremen
2020-05-03,05:35:00,20:30:51,14.930952380952382,Hamburg
2020-05-03,05:35:00,20:30:51,14.930952380952382,Hessen
2020-05-03,05:35:00,20:30:51,14.930952380952382,Mecklenburg-Vorpommern
2020-05-03,05:35:00,20:30:51,14.930952380952382,Niedersachsen
2020-05-03,05:35:00,20:30:51,14.930952380952382,Nordrhein-Westfalen
2020-05-03,05:35:00,20:30:51,14.930952380952382,Rheinland-Pfalz
2020-05-03,05:35:00,20:30:51,14.930952380952382,Saarland
2020-05-03,05:35:00,20:30:51,14.930952380952382,Sachsen
2020-05-03,05:35:00,20:30:51,14.930952380952382,Sachsen-Anhalt
2020-05-03,05:35:00,20:30:51,14.930952380952382,Schleswig-Holstein
2020-05-03,05:35:00,20:30:51,14.930952380952382,Thüringen
2020-05-10,05:22:00,20:43:00,15.35,Baden-Württemberg
2020-05-10,05:22:00,20:43:00,15.35,Bayern
2020-05-10,05:22:00,20:43:00,15.35,Berlin
2020-05-10,05:22:00,20:43:00,15.35,Brandenburg
2020-05-10,05:22:00,20:43:00,15.35,Bremen
2020-05-10,05:22:00,20:43:00,15.35,Hamburg
2020-05-10,05:22:00,20:43:00,15.35,Hessen
2020-05-10,05:22:00,20:43:00,15.35,Mecklenburg-Vorpommern
2020-05-10,05:22:00,20:43:00,15.35,Niedersachsen
2020-05-10,05:22:00,20:43:00,15.35,Nordrhein-Westfalen
2020-05-10,05:22:00,20:43:00,15.35,Rheinland-Pfalz
2020-05-10,05:22:00,20:43:00,15.35,Saarland
2020-05-10,05:22:00,20:43:00,15.35,Sachsen
2020-05-10,05:22:00,20:43:00,15.35,Sachsen-Anhalt
2020-05-10,05:22:00,20:43:00,15.35,Schleswig-Holstein
2020-05-10,05:22:00,20:43:00,15.35,Thüringen
2020-05-17,05:10:17,20:54:09,15.730952380952381,Baden-Württemberg
2020-05-17,05:10:17,20:54:09,15.730952380952381,Bayern
2020-05-17,05:10:17,20:54:09,15.730952380952381,Berlin
2020-05-17,05:10:17,20:54:09,15.730952380952381,Brandenburg
2020-05-17,05:10:17,20:54:09,15.730952380952381,Bremen
2020-05-17,05:10:17,20:54:09,15.730952380952381,Hamburg
2020-05-17,05:10:17,20:54:09,15.730952380952381,Hessen
2020-05-17,05:10:17,20:54:09,15.730952380952381,Mecklenburg-Vorpommern
2020-05-17,05:10:17,20:54:09,15.730952380952381,Niedersachsen
2020-05-17,05:10:17,20:54:09,15.730952380952381,Nordrhein-Westfalen
2020-05-17,05:10:17,20:54:09,15.730952380952381,Rheinland-Pfalz
2020-05-17,05:10:17,20:54:09,15.730952380952381,Saarland
2020-05-17,05:10:17,20:54:09,15.730952380952381,Sachsen
2020-05-17,05:10:17,20:54:09,15.730952380952381,Sachsen-Anhalt
2020-05-17,05:10:17,20:54:09,15.730952380952381,Schleswig-Holstein
2020-05-17,05:10:17,20:54:09,15.730952380952381,Thüringen
2020-05-24,05:00:17,21:04:43,16.073809523809523,Baden-Württemberg
2020-05-24,05:00:17,21:04:43,16.073809523809523,Bayern
2020-05-24,05:00:17,21:04:43,16.073809523809523,Berlin
2020-05-24,05:00:17,21:04:43,16.073809523809523,Brandenburg
2020-05-24,05:00:17,21:04:43,16.073809523809523,Bremen
2020-05-24,05:00:17,21:04:43,16.073809523809523,Hamburg
2020-05-24,05:00:17,21:04:43,16.073809523809523,Hessen
2020-05-24,05:00:17,21:04:43,16.073809523809523,Mecklenburg-Vorpommern
2020-05-24,05:00:17,21:04:43,16.073809523809523,Niedersachsen
2020-05-24,05:00:17,21:04:43,16.073809523809523,Nordrhein-Westfalen
2020-05-24,05:00:17,21:04:43,16.073809523809523,Rheinland-Pfalz
2020-05-24,05:00:17,21:04:43,16.073809523809523,Saarland
2020-05-24,05:00:17,21:04:43,16.073809523809523,Sachsen
2020-05-24,05:00:17,21:04:43,16.073809523809523,Sachsen-Anhalt
2020-05-24,05:00:17,21:04:43,16.073809523809523,Schleswig-Holstein
2020-05-24,05:00:17,21:04:43,16.073809523809523,Thüringen
2020-05-31,04:52:00,21:14:34,16.376190476190477,Baden-Württemberg
2020-05-31,04:52:00,21:14:34,16.376190476190477,Bayern
2020-05-31,04:52:00,21:14:34,16.376190476190477,Berlin
2020-05-31,04:52:00,21:14:34,16.376190476190477,Brandenburg
2020-05-31,04:52:00,21:14:34,16.376190476190477,Bremen
2020-05-31,04:52:00,21:14:34,16.376190476190477,Hamburg
2020-05-31,04:52:00,21:14:34,16.376190476190477,Hessen
2020-05-31,04:52:00,21:14:34,16.376190476190477,Mecklenburg-Vorpommern
2020-05-31,04:52:00,21:14:34,16.376190476190477,Niedersachsen
2020-05-31,04:52:00,21:14:34,16.376190476190477,Nordrhein-Westfalen
2020-05-31,04:52:00,21:14:34,16.376190476190477,Rheinland-Pfalz
2020-05-31,04:52:00,21:14:34,16.376190476190477,Saarland
2020-05-31,04:52:00,21:14:34,16.376190476190477,Sachsen
2020-05-31,04:52:00,21:14:34,16.376190476190477,Sachsen-Anhalt
2020-05-31,04:52:00,21:14:34,16.376190476190477,Schleswig-Holstein
2020-05-31,04:52:00,21:14:34,16.376190476190477,Thüringen
2020-06-07,04:46:17,21:22:00,16.595238095238095,Baden-Württemberg
2020-06-07,04:46:17,21:22:00,16.595238095238095,Bayern
2020-06-07,04:46:17,21:22:00,16.595238095238095,Berlin
2020-06-07,04:46:17,21:22:00,16.595238095238095,Brandenburg
2020-06-07,04:46:17,21:22:00,16.595238095238095,Bremen
2020-06-07,04:46:17,21:22:00,16.595238095238095,Hamburg
2020-06-07,04:46:17,21:22:00,16.595238095238095,Hessen
2020-06-07,04:46:17,21:22:00,16.595238095238095,Mecklenburg-Vorpommern
2020-06-07,04:46:17,21:22:00,16.595238095238095,Niedersachsen
2020-06-07,04:46:17,21:22:00,16.595238095238095,Nordrhein-Westfalen
2020-06-07,04:46:17,21:22:00,16.595238095238095,Rheinland-Pfalz
2020-06-07,04:46:17,21:22:00,16.595238095238095,Saarland
2020-06-07,04:46:17,21:22:00,16.595238095238095,Sachsen
2020-06-07,04:46:17,21:22:00,16.595238095238095,Sachsen-Anhalt
2020-06-07,04:46:17,21:22:00,16.595238095238095,Schleswig-Holstein
2020-06-07,04:46:17,21:22:00,16.595238095238095,Thüringen
2020-06-14,04:43:00,21:28:17,16.754761904761903,Baden-Württemberg
2020-06-14,04:43:00,21:28:17,16.754761904761903,Bayern
2020-06-14,04:43:00,21:28:17,16.754761904761903,Berlin
2020-06-14,04:43:00,21:28:17,16.754761904761903,Brandenburg
2020-06-14,04:43:00,21:28:17,16.754761904761903,Bremen
2020-06-14,04:43:00,21:28:17,16.754761904761903,Hamburg
2020-06-14,04:43:00,21:28:17,16.754761904761903,Hessen
2020-06-14,04:43:00,21:28:17,16.754761904761903,Mecklenburg-Vorpommern
2020-06-14,04:43:00,21:28:17,16.754761904761903,Niedersachsen
2020-06-14,04:43:00,21:28:17,16.754761904761903,Nordrhein-Westfalen
2020-06-14,04:43:00,21:28:17,16.754761904761903,Rheinland-Pfalz
2020-06-14,04:43:00,21:28:17,16.754761904761903,Saarland
2020-06-14,04:43:00,21:28:17,16.754761904761903,Sachsen
2020-06-14,04:43:00,21:28:17,16.754761904761903,Sachsen-Anhalt
2020-06-14,04:43:00,21:28:17,16.754761904761903,Schleswig-Holstein
2020-06-14,04:43:00,21:28:17,16.754761904761903,Thüringen
2020-06-21,04:42:09,21:32:09,16.833333333333332,Baden-Württemberg
2020-06-21,04:42:09,21:32:09,16.833333333333332,Bayern
2020-06-21,04:42:09,21:32:09,16.833333333333332,Berlin
2020-06-21,04:42:09,21:32:09,16.833333333333332,Brandenburg
2020-06-21,04:42:09,21:32:09,16.833333333333332,Bremen
2020-06-21,04:42:09,21:32:09,16.833333333333332,Hamburg
2020-06-21,04:42:09,21:32:09,16.833333333333332,Hessen
2020-06-21,04:42:09,21:32:09,16.833333333333332,Mecklenburg-Vorpommern
2020-06-21,04:42:09,21:32:09,16.833333333333332,Niedersachsen
2020-06-21,04:42:09,21:32:09,16.833333333333332,Nordrhein-Westfalen
2020-06-21,04:42:09,21:32:09,16.833333333333332,Rheinland-Pfalz
2020-06-21,04:42:09,21:32:09,16.833333333333332,Saarland
2020-06-21,04:42:09,21:32:09,16.833333333333332,Sachsen
2020-06-21,04:42:09,21:32:09,16.833333333333332,Sachsen-Anhalt
2020-06-21,04:42:09,21:32:09,16.833333333333332,Schleswig-Holstein
2020-06-21,04:42:09,21:32:09,16.833333333333332,Thüringen
2020-06-28,04:44:09,21:33:00,16.814285714285713,Baden-Württemberg
2020-06-28,04:44:09,21:33:00,16.814285714285713,Bayern
2020-06-28,04:44:09,21:33:00,16.814285714285713,Berlin
2020-06-28,04:44:09,21:33:00,16.814285714285713,Brandenburg
2020-06-28,04:44:09,21:33:00,16.814285714285713,Bremen
2020-06-28,04:44:09,21:33:00,16.814285714285713,Hamburg
2020-06-28,04:44:09,21:33:00,16.814285714285713,Hessen
2020-06-28,04:44:09,21:33:00,16.814285714285713,Mecklenburg-Vorpommern
2020-06-28,04:44:09,21:33:00,16.814285714285713,Niedersachsen
2020-06-28,04:44:09,21:33:00,16.814285714285713,Nordrhein-Westfalen
2020-06-28,04:44:09,21:33:00,16.814285714285713,Rheinland-Pfalz
2020-06-28,04:44:09,21:33:00,16.814285714285713,Saarland
2020-06-28,04:44:09,21:33:00,16.814285714285713,Sachsen
2020-06-28,04:44:09,21:33:00,16.814285714285713,Sachsen-Anhalt
2020-06-28,04:44:09,21:33:00,16.814285714285713,Schleswig-Holstein
2020-06-28,04:44:09,21:33:00,16.814285714285713,Thüringen
2020-07-05,04:48:26,21:31:34,16.71904761904762,Baden-Württemberg
2020-07-05,04:48:26,21:31:34,16.71904761904762,Bayern
2020-07-05,04:48:26,21:31:34,16.71904761904762,Berlin
2020-07-05,04:48:26,21:31:34,16.71904761904762,Brandenburg
2020-07-05,04:48:26,21:31:34,16.71904761904762,Bremen
2020-07-05,04:48:26,21:31:34,16.71904761904762,Hamburg
2020-07-05,04:48:26,21:31:34,16.71904761904762,Hessen
2020-07-05,04:48:26,21:31:34,16.71904761904762,Mecklenburg-Vorpommern
2020-07-05,04:48:26,21:31:34,16.71904761904762,Niedersachsen
2020-07-05,04:48:26,21:31:34,16.71904761904762,Nordrhein-Westfalen
2020-07-05,04:48:26,21:31:34,16.71904761904762,Rheinland-Pfalz
2020-07-05,04:48:26,21:31:34,16.71904761904762,Saarland
2020-07-05,04:48:26,21:31:34,16.71904761904762,Sachsen
2020-07-05,04:48:26,21:31:34,16.71904761904762,Sachsen-Anhalt
2020-07-05,04:48:26,21:31:34,16.71904761904762,Schleswig-Holstein
2020-07-05,04:48:26,21:31:34,16.71904761904762,Thüringen
2020-07-12,04:55:00,21:27:26,16.54047619047619,Baden-Württemberg
2020-07-12,04:55:00,21:27:26,16.54047619047619,Bayern
2020-07-12,04:55:00,21:27:26,16.54047619047619,Berlin
2020-07-12,04:55:00,21:27:26,16.54047619047619,Brandenburg
2020-07-12,04:55:00,21:27:26,16.54047619047619,Bremen
2020-07-12,04:55:00,21:27:26,16.54047619047619,Hamburg
2020-07-12,04:55:00,21:27:26,16.54047619047619,Hessen
2020-07-12,04:55:00,21:27:26,16.54047619047619,Mecklenburg-Vorpommern
2020-07-12,04:55:00,21:27:26,16.54047619047619,Niedersachsen
2020-07-12,04:55:00,21:27:26,16.54047619047619,Nordrhein-Westfalen
2020-07-12,04:55:00,21:27:26,16.54047619047619,Rheinland-Pfalz
2020-07-12,04:55:00,21:27:26,16.54047619047619,Saarland
2020-07-12,04:55:00,21:27:26,16.54047619047619,Sachsen
2020-07-12,04:55:00,21:27:26,16.54047619047619,Sachsen-Anhalt
2020-07-12,04:55:00,21:27:26,16.54047619047619,Schleswig-Holstein
2020-07-12,04:55:00,21:27:26,16.54047619047619,Thüringen
2020-07-19,05:03:09,21:20:51,16.295238095238094,Baden-Württemberg
2020-07-19,05:03:09,21:20:51,16.295238095238094,Bayern
2020-07-19,05:03:09,21:20:51,16.295238095238094,Berlin
2020-07-19,05:03:09,21:20:51,16.295238095238094,Brandenburg
2020-07-19,05:03:09,21:20:51,16.295238095238094,Bremen
2020-07-19,05:03:09,21:20:51,16.295238095238094,Hamburg
2020-07-19,05:03:09,21:20:51,16.295238095238094,Hessen
2020-07-19,05:03:09,21:20:51,16.295238095238094,Mecklenburg-Vorpommern
2020-07-19,05:03:09,21:20:51,16.295238095238094,Niedersachsen
2020-07-19,05:03:09,21:20:51,16.295238095238094,Nordrhein-Westfalen
2020-07-19,05:03:09,21:20:51,16.295238095238094,Rheinland-Pfalz
2020-07-19,05:03:09,21:20:51,16.295238095238094,Saarland
2020-07-19,05:03:09,21:20:51,16.295238095238094,Sachsen
2020-07-19,05:03:09,21:20:51,16.295238095238094,Sachsen-Anhalt
2020-07-19,05:03:09,21:20:51,16.295238095238094,Schleswig-Holstein
2020-07-19,05:03:09,21:20:51,16.295238095238094,Thüringen
2020-07-26,05:12:43,21:11:51,15.985714285714286,Baden-Württemberg
2020-07-26,05:12:43,21:11:51,15.985714285714286,Bayern
2020-07-26,05:12:43,21:11:51,15.985714285714286,Berlin
2020-07-26,05:12:43,21:11:51,15.985714285714286,Brandenburg
2020-07-26,05:12:43,21:11:51,15.985714285714286,Bremen
2020-07-26,05:12:43,21:11:51,15.985714285714286,Hamburg
2020-07-26,05:12:43,21:11:51,15.985714285714286,Hessen
2020-07-26,05:12:43,21:11:51,15.985714285714286,Mecklenburg-Vorpommern
2020-07-26,05:12:43,21:11:51,15.985714285714286,Niedersachsen
2020-07-26,05:12:43,21:11:51,15.985714285714286,Nordrhein-Westfalen
2020-07-26,05:12:43,21:11:51,15.985714285714286,Rheinland-Pfalz
2020-07-26,05:12:43,21:11:51,15.985714285714286,Saarland
2020-07-26,05:12:43,21:11:51,15.985714285714286,Sachsen
2020-07-26,05:12:43,21:11:51,15.985714285714286,Sachsen-Anhalt
2020-07-26,05:12:43,21:11:51,15.985714285714286,Schleswig-Holstein
2020-07-26,05:12:43,21:11:51,15.985714285714286,Thüringen
2020-08-02,05:23:17,21:01:09,15.630952380952381,Baden-Württemberg
2020-08-02,05:23:17,21:01:09,15.630952380952381,Bayern
2020-08-02,05:23:17,21:01:09,15.630952380952381,Berlin
2020-08-02,05:23:17,21:01:09,15.630952380952381,Brandenburg
2020-08-02,05:23:17,21:01:09,15.630952380952381,Bremen
2020-08-02,05:23:17,21:01:09,15.630952380952381,Hamburg
2020-08-02,05:23:17,21:01:09,15.630952380952381,Hessen
2020-08-02,05:23:17,21:01:09,15.630952380952381,Mecklenburg-Vorpommern
2020-08-02,05:23:17,21:01:09,15.630952380952381,Niedersachsen
2020-08-02,05:23:17,21:01:09,15.630952380952381,Nordrhein-Westfalen
2020-08-02,05:23:17,21:01:09,15.630952380952381,Rheinland-Pfalz
2020-08-02,05:23:17,21:01:09,15.630952380952381,Saarland
2020-08-02,05:23:17,21:01:09,15.630952380952381,Sachsen
2020-08-02,05:23:17,21:01:09,15.630952380952381,Sachsen-Anhalt
2020-08-02,05:23:17,21:01:09,15.630952380952381,Schleswig-Holstein
2020-08-02,05:23:17,21:01:09,15.630952380952381,Thüringen
2020-08-09,05:34:26,20:48:51,15.24047619047619,Baden-Württemberg
2020-08-09,05:34:26,20:48:51,15.24047619047619,Bayern
2020-08-09,05:34:26,20:48:51,15.24047619047619,Berlin
2020-08-09,05:34:26,20:48:51,15.24047619047619,Brandenburg
2020-08-09,05:34:26,20:48:51,15.24047619047619,Bremen
2020-08-09,05:34:26,20:48:51,15.24047619047619,Hamburg
2020-08-09,05:34:26,20:48:51,15.24047619047619,Hessen
2020-08-09,05:34:26,20:48:51,15.24047619047619,Mecklenburg-Vorpommern
2020-08-09,05:34:26,20:48:51,15.24047619047619,Niedersachsen
2020-08-09,05:34:26,20:48:51,15.24047619047619,Nordrhein-Westfalen
2020-08-09,05:34:26,20:48:51,15.24047619047619,Rheinland-Pfalz
2020-08-09,05:34:26,20:48:51,15.24047619047619,Saarland
2020-08-09,05:34:26,20:48:51,15.24047619047619,Sachsen
2020-08-09,05:34:26,20:48:51,15.24047619047619,Sachsen-Anhalt
2020-08-09,05:34:26,20:48:51,15.24047619047619,Schleswig-Holstein
2020-08-09,05:34:26,20:48:51,15.24047619047619,Thüringen
2020-08-16,05:46:00,20:35:00,14.816666666666666,Baden-Württemberg
2020-08-16,05:46:00,20:35:00,14.816666666666666,Bayern
2020-08-16,05:46:00,20:35:00,14.816666666666666,Berlin
2020-08-16,05:46:00,20:35:00,14.816666666666666,Brandenburg
2020-08-16,05:46:00,20:35:00,14.816666666666666,Bremen
2020-08-16,05:46:00,20:35:00,14.816666666666666,Hamburg
2020-08-16,05:46:00,20:35:00,14.816666666666666,Hessen
2020-08-16,05:46:00,20:35:00,14.816666666666666,Mecklenburg-Vorpommern
2020-08-16,05:46:00,20:35:00,14.816666666666666,Niedersachsen
2020-08-16,05:46:00,20:35:00,14.816666666666666,Nordrhein-Westfalen
2020-08-16,05:46:00,20:35:00,14.816666666666666,Rheinland-Pfalz
2020-08-16,05:46:00,20:35:00,14.816666666666666,Saarland
2020-08-16,05:46:00,20:35:00,14.816666666666666,Sachsen
2020-08-16,05:46:00,20:35:00,14.816666666666666,Sachsen-Anhalt
2020-08-16,05:46:00,20:35:00,14.816666666666666,Schleswig-Holstein
2020-08-16,05:46:00,20:35:00,14.816666666666666,Thüringen
2020-08-23,05:57:43,20:20:34,14.380952380952381,Baden-Württemberg
2020-08-23,05:57:43,20:20:34,14.380952380952381,Bayern
2020-08-23,05:57:43,20:20:34,14.380952380952381,Berlin
2020-08-23,05:57:43,20:20:34,14.380952380952381,Brandenburg
2020-08-23,05:57:43,20:20:34,14.380952380952381,Bremen
2020-08-23,05:57:43,20:20:34,14.380952380952381,Hamburg
2020-08-23,05:57:43,20:20:34,14.380952380952381,Hessen
2020-08-23,05:57:43,20:20:34,14.380952380952381,Mecklenburg-Vorpommern
2020-08-23,05:57:43,20:20:34,14.380952380952381,Niedersachsen
2020-08-23,05:57:43,20:20:34,14.380952380952381,Nordrhein-Westfalen
2020-08-23,05:57:43,20:20:34,14.380952380952381,Rheinland-Pfalz
2020-08-23,05:57:43,20:20:34,14.380952380952381,Saarland
2020-08-23,05:57:43,20:20:34,14.380952380952381,Sachsen
2020-08-23,05:57:43,20:20:34,14.380952380952381,Sachsen-Anhalt
2020-08-23,05:57:43,20:20:34,14.380952380952381,Schleswig-Holstein
2020-08-23,05:57:43,20:20:34,14.380952380952381,Thüringen
2020-08-30,06:09:17,20:05:09,13.93095238095238,Baden-Württemberg
2020-08-30,06:09:17,20:05:09,13.93095238095238,Bayern
2020-08-30,06:09:17,20:05:09,13.93095238095238,Berlin
2020-08-30,06:09:17,20:05:09,13.93095238095238,Brandenburg
2020-08-30,06:09:17,20:05:09,13.93095238095238,Bremen
2020-08-30,06:09:17,20:05:09,13.93095238095238,Hamburg
2020-08-30,06:09:17,20:05:09,13.93095238095238,Hessen
2020-08-30,06:09:17,20:05:09,13.93095238095238,Mecklenburg-Vorpommern
2020-08-30,06:09:17,20:05:09,13.93095238095238,Niedersachsen
2020-08-30,06:09:17,20:05:09,13.93095238095238,Nordrhein-Westfalen
2020-08-30,06:09:17,20:05:09,13.93095238095238,Rheinland-Pfalz
2020-08-30,06:09:17,20:05:09,13.93095238095238,Saarland
2020-08-30,06:09:17,20:05:09,13.93095238095238,Sachsen
2020-08-30,06:09:17,20:05:09,13.93095238095238,Sachsen-Anhalt
2020-08-30,06:09:17,20:05:09,13.93095238095238,Schleswig-Holstein
2020-08-30,06:09:17,20:05:09,13.93095238095238,Thüringen
2020-09-06,06:21:00,19:49:00,13.466666666666667,Baden-Württemberg
2020-09-06,06:21:00,19:49:00,13.466666666666667,Bayern
2020-09-06,06:21:00,19:49:00,13.466666666666667,Berlin
2020-09-06,06:21:00,19:49:00,13.466666666666667,Brandenburg
2020-09-06,06:21:00,19:49:00,13.466666666666667,Bremen
2020-09-06,06:21:00,19:49:00,13.466666666666667,Hamburg
2020-09-06,06:21:00,19:49:00,13.466666666666667,Hessen
2020-09-06,06:21:00,19:49:00,13.466666666666667,Mecklenburg-Vorpommern
2020-09-06,06:21:00,19:49:00,13.466666666666667,Niedersachsen
2020-09-06,06:21:00,19:49:00,13.466666666666667,Nordrhein-Westfalen
2020-09-06,06:21:00,19:49:00,13.466666666666667,Rheinland-Pfalz
2020-09-06,06:21:00,19:49:00,13.466666666666667,Saarland
2020-09-06,06:21:00,19:49:00,13.466666666666667,Sachsen
2020-09-06,06:21:00,19:49:00,13.466666666666667,Sachsen-Anhalt
2020-09-06,06:21:00,19:49:00,13.466666666666667,Schleswig-Holstein
2020-09-06,06:21:00,19:49:00,13.466666666666667,Thüringen
2020-09-13,06:32:43,19:32:43,13,Baden-Württemberg
2020-09-13,06:32:43,19:32:43,13,Bayern
2020-09-13,06:32:43,19:32:43,13,Berlin
2020-09-13,06:32:43,19:32:43,13,Brandenburg
2020-09-13,06:32:43,19:32:43,13,Bremen
2020-09-13,06:32:43,19:32:43,13,Hamburg
2020-09-13,06:32:43,19:32:43,13,Hessen
2020-09-13,06:32:43,19:32:43,13,Mecklenburg-Vorpommern
2020-09-13,06:32:43,19:32:43,13,Niedersachsen
2020-09-13,06:32:43,19:32:43,13,Nordrhein-Westfalen
2020-09-13,06:32:43,19:32:43,13,Rheinland-Pfalz
2020-09-13,06:32:43,19:32:43,13,Saarland
2020-09-13,06:32:43,19:32:43,13,Sachsen
2020-09-13,06:32:43,19:32:43,13,Sachsen-Anhalt
2020-09-13,06:32:43,19:32:43,13,Schleswig-Holstein
2020-09-13,06:32:43,19:32:43,13,Thüringen
2020-09-20,06:44:17,19:16:00,12.528571428571428,Baden-Württemberg
2020-09-20,06:44:17,19:16:00,12.528571428571428,Bayern
2020-09-20,06:44:17,19:16:00,12.528571428571428,Berlin
2020-09-20,06:44:17,19:16:00,12.528571428571428,Brandenburg
2020-09-20,06:44:17,19:16:00,12.528571428571428,Bremen
2020-09-20,06:44:17,19:16:00,12.528571428571428,Hamburg
2020-09-20,06:44:17,19:16:00,12.528571428571428,Hessen
2020-09-20,06:44:17,19:16:00,12.528571428571428,Mecklenburg-Vorpommern
2020-09-20,06:44:17,19:16:00,12.528571428571428,Niedersachsen
2020-09-20,06:44:17,19:16:00,12.528571428571428,Nordrhein-Westfalen
2020-09-20,06:44:17,19:16:00,12.528571428571428,Rheinland-Pfalz
2020-09-20,06:44:17,19:16:00,12.528571428571428,Saarland
2020-09-20,06:44:17,19:16:00,12.528571428571428,Sachsen
2020-09-20,06:44:17,19:16:00,12.528571428571428,Sachsen-Anhalt
2020-09-20,06:44:17,19:16:00,12.528571428571428,Schleswig-Holstein
2020-09-20,06:44:17,19:16:00,12.528571428571428,Thüringen
2020-09-27,06:56:09,18:59:09,12.05,Baden-Württemberg
2020-09-27,06:56:09,18:59:09,12.05,Bayern
2020-09-27,06:56:09,18:59:09,12.05,Berlin
2020-09-27,06:56:09,18:59:09,12.05,Brandenburg
2020-09-27,06:56:09,18:59:09,12.05,Bremen
2020-09-27,06:56:09,18:59:09,12.05,Hamburg
2020-09-27,06:56:09,18:59:09,12.05,Hessen
2020-09-27,06:56:09,18:59:09,12.05,Mecklenburg-Vorpommern
2020-09-27,06:56:09,18:59:09,12.05,Niedersachsen
2020-09-27,06:56:09,18:59:09,12.05,Nordrhein-Westfalen
2020-09-27,06:56:09,18:59:09,12.05,Rheinland-Pfalz
2020-09-27,06:56:09,18:59:09,12.05,Saarland
2020-09-27,06:56:09,18:59:09,12.05,Sachsen
2020-09-27,06:56:09,18:59:09,12.05,Sachsen-Anhalt
2020-09-27,06:56:09,18:59:09,12.05,Schleswig-Holstein
2020-09-27,06:56:09,18:59:09,12.05,Thüringen
2020-10-04,07:08:00,18:42:51,11.58095238095238,Baden-Württemberg
2020-10-04,07:08:00,18:42:51,11.58095238095238,Bayern
2020-10-04,07:08:00,18:42:51,11.58095238095238,Berlin
2020-10-04,07:08:00,18:42:51,11.58095238095238,Brandenburg
2020-10-04,07:08:00,18:42:51,11.58095238095238,Bremen
2020-10-04,07:08:00,18:42:51,11.58095238095238,Hamburg
2020-10-04,07:08:00,18:42:51,11.58095238095238,Hessen
2020-10-04,07:08:00,18:42:51,11.58095238095238,Mecklenburg-Vorpommern
2020-10-04,07:08:00,18:42:51,11.58095238095238,Niedersachsen
2020-10-04,07:08:00,18:42:51,11.58095238095238,Nordrhein-Westfalen
2020-10-04,07:08:00,18:42:51,11.58095238095238,Rheinland-Pfalz
2020-10-04,07:08:00,18:42:51,11.58095238095238,Saarland
2020-10-04,07:08:00,18:42:51,11.58095238095238,Sachsen
2020-10-04,07:08:00,18:42:51,11.58095238095238,Sachsen-Anhalt
2020-10-04,07:08:00,18:42:51,11.58095238095238,Schleswig-Holstein
2020-10-04,07:08:00,18:42:51,11.58095238095238,Thüringen
2020-10-11,07:20:09,18:26:43,11.10952380952381,Baden-Württemberg
2020-10-11,07:20:09,18:26:43,11.10952380952381,Bayern
2020-10-11,07:20:09,18:26:43,11.10952380952381,Berlin
2020-10-11,07:20:09,18:26:43,11.10952380952381,Brandenburg
2020-10-11,07:20:09,18:26:43,11.10952380952381,Bremen
2020-10-11,07:20:09,18:26:43,11.10952380952381,Hamburg
2020-10-11,07:20:09,18:26:43,11.10952380952381,Hessen
2020-10-11,07:20:09,18:26:43,11.10952380952381,Mecklenburg-Vorpommern
2020-10-11,07:20:09,18:26:43,11.10952380952381,Niedersachsen
2020-10-11,07:20:09,18:26:43,11.10952380952381,Nordrhein-Westfalen
2020-10-11,07:20:09,18:26:43,11.10952380952381,Rheinland-Pfalz
2020-10-11,07:20:09,18:26:43,11.10952380952381,Saarland
2020-10-11,07:20:09,18:26:43,11.10952380952381,Sachsen
2020-10-11,07:20:09,18:26:43,11.10952380952381,Sachsen-Anhalt
2020-10-11,07:20:09,18:26:43,11.10952380952381,Schleswig-Holstein
2020-10-11,07:20:09,18:26:43,11.10952380952381,Thüringen
2020-10-18,07:32:26,18:10:34,10.635714285714286,Baden-Württemberg
2020-10-18,07:32:26,18:10:34,10.635714285714286,Bayern
2020-10-18,07:32:26,18:10:34,10.635714285714286,Berlin
2020-10-18,07:32:26,18:10:34,10.635714285714286,Brandenburg
2020-10-18,07:32:26,18:10:34,10.635714285714286,Bremen
2020-10-18,07:32:26,18:10:34,10.635714285714286,Hamburg
2020-10-18,07:32:26,18:10:34,10.635714285714286,Hessen
2020-10-18,07:32:26,18:10:34,10.635714285714286,Mecklenburg-Vorpommern
2020-10-18,07:32:26,18:10:34,10.635714285714286,Niedersachsen
2020-10-18,07:32:26,18:10:34,10.635714285714286,Nordrhein-Westfalen
2020-10-18,07:32:26,18:10:34,10.635714285714286,Rheinland-Pfalz
2020-10-18,07:32:26,18:10:34,10.635714285714286,Saarland
2020-10-18,07:32:26,18:10:34,10.635714285714286,Sachsen
2020-10-18,07:32:26,18:10:34,10.635714285714286,Sachsen-Anhalt
2020-10-18,07:32:26,18:10:34,10.635714285714286,Schleswig-Holstein
2020-10-18,07:32:26,18:10:34,10.635714285714286,Thüringen
2020-10-25,07:45:00,17:55:51,10.18095238095238,Baden-Württemberg
2020-10-25,07:45:00,17:55:51,10.18095238095238,Bayern
2020-10-25,07:45:00,17:55:51,10.18095238095238,Berlin
2020-10-25,07:45:00,17:55:51,10.18095238095238,Brandenburg
2020-10-25,07:45:00,17:55:51,10.18095238095238,Bremen
2020-10-25,07:45:00,17:55:51,10.18095238095238,Hamburg
2020-10-25,07:45:00,17:55:51,10.18095238095238,Hessen
2020-10-25,07:45:00,17:55:51,10.18095238095238,Mecklenburg-Vorpommern
2020-10-25,07:45:00,17:55:51,10.18095238095238,Niedersachsen
2020-10-25,07:45:00,17:55:51,10.18095238095238,Nordrhein-Westfalen
2020-10-25,07:45:00,17:55:51,10.18095238095238,Rheinland-Pfalz
2020-10-25,07:45:00,17:55:51,10.18095238095238,Saarland
2020-10-25,07:45:00,17:55:51,10.18095238095238,Sachsen
2020-10-25,07:45:00,17:55:51,10.18095238095238,Sachsen-Anhalt
2020-10-25,07:45:00,17:55:51,10.18095238095238,Schleswig-Holstein
2020-10-25,07:45:00,17:55:51,10.18095238095238,Thüringen
2020-11-01,07:57:43,17:41:17,9.726190476190476,Baden-Württemberg
2020-11-01,07:57:43,17:41:17,9.726190476190476,Bayern
2020-11-01,07:57:43,17:41:17,9.726190476190476,Berlin
2020-11-01,07:57:43,17:41:17,9.726190476190476,Brandenburg
2020-11-01,07:57:43,17:41:17,9.726190476190476,Bremen
2020-11-01,07:57:43,17:41:17,9.726190476190476,Hamburg
2020-11-01,07:57:43,17:41:17,9.726190476190476,Hessen
2020-11-01,07:57:43,17:41:17,9.726190476190476,Mecklenburg-Vorpommern
2020-11-01,07:57:43,17:41:17,9.726190476190476,Niedersachsen
2020-11-01,07:57:43,17:41:17,9.726190476190476,Nordrhein-Westfalen
2020-11-01,07:57:43,17:41:17,9.726190476190476,Rheinland-Pfalz
2020-11-01,07:57:43,17:41:17,9.726190476190476,Saarland
2020-11-01,07:57:43,17:41:17,9.726190476190476,Sachsen
2020-11-01,07:57:43,17:41:17,9.726190476190476,Sachsen-Anhalt
2020-11-01,07:57:43,17:41:17,9.726190476190476,Schleswig-Holstein
2020-11-01,07:57:43,17:41:17,9.726190476190476,Thüringen
2020-11-08,08:10:43,17:28:17,9.292857142857143,Baden-Württemberg
2020-11-08,08:10:43,17:28:17,9.292857142857143,Bayern
2020-11-08,08:10:43,17:28:17,9.292857142857143,Berlin
2020-11-08,08:10:43,17:28:17,9.292857142857143,Brandenburg
2020-11-08,08:10:43,17:28:17,9.292857142857143,Bremen
2020-11-08,08:10:43,17:28:17,9.292857142857143,Hamburg
2020-11-08,08:10:43,17:28:17,9.292857142857143,Hessen
2020-11-08,08:10:43,17:28:17,9.292857142857143,Mecklenburg-Vorpommern
2020-11-08,08:10:43,17:28:17,9.292857142857143,Niedersachsen
2020-11-08,08:10:43,17:28:17,9.292857142857143,Nordrhein-Westfalen
2020-11-08,08:10:43,17:28:17,9.292857142857143,Rheinland-Pfalz
2020-11-08,08:10:43,17:28:17,9.292857142857143,Saarland
2020-11-08,08:10:43,17:28:17,9.292857142857143,Sachsen
2020-11-08,08:10:43,17:28:17,9.292857142857143,Sachsen-Anhalt
2020-11-08,08:10:43,17:28:17,9.292857142857143,Schleswig-Holstein
2020-11-08,08:10:43,17:28:17,9.292857142857143,Thüringen
2020-11-15,08:23:17,17:16:51,8.892857142857142,Baden-Württemberg
2020-11-15,08:23:17,17:16:51,8.892857142857142,Bayern
2020-11-15,08:23:17,17:16:51,8.892857142857142,Berlin
2020-11-15,08:23:17,17:16:51,8.892857142857142,Brandenburg
2020-11-15,08:23:17,17:16:51,8.892857142857142,Bremen
2020-11-15,08:23:17,17:16:51,8.892857142857142,Hamburg
2020-11-15,08:23:17,17:16:51,8.892857142857142,Hessen
2020-11-15,08:23:17,17:16:51,8.892857142857142,Mecklenburg-Vorpommern
2020-11-15,08:23:17,17:16:51,8.892857142857142,Niedersachsen
2020-11-15,08:23:17,17:16:51,8.892857142857142,Nordrhein-Westfalen
2020-11-15,08:23:17,17:16:51,8.892857142857142,Rheinland-Pfalz
2020-11-15,08:23:17,17:16:51,8.892857142857142,Saarland
2020-11-15,08:23:17,17:16:51,8.892857142857142,Sachsen
2020-11-15,08:23:17,17:16:51,8.892857142857142,Sachsen-Anhalt
2020-11-15,08:23:17,17:16:51,8.892857142857142,Schleswig-Holstein
2020-11-15,08:23:17,17:16:51,8.892857142857142,Thüringen
2020-11-22,08:35:43,17:07:09,8.523809523809524,Baden-Württemberg
2020-11-22,08:35:43,17:07:09,8.523809523809524,Bayern
2020-11-22,08:35:43,17:07:09,8.523809523809524,Berlin
2020-11-22,08:35:43,17:07:09,8.523809523809524,Brandenburg
2020-11-22,08:35:43,17:07:09,8.523809523809524,Bremen
2020-11-22,08:35:43,17:07:09,8.523809523809524,Hamburg
2020-11-22,08:35:43,17:07:09,8.523809523809524,Hessen
2020-11-22,08:35:43,17:07:09,8.523809523809524,Mecklenburg-Vorpommern
2020-11-22,08:35:43,17:07:09,8.523809523809524,Niedersachsen
2020-11-22,08:35:43,17:07:09,8.523809523809524,Nordrhein-Westfalen
2020-11-22,08:35:43,17:07:09,8.523809523809524,Rheinland-Pfalz
2020-11-22,08:35:43,17:07:09,8.523809523809524,Saarland
2020-11-22,08:35:43,17:07:09,8.523809523809524,Sachsen
2020-11-22,08:35:43,17:07:09,8.523809523809524,Sachsen-Anhalt
2020-11-22,08:35:43,17:07:09,8.523809523809524,Schleswig-Holstein
2020-11-22,08:35:43,17:07:09,8.523809523809524,Thüringen
2020-11-29,08:47:17,16:59:09,8.197619047619048,Baden-Württemberg
2020-11-29,08:47:17,16:59:09,8.197619047619048,Bayern
2020-11-29,08:47:17,16:59:09,8.197619047619048,Berlin
2020-11-29,08:47:17,16:59:09,8.197619047619048,Brandenburg
2020-11-29,08:47:17,16:59:09,8.197619047619048,Bremen
2020-11-29,08:47:17,16:59:09,8.197619047619048,Hamburg
2020-11-29,08:47:17,16:59:09,8.197619047619048,Hessen
2020-11-29,08:47:17,16:59:09,8.197619047619048,Mecklenburg-Vorpommern
2020-11-29,08:47:17,16:59:09,8.197619047619048,Niedersachsen
2020-11-29,08:47:17,16:59:09,8.197619047619048,Nordrhein-Westfalen
2020-11-29,08:47:17,16:59:09,8.197619047619048,Rheinland-Pfalz
2020-11-29,08:47:17,16:59:09,8.197619047619048,Saarland
2020-11-29,08:47:17,16:59:09,8.197619047619048,Sachsen
2020-11-29,08:47:17,16:59:09,8.197619047619048,Sachsen-Anhalt
2020-11-29,08:47:17,16:59:09,8.197619047619048,Schleswig-Holstein
2020-11-29,08:47:17,16:59:09,8.197619047619048,Thüringen
2020-12-06,08:57:17,16:54:17,7.95,Baden-Württemberg
2020-12-06,08:57:17,16:54:17,7.95,Bayern
2020-12-06,08:57:17,16:54:17,7.95,Berlin
2020-12-06,08:57:17,16:54:17,7.95,Brandenburg
2020-12-06,08:57:17,16:54:17,7.95,Bremen
2020-12-06,08:57:17,16:54:17,7.95,Hamburg
2020-12-06,08:57:17,16:54:17,7.95,Hessen
2020-12-06,08:57:17,16:54:17,7.95,Mecklenburg-Vorpommern
2020-12-06,08:57:17,16:54:17,7.95,Niedersachsen
2020-12-06,08:57:17,16:54:17,7.95,Nordrhein-Westfalen
2020-12-06,08:57:17,16:54:17,7.95,Rheinland-Pfalz
2020-12-06,08:57:17,16:54:17,7.95,Saarland
2020-12-06,08:57:17,16:54:17,7.95,Sachsen
2020-12-06,08:57:17,16:54:17,7.95,Sachsen-Anhalt
2020-12-06,08:57:17,16:54:17,7.95,Schleswig-Holstein
2020-12-06,08:57:17,16:54:17,7.95,Thüringen
2020-12-13,09:06:00,16:51:43,7.761904761904762,Baden-Württemberg
2020-12-13,09:06:00,16:51:43,7.761904761904762,Bayern
2020-12-13,09:06:00,16:51:43,7.761904761904762,Berlin
2020-12-13,09:06:00,16:51:43,7.761904761904762,Brandenburg
2020-12-13,09:06:00,16:51:43,7.761904761904762,Bremen
2020-12-13,09:06:00,16:51:43,7.761904761904762,Hamburg
2020-12-13,09:06:00,16:51:43,7.761904761904762,Hessen
2020-12-13,09:06:00,16:51:43,7.761904761904762,Mecklenburg-Vorpommern
2020-12-13,09:06:00,16:51:43,7.761904761904762,Niedersachsen
2020-12-13,09:06:00,16:51:43,7.761904761904762,Nordrhein-Westfalen
2020-12-13,09:06:00,16:51:43,7.761904761904762,Rheinland-Pfalz
2020-12-13,09:06:00,16:51:43,7.761904761904762,Saarland
2020-12-13,09:06:00,16:51:43,7.761904761904762,Sachsen
2020-12-13,09:06:00,16:51:43,7.761904761904762,Sachsen-Anhalt
2020-12-13,09:06:00,16:51:43,7.761904761904762,Schleswig-Holstein
2020-12-13,09:06:00,16:51:43,7.761904761904762,Thüringen
2020-12-20,09:12:17,16:52:09,7.664285714285715,Baden-Württemberg
2020-12-20,09:12:17,16:52:09,7.664285714285715,Bayern
2020-12-20,09:12:17,16:52:09,7.664285714285715,Berlin
2020-12-20,09:12:17,16:52:09,7.664285714285715,Brandenburg
2020-12-20,09:12:17,16:52:09,7.664285714285715,Bremen
2020-12-20,09:12:17,16:52:09,7.664285714285715,Hamburg
2020-12-20,09:12:17,16:52:09,7.664285714285715,Hessen
2020-12-20,09:12:17,16:52:09,7.664285714285715,Mecklenburg-Vorpommern
2020-12-20,09:12:17,16:52:09,7.664285714285715,Niedersachsen
2020-12-20,09:12:17,16:52:09,7.664285714285715,Nordrhein-Westfalen
2020-12-20,09:12:17,16:52:09,7.664285714285715,Rheinland-Pfalz
2020-12-20,09:12:17,16:52:09,7.664285714285715,Saarland
2020-12-20,09:12:17,16:52:09,7.664285714285715,Sachsen
2020-12-20,09:12:17,16:52:09,7.664285714285715,Sachsen-Anhalt
2020-12-20,09:12:17,16:52:09,7.664285714285715,Schleswig-Holstein
2020-12-20,09:12:17,16:52:09,7.664285714285715,Thüringen
2020-12-27,09:15:51,16:55:26,7.65952380952381,Baden-Württemberg
2020-12-27,09:15:51,16:55:26,7.65952380952381,Bayern
2020-12-27,09:15:51,16:55:26,7.65952380952381,Berlin
2020-12-27,09:15:51,16:55:26,7.65952380952381,Brandenburg
2020-12-27,09:15:51,16:55:26,7.65952380952381,Bremen
2020-12-27,09:15:51,16:55:26,7.65952380952381,Hamburg
2020-12-27,09:15:51,16:55:26,7.65952380952381,Hessen
2020-12-27,09:15:51,16:55:26,7.65952380952381,Mecklenburg-Vorpommern
2020-12-27,09:15:51,16:55:26,7.65952380952381,Niedersachsen
2020-12-27,09:15:51,16:55:26,7.65952380952381,Nordrhein-Westfalen
2020-12-27,09:15:51,16:55:26,7.65952380952381,Rheinland-Pfalz
2020-12-27,09:15:51,16:55:26,7.65952380952381,Saarland
2020-12-27,09:15:51,16:55:26,7.65952380952381,Sachsen
2020-12-27,09:15:51,16:55:26,7.65952380952381,Sachsen-Anhalt
2020-12-27,09:15:51,16:55:26,7.65952380952381,Schleswig-Holstein
2020-12-27,09:15:51,16:55:26,7.65952380952381,Thüringen
2020-12-31,09:17:00,16:59:30,7.708333333333334,Baden-Württemberg
2020-12-31,09:17:00,16:59:30,7.708333333333334,Bayern
2020-12-31,09:17:00,16:59:30,7.708333333333334,Berlin
2020-12-31,09:17:00,16:59:30,7.708333333333334,Brandenburg
2020-12-31,09:17:00,16:59:30,7.708333333333334,Bremen
2020-12-31,09:17:00,16:59:30,7.708333333333334,Hamburg
2020-12-31,09:17:00,16:59:30,7.708333333333334,Hessen
2020-12-31,09:17:00,16:59:30,7.708333333333334,Mecklenburg-Vorpommern
2020-12-31,09:17:00,16:59:30,7.708333333333334,Niedersachsen
2020-12-31,09:17:00,16:59:30,7.708333333333334,Nordrhein-Westfalen
2020-12-31,09:17:00,16:59:30,7.708333333333334,Rheinland-Pfalz
2020-12-31,09:17:00,16:59:30,7.708333333333334,Saarland
2020-12-31,09:17:00,16:59:30,7.708333333333334,Sachsen
2020-12-31,09:17:00,16:59:30,7.708333333333334,Sachsen-Anhalt
2020-12-31,09:17:00,16:59:30,7.708333333333334,Schleswig-Holstein
2020-12-31,09:17:00,16:59:30,7.708333333333334,Thüringen
2021-01-01,09:17:00,17:02:00,7.75,Baden-Württemberg
2021-01-01,09:17:00,17:02:00,7.75,Bayern
2021-01-01,09:17:00,17:02:00,7.75,Berlin
2021-01-01,09:17:00,17:02:00,7.75,Brandenburg
2021-01-01,09:17:00,17:02:00,7.75,Bremen
2021-01-01,09:17:00,17:02:00,7.75,Hamburg
2021-01-01,09:17:00,17:02:00,7.75,Hessen
2021-01-01,09:17:00,17:02:00,7.75,Mecklenburg-Vorpommern
2021-01-01,09:17:00,17:02:00,7.75,Niedersachsen
2021-01-01,09:17:00,17:02:00,7.75,Nordrhein-Westfalen
2021-01-01,09:17:00,17:02:00,7.75,Rheinland-Pfalz
2021-01-01,09:17:00,17:02:00,7.75,Saarland
2021-01-01,09:17:00,17:02:00,7.75,Sachsen
2021-01-01,09:17:00,17:02:00,7.75,Sachsen-Anhalt
2021-01-01,09:17:00,17:02:00,7.75,Schleswig-Holstein
2021-01-01,09:17:00,17:02:00,7.75,Thüringen
