,mean,sd,hdi_3%,hdi_97%,mcse_mean,mcse_sd,ess_bulk,ess_tail,r_hat
del_t,18.74,9.21,0.39,35.01,0.11,0.09,6589.65,3014.85,1.0
del_f,0.02,0.02,-0.01,0.05,0.0,0.0,2273.7,2359.35,1.0
delta_k,4.08,0.77,2.65,5.49,0.01,0.01,3166.6,2743.23,1.0
delta_h,3.5,0.69,2.29,4.82,0.01,0.01,3715.51,2837.56,1.0
z_ICU,0.15,0.03,0.1,0.21,0.0,0.0,2432.84,2515.69,1.0
mu_ICU,1.93,0.64,0.81,3.08,0.01,0.01,4248.11,2688.36,1.0
sigma_ICU,2.03,0.85,0.73,3.64,0.02,0.01,3374.85,2669.86,1.0
z_S,0.17,0.04,0.09,0.25,0.0,0.0,4903.03,2944.76,1.0
tau,1.68,2.25,0.06,5.01,0.04,0.03,6623.78,2630.68,1.0
sigma_model,0.23,0.03,0.17,0.29,0.0,0.0,3409.03,3018.15,1.0
k[0],0.68,0.13,0.44,0.91,0.0,0.0,3166.6,2743.23,1.0
k[1],0.68,0.13,0.44,0.91,0.0,0.0,3166.6,2743.23,1.0
k[2],0.68,0.13,0.44,0.91,0.0,0.0,3166.6,2743.23,1.0
k[3],0.68,0.13,0.44,0.91,0.0,0.0,3166.6,2743.23,1.0
k[4],0.66,0.12,0.43,0.89,0.0,0.0,3166.6,2743.23,1.0
k[5],0.66,0.12,0.43,0.89,0.0,0.0,3166.6,2743.23,1.0
k[6],0.66,0.12,0.43,0.89,0.0,0.0,3166.6,2743.23,1.0
k[7],0.66,0.12,0.43,0.89,0.0,0.0,3166.6,2743.23,1.0
k[8],0.66,0.12,0.43,0.89,0.0,0.0,3166.6,2743.23,1.0
k[9],0.52,0.1,0.34,0.7,0.0,0.0,3166.6,2743.23,1.0
k[10],0.52,0.1,0.34,0.7,0.0,0.0,3166.6,2743.23,1.0
k[11],0.52,0.1,0.34,0.7,0.0,0.0,3166.6,2743.23,1.0
k[12],0.52,0.1,0.34,0.7,0.0,0.0,3166.6,2743.23,1.0
k[13],0.39,0.07,0.25,0.53,0.0,0.0,3166.6,2743.23,1.0
k[14],0.39,0.07,0.25,0.53,0.0,0.0,3166.6,2743.23,1.0
k[15],0.39,0.07,0.25,0.53,0.0,0.0,3166.6,2743.23,1.0
k[16],0.39,0.07,0.25,0.53,0.0,0.0,3166.6,2743.23,1.0
k[17],0.3,0.06,0.2,0.41,0.0,0.0,3166.6,2743.23,1.0
k[18],0.3,0.06,0.2,0.41,0.0,0.0,3166.6,2743.23,1.0
k[19],0.3,0.06,0.2,0.41,0.0,0.0,3166.6,2743.23,1.0
k[20],0.3,0.06,0.2,0.41,0.0,0.0,3166.6,2743.23,1.0
k[21],0.3,0.06,0.2,0.41,0.0,0.0,3166.6,2743.23,1.0
k[22],0.26,0.05,0.17,0.35,0.0,0.0,3166.6,2743.23,1.0
k[23],0.26,0.05,0.17,0.35,0.0,0.0,3166.6,2743.23,1.0
k[24],0.26,0.05,0.17,0.35,0.0,0.0,3166.6,2743.23,1.0
k[25],0.26,0.05,0.17,0.35,0.0,0.0,3166.6,2743.23,1.0
k[26],0.23,0.04,0.15,0.31,0.0,0.0,3166.6,2743.23,1.0
k[27],0.23,0.04,0.15,0.31,0.0,0.0,3166.6,2743.23,1.0
k[28],0.23,0.04,0.15,0.31,0.0,0.0,3166.6,2743.23,1.0
k[29],0.23,0.04,0.15,0.31,0.0,0.0,3166.6,2743.23,1.0
k[30],0.27,0.05,0.17,0.36,0.0,0.0,3166.6,2743.23,1.0
k[31],0.27,0.05,0.17,0.36,0.0,0.0,3166.6,2743.23,1.0
k[32],0.27,0.05,0.17,0.36,0.0,0.0,3166.6,2743.23,1.0
k[33],0.27,0.05,0.17,0.36,0.0,0.0,3166.6,2743.23,1.0
k[34],0.27,0.05,0.17,0.36,0.0,0.0,3166.6,2743.23,1.0
k[35],0.31,0.06,0.2,0.41,0.0,0.0,3166.6,2743.23,1.0
k[36],0.31,0.06,0.2,0.41,0.0,0.0,3166.6,2743.23,1.0
h[0],0.32,0.06,0.21,0.44,0.0,0.0,3715.51,2837.56,1.0
h[1],0.32,0.06,0.21,0.44,0.0,0.0,3715.51,2837.56,1.0
h[2],0.32,0.06,0.21,0.44,0.0,0.0,3715.51,2837.56,1.0
h[3],0.32,0.06,0.21,0.44,0.0,0.0,3715.51,2837.56,1.0
h[4],0.25,0.05,0.17,0.35,0.0,0.0,3715.51,2837.56,1.0
h[5],0.25,0.05,0.17,0.35,0.0,0.0,3715.51,2837.56,1.0
h[6],0.25,0.05,0.17,0.35,0.0,0.0,3715.51,2837.56,1.0
h[7],0.25,0.05,0.17,0.35,0.0,0.0,3715.51,2837.56,1.0
h[8],0.25,0.05,0.17,0.35,0.0,0.0,3715.51,2837.56,1.0
h[9],0.01,0.0,0.01,0.01,0.0,0.0,3715.51,2837.56,1.0
h[10],0.01,0.0,0.01,0.01,0.0,0.0,3715.51,2837.56,1.0
h[11],0.01,0.0,0.01,0.01,0.0,0.0,3715.51,2837.56,1.0
h[12],0.01,0.0,0.01,0.01,0.0,0.0,3715.51,2837.56,1.0
h[13],-0.16,0.03,-0.22,-0.11,0.0,0.0,3715.51,2837.56,1.0
h[14],-0.16,0.03,-0.22,-0.11,0.0,0.0,3715.51,2837.56,1.0
h[15],-0.16,0.03,-0.22,-0.11,0.0,0.0,3715.51,2837.56,1.0
h[16],-0.16,0.03,-0.22,-0.11,0.0,0.0,3715.51,2837.56,1.0
h[17],-0.05,0.01,-0.07,-0.03,0.0,0.0,3715.51,2837.56,1.0
h[18],-0.05,0.01,-0.07,-0.03,0.0,0.0,3715.51,2837.56,1.0
h[19],-0.05,0.01,-0.07,-0.03,0.0,0.0,3715.51,2837.56,1.0
h[20],-0.05,0.01,-0.07,-0.03,0.0,0.0,3715.51,2837.56,1.0
h[21],-0.05,0.01,-0.07,-0.03,0.0,0.0,3715.51,2837.56,1.0
h[22],-0.2,0.04,-0.27,-0.13,0.0,0.0,3715.51,2837.56,1.0
h[23],-0.2,0.04,-0.27,-0.13,0.0,0.0,3715.51,2837.56,1.0
h[24],-0.2,0.04,-0.27,-0.13,0.0,0.0,3715.51,2837.56,1.0
h[25],-0.2,0.04,-0.27,-0.13,0.0,0.0,3715.51,2837.56,1.0
h[26],-0.24,0.05,-0.33,-0.16,0.0,0.0,3715.51,2837.56,1.0
h[27],-0.24,0.05,-0.33,-0.16,0.0,0.0,3715.51,2837.56,1.0
h[28],-0.24,0.05,-0.33,-0.16,0.0,0.0,3715.51,2837.56,1.0
h[29],-0.24,0.05,-0.33,-0.16,0.0,0.0,3715.51,2837.56,1.0
h[30],-0.11,0.02,-0.14,-0.07,0.0,0.0,3715.51,2837.56,1.0
h[31],-0.11,0.02,-0.14,-0.07,0.0,0.0,3715.51,2837.56,1.0
h[32],-0.11,0.02,-0.14,-0.07,0.0,0.0,3715.51,2837.56,1.0
h[33],-0.11,0.02,-0.14,-0.07,0.0,0.0,3715.51,2837.56,1.0
h[34],-0.11,0.02,-0.14,-0.07,0.0,0.0,3715.51,2837.56,1.0
h[35],-0.04,0.01,-0.05,-0.02,0.0,0.0,3715.51,2837.56,1.0
h[36],-0.04,0.01,-0.05,-0.02,0.0,0.0,3715.51,2837.56,1.0
o_*[0],6.47,0.12,6.26,6.69,0.0,0.0,3901.36,2691.6,1.0
o_*[1],6.04,0.12,5.83,6.26,0.0,0.0,3901.36,2691.6,1.0
o_*[2],6.08,0.12,5.87,6.3,0.0,0.0,3901.36,2691.6,1.0
o_*[3],6.71,0.12,6.5,6.93,0.0,0.0,3901.36,2691.6,1.0
o_*[4],6.82,0.11,6.61,7.02,0.0,0.0,3732.08,2623.35,1.0
o_*[5],7.12,0.11,6.91,7.32,0.0,0.0,3732.08,2623.35,1.0
o_*[6],7.04,0.11,6.83,7.24,0.0,0.0,3732.08,2623.35,1.0
o_*[7],6.63,0.11,6.42,6.83,0.0,0.0,3732.08,2623.35,1.0
o_*[8],7.14,0.11,6.93,7.34,0.0,0.0,3732.08,2623.35,1.0
o_*[9],7.14,0.1,6.96,7.32,0.0,0.0,3184.14,2685.54,1.0
o_*[10],7.3,0.1,7.12,7.48,0.0,0.0,3184.14,2685.54,1.0
o_*[11],7.57,0.1,7.39,7.75,0.0,0.0,3184.14,2685.54,1.0
o_*[12],7.5,0.1,7.32,7.68,0.0,0.0,3184.14,2685.54,1.0
o_*[13],7.73,0.09,7.56,7.9,0.0,0.0,3092.54,2505.16,1.0
o_*[14],7.71,0.09,7.54,7.88,0.0,0.0,3092.54,2505.16,1.0
o_*[15],7.66,0.09,7.49,7.83,0.0,0.0,3092.54,2505.16,1.0
o_*[16],7.56,0.09,7.39,7.73,0.0,0.0,3092.54,2505.16,1.0
o_*[17],7.62,0.06,7.51,7.74,0.0,0.0,3092.57,2656.37,1.0
o_*[18],7.68,0.06,7.57,7.8,0.0,0.0,3092.57,2656.37,1.0
o_*[19],7.4,0.06,7.29,7.52,0.0,0.0,3092.57,2656.37,1.0
o_*[20],7.79,0.06,7.68,7.91,0.0,0.0,3092.57,2656.37,1.0
o_*[21],7.96,0.06,7.85,8.08,0.0,0.0,3092.57,2656.37,1.0
o_*[22],7.87,0.07,7.73,8.02,0.0,0.0,3129.05,2543.63,1.0
o_*[23],7.98,0.07,7.84,8.13,0.0,0.0,3129.05,2543.63,1.0
o_*[24],8.0,0.07,7.86,8.15,0.0,0.0,3129.05,2543.63,1.0
o_*[25],8.11,0.07,7.97,8.26,0.0,0.0,3129.05,2543.63,1.0
o_*[26],7.91,0.08,7.76,8.05,0.0,0.0,3174.21,2477.88,1.0
o_*[27],7.85,0.08,7.7,7.99,0.0,0.0,3174.21,2477.88,1.0
o_*[28],7.62,0.08,7.47,7.76,0.0,0.0,3174.21,2477.88,1.0
o_*[29],7.77,0.08,7.62,7.91,0.0,0.0,3174.21,2477.88,1.0
o_*[30],7.25,0.06,7.13,7.36,0.0,0.0,3086.07,2425.02,1.0
o_*[31],7.38,0.06,7.26,7.49,0.0,0.0,3086.07,2425.02,1.0
o_*[32],7.47,0.06,7.35,7.58,0.0,0.0,3086.07,2425.02,1.0
o_*[33],7.37,0.06,7.25,7.48,0.0,0.0,3086.07,2425.02,1.0
o_*[34],7.32,0.06,7.2,7.43,0.0,0.0,3086.07,2425.02,1.0
o_*[35],7.18,0.06,7.06,7.29,0.0,0.0,3104.35,2736.26,1.0
o_*[36],7.11,0.06,6.99,7.22,0.0,0.0,3104.35,2736.26,1.0
risk_ICU[0],0.37,0.01,0.35,0.38,0.0,0.0,3857.09,2981.51,1.0
risk_ICU[1],0.5,0.03,0.43,0.55,0.0,0.0,3909.62,3004.35,1.0
risk_ICU[2],0.62,0.04,0.54,0.68,0.0,0.0,3760.74,2594.87,1.0
risk_ICU[3],0.69,0.03,0.63,0.74,0.0,0.0,3497.67,2609.87,1.0
risk_ICU[4],0.72,0.02,0.69,0.76,0.0,0.0,3302.42,2830.23,1.0
risk_ICU[5],0.7,0.01,0.68,0.73,0.0,0.0,3061.89,2960.72,1.0
risk_ICU[6],0.66,0.02,0.64,0.7,0.0,0.0,3107.24,2933.01,1.0
risk_ICU[7],0.6,0.02,0.56,0.65,0.0,0.0,3673.18,2557.31,1.0
risk_ICU[8],0.54,0.02,0.49,0.59,0.0,0.0,3476.68,2743.05,1.0
risk_ICU[9],0.49,0.03,0.43,0.53,0.0,0.0,3321.63,2650.62,1.0
risk_ICU[10],0.44,0.02,0.4,0.48,0.0,0.0,3225.73,2606.19,1.0
risk_ICU[11],0.41,0.02,0.37,0.44,0.0,0.0,3146.39,2603.92,1.0
risk_ICU[12],0.38,0.02,0.34,0.42,0.0,0.0,3124.57,2549.3,1.0
risk_ICU[13],0.36,0.02,0.33,0.39,0.0,0.0,3137.41,2659.2,1.0
risk_ICU[14],0.35,0.02,0.32,0.38,0.0,0.0,3142.26,2623.46,1.0
risk_ICU[15],0.34,0.01,0.32,0.36,0.0,0.0,3116.31,2623.46,1.0
risk_ICU[16],0.33,0.01,0.31,0.35,0.0,0.0,3095.48,2658.93,1.0
risk_ICU[17],0.32,0.01,0.31,0.34,0.0,0.0,3115.08,2677.91,1.0
risk_ICU[18],0.32,0.01,0.31,0.34,0.0,0.0,3201.73,2871.19,1.0
risk_ICU[19],0.31,0.01,0.31,0.33,0.0,0.0,3094.03,2641.57,1.0
risk_ICU[20],0.31,0.01,0.31,0.33,0.0,0.0,3000.9,2576.69,1.0
risk_ICU[21],0.31,0.01,0.31,0.32,0.0,0.0,3069.03,2820.31,1.0
risk_ICU[22],0.31,0.01,0.31,0.32,0.0,0.0,3288.56,2768.96,1.0
risk_ICU[23],0.31,0.0,0.31,0.32,0.0,0.0,3003.81,2626.38,1.0
risk_ICU[24],0.31,0.0,0.31,0.31,0.0,0.0,3025.67,2763.57,1.0
risk_ICU[25],0.31,0.0,0.31,0.31,0.0,0.0,3157.59,2751.2,1.0
risk_ICU[26],0.31,0.0,0.31,0.32,0.0,0.0,3083.83,2672.17,1.0
risk_ICU[27],0.32,0.0,0.31,0.32,0.0,0.0,3176.69,2789.0,1.0
risk_ICU[28],0.33,0.0,0.32,0.34,0.0,0.0,3279.54,2627.43,1.0
risk_ICU[29],0.35,0.01,0.34,0.37,0.0,0.0,3345.07,2677.88,1.0
risk_ICU[30],0.39,0.01,0.37,0.42,0.0,0.0,3332.66,2796.39,1.0
risk_ICU[31],0.47,0.03,0.42,0.52,0.0,0.0,3289.6,2696.88,1.0
risk_ICU[32],0.57,0.04,0.5,0.65,0.0,0.0,3237.35,2646.66,1.0
risk_ICU[33],0.67,0.05,0.59,0.76,0.0,0.0,3170.88,2669.77,1.0
risk_ICU[34],0.74,0.05,0.66,0.83,0.0,0.0,3140.29,2646.06,1.0
risk_ICU[35],0.79,0.04,0.71,0.87,0.0,0.0,3144.92,2677.69,1.0
risk_ICU[36],0.83,0.04,0.76,0.89,0.0,0.0,3151.6,2696.75,1.0
d_ICU[0],0.94,0.01,0.93,0.96,0.0,0.0,2622.18,2399.6,1.0
d_ICU[1],0.93,0.01,0.9,0.95,0.0,0.0,2923.64,2620.77,1.0
d_ICU[2],0.91,0.02,0.88,0.94,0.0,0.0,2850.06,2435.97,1.0
d_ICU[3],0.9,0.02,0.87,0.93,0.0,0.0,2682.27,2463.09,1.0
d_ICU[4],0.9,0.02,0.86,0.93,0.0,0.0,2594.29,2551.58,1.0
d_ICU[5],0.9,0.02,0.87,0.93,0.0,0.0,2493.23,2225.19,1.0
d_ICU[6],0.9,0.02,0.87,0.93,0.0,0.0,2375.7,2356.46,1.0
d_ICU[7],0.91,0.02,0.88,0.94,0.0,0.0,2391.22,2343.87,1.0
d_ICU[8],0.92,0.01,0.89,0.95,0.0,0.0,2423.6,2541.5,1.0
d_ICU[9],0.93,0.01,0.9,0.95,0.0,0.0,2405.13,2412.27,1.0
d_ICU[10],0.93,0.01,0.91,0.96,0.0,0.0,2401.34,2465.69,1.0
d_ICU[11],0.94,0.01,0.92,0.96,0.0,0.0,2395.38,2420.29,1.0
d_ICU[12],0.94,0.01,0.92,0.96,0.0,0.0,2394.37,2409.03,1.0
d_ICU[13],0.95,0.01,0.93,0.96,0.0,0.0,2398.31,2402.59,1.0
d_ICU[14],0.95,0.01,0.93,0.97,0.0,0.0,2404.55,2407.43,1.0
d_ICU[15],0.95,0.01,0.93,0.97,0.0,0.0,2405.35,2407.43,1.0
d_ICU[16],0.95,0.01,0.93,0.97,0.0,0.0,2437.66,2438.31,1.0
d_ICU[17],0.95,0.01,0.93,0.97,0.0,0.0,2424.67,2412.69,1.0
d_ICU[18],0.95,0.01,0.94,0.97,0.0,0.0,2413.43,2477.48,1.0
d_ICU[19],0.95,0.01,0.94,0.97,0.0,0.0,2393.39,2527.02,1.0
d_ICU[20],0.95,0.01,0.94,0.97,0.0,0.0,2392.36,2517.4,1.0
d_ICU[21],0.95,0.01,0.94,0.97,0.0,0.0,2389.53,2560.52,1.0
d_ICU[22],0.95,0.01,0.94,0.97,0.0,0.0,2388.81,2601.37,1.0
d_ICU[23],0.95,0.01,0.94,0.97,0.0,0.0,2377.11,2619.55,1.0
d_ICU[24],0.95,0.01,0.94,0.97,0.0,0.0,2374.23,2493.32,1.0
d_ICU[25],0.95,0.01,0.94,0.97,0.0,0.0,2383.56,2527.68,1.0
d_ICU[26],0.95,0.01,0.94,0.97,0.0,0.0,2412.96,2515.09,1.0
d_ICU[27],0.95,0.01,0.94,0.97,0.0,0.0,2455.43,2550.05,1.0
d_ICU[28],0.95,0.01,0.93,0.97,0.0,0.0,2516.49,2657.69,1.0
d_ICU[29],0.95,0.01,0.93,0.96,0.0,0.0,2596.25,2502.37,1.0
d_ICU[30],0.94,0.01,0.92,0.96,0.0,0.0,2711.46,2496.29,1.0
d_ICU[31],0.93,0.01,0.91,0.95,0.0,0.0,2905.34,2672.89,1.0
d_ICU[32],0.92,0.01,0.89,0.94,0.0,0.0,3097.8,2685.73,1.0
d_ICU[33],0.9,0.02,0.87,0.93,0.0,0.0,3062.4,2808.69,1.0
d_ICU[34],0.89,0.02,0.86,0.93,0.0,0.0,2976.51,2961.91,1.0
d_ICU[35],0.89,0.02,0.85,0.92,0.0,0.0,2905.3,2993.84,1.0
d_ICU[36],0.88,0.02,0.84,0.91,0.0,0.0,2827.72,2454.05,1.0
s[0],0.95,0.01,0.92,0.97,0.0,0.0,4903.03,2944.76,1.0
s[1],0.95,0.01,0.92,0.97,0.0,0.0,4903.03,2944.76,1.0
s[2],0.95,0.01,0.92,0.97,0.0,0.0,4903.03,2944.76,1.0
s[3],0.96,0.01,0.95,0.98,0.0,0.0,4903.03,2944.76,1.0
s[4],0.96,0.01,0.95,0.98,0.0,0.0,4903.03,2944.76,1.0
s[5],0.99,0.0,0.99,1.0,0.0,0.0,4903.03,2944.76,1.0
s[6],1.0,0.0,1.0,1.0,0.0,0.0,4000.0,4000.0,
s[7],1.0,0.0,1.0,1.0,0.0,0.0,4000.0,4000.0,
s[8],1.0,0.0,1.0,1.0,0.0,0.0,4000.0,4000.0,
s[9],1.0,0.0,1.0,1.0,0.0,0.0,4000.0,4000.0,
s[10],1.0,0.0,1.0,1.0,0.0,0.0,4000.0,4000.0,
s[11],1.0,0.0,1.0,1.0,0.0,0.0,4000.0,4000.0,
s[12],1.0,0.0,1.0,1.0,0.0,0.0,4000.0,4000.0,
s[13],1.0,0.0,1.0,1.0,0.0,0.0,4000.0,4000.0,
s[14],1.0,0.0,1.0,1.0,0.0,0.0,4000.0,4000.0,
s[15],1.0,0.0,1.0,1.0,0.0,0.0,4000.0,4000.0,
s[16],1.0,0.0,1.0,1.0,0.0,0.0,4000.0,4000.0,
s[17],1.0,0.0,1.0,1.0,0.0,0.0,4000.0,4000.0,
s[18],1.0,0.0,1.0,1.0,0.0,0.0,4000.0,4000.0,
s[19],1.0,0.0,1.0,1.0,0.0,0.0,4000.0,4000.0,
s[20],1.0,0.0,1.0,1.0,0.0,0.0,4000.0,4000.0,
s[21],1.0,0.0,1.0,1.0,0.0,0.0,4000.0,4000.0,
s[22],1.0,0.0,1.0,1.0,0.0,0.0,4000.0,4000.0,
s[23],1.0,0.0,1.0,1.0,0.0,0.0,4000.0,4000.0,
s[24],1.0,0.0,1.0,1.0,0.0,0.0,4000.0,4000.0,
s[25],1.0,0.0,1.0,1.0,0.0,0.0,4000.0,4000.0,
s[26],1.0,0.0,1.0,1.0,0.0,0.0,4000.0,4000.0,
s[27],1.0,0.0,1.0,1.0,0.0,0.0,4000.0,4000.0,
s[28],1.0,0.0,1.0,1.0,0.0,0.0,4000.0,4000.0,
s[29],1.0,0.0,1.0,1.0,0.0,0.0,4000.0,4000.0,
s[30],1.0,0.0,1.0,1.0,0.0,0.0,4000.0,4000.0,
s[31],1.0,0.0,1.0,1.0,0.0,0.0,4000.0,4000.0,
s[32],1.0,0.0,1.0,1.0,0.0,0.0,4000.0,4000.0,
s[33],1.0,0.0,1.0,1.0,0.0,0.0,4000.0,4000.0,
s[34],1.0,0.0,1.0,1.0,0.0,0.0,4000.0,4000.0,
s[35],1.0,0.0,1.0,1.0,0.0,0.0,4000.0,4000.0,
s[36],0.94,0.01,0.92,0.97,0.0,0.0,4903.03,2944.76,1.0
f[0],1.02,0.02,0.99,1.05,0.0,0.0,2222.9,2375.57,1.0
f[1],1.02,0.02,0.99,1.05,0.0,0.0,2225.97,2361.77,1.0
f[2],1.02,0.02,0.99,1.05,0.0,0.0,2238.06,2361.77,1.0
f[3],1.02,0.02,0.99,1.05,0.0,0.0,2249.13,2361.77,1.0
f[4],1.02,0.02,0.99,1.05,0.0,0.0,2261.78,2362.14,1.0
f[5],1.02,0.02,0.99,1.05,0.0,0.0,2271.03,2362.14,1.0
f[6],1.02,0.02,0.99,1.05,0.0,0.0,2274.47,2362.14,1.0
f[7],1.02,0.02,0.99,1.05,0.0,0.0,2277.44,2358.85,1.0
f[8],1.02,0.02,0.99,1.05,0.0,0.0,2279.16,2358.85,1.0
f[9],1.02,0.02,0.99,1.05,0.0,0.0,2280.64,2344.56,1.0
f[10],1.02,0.02,0.99,1.05,0.0,0.0,2281.61,2359.35,1.0
f[11],1.02,0.02,0.99,1.05,0.0,0.0,2281.88,2359.35,1.0
f[12],1.02,0.02,0.99,1.05,0.0,0.0,2282.1,2359.35,1.0
f[13],1.02,0.02,0.99,1.05,0.0,0.0,2281.5,2359.35,1.0
f[14],1.02,0.02,0.99,1.05,0.0,0.0,2281.45,2359.35,1.0
f[15],1.02,0.02,0.99,1.05,0.0,0.0,2281.41,2359.35,1.0
f[16],1.02,0.02,0.99,1.05,0.0,0.0,2281.34,2359.35,1.0
f[17],1.02,0.02,0.99,1.05,0.0,0.0,2281.0,2359.35,1.0
f[18],1.02,0.02,0.99,1.05,0.0,0.0,2280.95,2359.35,1.0
f[19],1.02,0.02,0.99,1.05,0.0,0.0,2280.62,2359.35,1.0
f[20],1.02,0.02,0.99,1.05,0.0,0.0,2280.2,2359.35,1.0
f[21],1.02,0.02,0.99,1.05,0.0,0.0,2279.91,2359.35,1.0
f[22],1.02,0.02,0.99,1.05,0.0,0.0,2279.72,2359.35,1.0
f[23],1.02,0.02,0.99,1.05,0.0,0.0,2279.82,2359.35,1.0
f[24],1.02,0.02,0.99,1.05,0.0,0.0,2279.73,2359.35,1.0
f[25],1.02,0.02,0.99,1.05,0.0,0.0,2279.7,2359.35,1.0
f[26],1.02,0.02,0.99,1.05,0.0,0.0,2279.56,2359.35,1.0
f[27],1.02,0.02,0.99,1.05,0.0,0.0,2279.59,2359.35,1.0
f[28],1.02,0.02,0.99,1.05,0.0,0.0,2279.38,2359.35,1.0
f[29],1.02,0.02,0.99,1.05,0.0,0.0,2279.43,2359.35,1.0
f[30],1.02,0.02,0.99,1.05,0.0,0.0,2279.37,2359.35,1.0
f[31],1.02,0.02,0.99,1.05,0.0,0.0,2279.47,2359.35,1.0
f[32],1.02,0.02,0.99,1.05,0.0,0.0,2279.26,2359.35,1.0
f[33],1.02,0.02,0.99,1.05,0.0,0.0,2279.01,2359.35,1.0
f[34],1.02,0.02,0.99,1.05,0.0,0.0,2278.95,2359.35,1.0
f[35],1.02,0.02,0.99,1.05,0.0,0.0,2278.73,2359.35,1.0
f[36],1.02,0.02,0.99,1.05,0.0,0.0,2278.56,2359.35,1.0
m[0],5.91,0.09,5.73,6.07,0.0,0.0,5198.84,3325.83,1.0
m[1],5.41,0.09,5.24,5.57,0.0,0.0,4853.58,3361.22,1.0
m[2],5.35,0.09,5.19,5.51,0.0,0.0,4587.69,3475.72,1.0
m[3],5.94,0.08,5.77,6.08,0.0,0.0,4410.12,3425.36,1.0
m[4],6.0,0.08,5.85,6.15,0.0,0.0,4168.94,3393.29,1.0
m[5],6.49,0.08,6.35,6.62,0.0,0.0,4219.61,2940.64,1.0
m[6],6.49,0.08,6.35,6.63,0.0,0.0,4260.7,2943.5,1.0
m[7],6.17,0.07,6.02,6.3,0.0,0.0,4264.02,3245.82,1.0
m[8],6.7,0.07,6.56,6.84,0.0,0.0,4466.71,3152.11,1.0
m[9],6.76,0.05,6.66,6.86,0.0,0.0,3594.66,3188.92,1.0
m[10],6.96,0.05,6.86,7.06,0.0,0.0,3763.71,3375.99,1.0
m[11],7.26,0.05,7.16,7.36,0.0,0.0,3889.69,3420.3,1.0
m[12],7.22,0.05,7.13,7.32,0.0,0.0,3877.34,3269.6,1.0
m[13],7.46,0.05,7.36,7.56,0.0,0.0,3773.9,3462.29,1.0
m[14],7.46,0.05,7.37,7.56,0.0,0.0,3793.88,3254.96,1.0
m[15],7.42,0.05,7.33,7.52,0.0,0.0,3841.83,3334.79,1.0
m[16],7.34,0.05,7.24,7.43,0.0,0.0,3861.57,3394.7,1.0
m[17],7.4,0.05,7.31,7.49,0.0,0.0,3181.09,3203.68,1.0
m[18],7.47,0.05,7.37,7.56,0.0,0.0,3105.99,3237.91,1.0
m[19],7.2,0.05,7.11,7.28,0.0,0.0,3086.92,3132.05,1.0
m[20],7.58,0.05,7.48,7.67,0.0,0.0,3008.52,3099.9,1.0
m[21],7.75,0.05,7.65,7.85,0.0,0.0,2958.39,3049.89,1.0
m[22],7.66,0.05,7.55,7.76,0.0,0.0,3626.82,3042.51,1.0
m[23],7.77,0.06,7.66,7.87,0.0,0.0,3577.3,3042.55,1.0
m[24],7.79,0.06,7.68,7.89,0.0,0.0,3553.15,3042.49,1.0
m[25],7.9,0.06,7.79,8.0,0.0,0.0,3514.57,3067.48,1.0
m[26],7.7,0.06,7.59,7.8,0.0,0.0,3776.91,3142.83,1.0
m[27],7.63,0.06,7.52,7.73,0.0,0.0,3805.88,3142.58,1.0
m[28],7.39,0.06,7.28,7.49,0.0,0.0,3898.26,3186.16,1.0
m[29],7.52,0.06,7.41,7.62,0.0,0.0,3920.15,3021.63,1.0
m[30],6.96,0.04,6.88,7.05,0.0,0.0,3281.76,2982.91,1.0
m[31],7.01,0.05,6.92,7.1,0.0,0.0,3751.51,3031.02,1.0
m[32],6.98,0.06,6.86,7.09,0.0,0.0,4391.56,3454.32,1.0
m[33],6.79,0.07,6.65,6.91,0.0,0.0,4680.0,3333.3,1.0
m[34],6.67,0.07,6.53,6.81,0.0,0.0,4620.35,3422.12,1.0
m[35],6.49,0.08,6.35,6.63,0.0,0.0,4491.39,3479.68,1.0
m[36],6.03,0.11,5.83,6.24,0.0,0.0,4019.62,3416.39,1.0
