date;BundeslandID;outOfHomeDuration;percentageChangeComparedToBeforeCorona
20200306;Baden-Württemberg;7.99;0
20200306;Hessen;8.07;0
20200306;Berlin;7.8;0
20200306;Brandenburg;7.41;0
20200306;Sachsen;7.640000000000001;0
20200306;Bayern;8.02;0
20200306;Nordrhein-Westfalen;7.5600000000000005;0
20200306;Hamburg;7.53;0
20200306;Mecklenburg-Vorpommern;7.88;0
20200306;Niedersachsen;7.930000000000001;0
20200306;Deutschland;7.84;0
20200306;Bremen;8.040000000000001;0
20200306;Thüringen;7.890000000000001;0
20200306;Saarland;7.71;0
20200306;Sachsen-Anhalt;7.75;0
20200306;Rheinland-Pfalz;8.3;0
20200306;Schleswig-Holstein;7.59;0
20200313;Baden-Württemberg;7.9;-1
20200313;Hessen;7.94;-2
20200313;Berlin;7.5;-4
20200313;Brandenburg;7.29;-2
20200313;Sachsen;7.5;-2
20200313;Bayern;7.9;-1
20200313;Nordrhein-Westfalen;7.41;-2
20200313;Hamburg;7.2700000000000005;-3
20200313;Mecklenburg-Vorpommern;7.890000000000001;0
20200313;Niedersachsen;7.83;-1
20200313;Deutschland;7.71;-2
20200313;Bremen;7.87;-2
20200313;Thüringen;7.75;-2
20200313;Saarland;7.51;-3
20200313;Sachsen-Anhalt;7.640000000000001;-2
20200313;Rheinland-Pfalz;8.17;-1
20200313;Schleswig-Holstein;7.51;-1
20200320;Baden-Württemberg;6.76;-15
20200320;Hessen;6.8;-16
20200320;Berlin;5.74;-26
20200320;Brandenburg;6.46;-13
20200320;Sachsen;6.55;-14
20200320;Bayern;6.67;-17
20200320;Nordrhein-Westfalen;6.33;-16
20200320;Hamburg;5.64;-25
20200320;Mecklenburg-Vorpommern;7.0;-11
20200320;Niedersachsen;6.63;-16
20200320;Deutschland;6.57;-16
20200320;Bremen;6.41;-20
20200320;Thüringen;7.05;-11
20200320;Saarland;6.7;-13
20200320;Sachsen-Anhalt;6.86;-12
20200320;Rheinland-Pfalz;7.15;-14
20200320;Schleswig-Holstein;6.26;-18
20200327;Baden-Württemberg;5.86;-27
20200327;Hessen;5.98;-26
20200327;Berlin;4.76;-39
20200327;Brandenburg;5.78;-22
20200327;Sachsen;5.68;-26
20200327;Bayern;5.73;-29
20200327;Nordrhein-Westfalen;5.6000000000000005;-26
20200327;Hamburg;4.87;-35
20200327;Mecklenburg-Vorpommern;6.49;-18
20200327;Niedersachsen;5.9;-26
20200327;Deutschland;5.7700000000000005;-26
20200327;Bremen;5.58;-31
20200327;Thüringen;6.29;-20
20200327;Saarland;5.8;-25
20200327;Sachsen-Anhalt;6.23;-20
20200327;Rheinland-Pfalz;6.36;-23
20200327;Schleswig-Holstein;5.68;-25
20200403;Baden-Württemberg;6.15;-23
20200403;Hessen;6.2;-23
20200403;Berlin;4.91;-37
20200403;Brandenburg;5.95;-20
20200403;Sachsen;5.78;-24
20200403;Bayern;5.98;-25
20200403;Nordrhein-Westfalen;5.73;-24
20200403;Hamburg;5.09;-32
20200403;Mecklenburg-Vorpommern;6.62;-16
20200403;Niedersachsen;6.05;-24
20200403;Deutschland;5.96;-24
20200403;Bremen;5.62;-30
20200403;Thüringen;6.53;-17
20200403;Saarland;5.98;-22
20200403;Sachsen-Anhalt;6.4;-17
20200403;Rheinland-Pfalz;6.61;-20
20200403;Schleswig-Holstein;5.88;-23
20200410;Baden-Württemberg;6.49;0
20200410;Hessen;6.47;0
20200410;Berlin;5.32;0
20200410;Brandenburg;6.16;0
20200410;Sachsen;6.21;0
20200410;Bayern;6.36;0
20200410;Nordrhein-Westfalen;6.03;0
20200410;Hamburg;5.44;0
20200410;Mecklenburg-Vorpommern;6.91;0
20200410;Niedersachsen;6.36;0
20200410;Deutschland;5.94;-24
20200410;Bremen;6.13;0
20200410;Thüringen;6.78;0
20200410;Saarland;6.15;0
20200410;Sachsen-Anhalt;6.66;0
20200410;Rheinland-Pfalz;6.87;0
20200410;Schleswig-Holstein;6.2;0
20200417;Baden-Württemberg;6.33;-21
20200417;Hessen;6.3;-22
20200417;Berlin;5.29;-32
20200417;Brandenburg;6.09;-18
20200417;Sachsen;6.11;-20
20200417;Bayern;6.15;-23
20200417;Nordrhein-Westfalen;5.79;-23
20200417;Hamburg;5.38;-29
20200417;Mecklenburg-Vorpommern;6.86;-13
20200417;Niedersachsen;6.33;-20
20200417;Deutschland;5.75;-27
20200417;Bremen;6.01;-25
20200417;Thüringen;6.73;-15
20200417;Saarland;6.03;-22
20200417;Sachsen-Anhalt;6.69;-14
20200417;Rheinland-Pfalz;6.76;-19
20200417;Schleswig-Holstein;6.04;-20
20200424;Baden-Württemberg;6.63;-17
20200424;Hessen;6.62;-18
20200424;Berlin;5.67;-27
20200424;Brandenburg;6.51;-12
20200424;Sachsen;6.59;-14
20200424;Bayern;6.48;-19
20200424;Nordrhein-Westfalen;6.15;-19
20200424;Hamburg;5.67;-25
20200424;Mecklenburg-Vorpommern;7.21;-9
20200424;Niedersachsen;6.6000000000000005;-17
20200424;Deutschland;6.48;-17
20200424;Bremen;6.29;-22
20200424;Thüringen;7.1000000000000005;-10
20200424;Saarland;6.37;-17
20200424;Sachsen-Anhalt;7.0;-10
20200424;Rheinland-Pfalz;7.1000000000000005;-14
20200424;Schleswig-Holstein;6.390000000000001;-16
20200501;Baden-Württemberg;6.79;5
20200501;Hessen;6.75;4
20200501;Berlin;5.78;9
20200501;Brandenburg;6.62;8
20200501;Sachsen;6.65;7
20200501;Bayern;6.62;4
20200501;Nordrhein-Westfalen;6.3;4
20200501;Hamburg;5.7;5
20200501;Mecklenburg-Vorpommern;7.22;5
20200501;Niedersachsen;6.67;5
20200501;Deutschland;6.2700000000000005;-20
20200501;Bremen;6.3500000000000005;4
20200501;Thüringen;7.16;6
20200501;Saarland;6.44;5
20200501;Sachsen-Anhalt;7.03;6
20200501;Rheinland-Pfalz;7.140000000000001;4
20200501;Schleswig-Holstein;6.41;3
20200508;Baden-Württemberg;6.98;-13
20200508;Hessen;6.890000000000001;-15
20200508;Berlin;6.49;22
20200508;Brandenburg;6.9;-7
20200508;Sachsen;7.15;-6
20200508;Bayern;6.95;-13
20200508;Nordrhein-Westfalen;6.42;-15
20200508;Hamburg;6.55;-13
20200508;Mecklenburg-Vorpommern;7.74;-2
20200508;Niedersachsen;7.19;-9
20200508;Deutschland;6.91;-12
20200508;Bremen;7.09;-12
20200508;Thüringen;7.59;-4
20200508;Saarland;6.83;-11
20200508;Sachsen-Anhalt;7.59;-2
20200508;Rheinland-Pfalz;7.41;-11
20200508;Schleswig-Holstein;7.03;-7
20200515;Baden-Württemberg;6.95;-13
20200515;Hessen;6.91;-14
20200515;Berlin;6.0600000000000005;-22
20200515;Brandenburg;6.890000000000001;-7
20200515;Sachsen;6.93;-9
20200515;Bayern;6.97;-13
20200515;Nordrhein-Westfalen;6.49;-14
20200515;Hamburg;6.09;-19
20200515;Mecklenburg-Vorpommern;7.5;-5
20200515;Niedersachsen;6.99;-12
20200515;Deutschland;6.84;-13
20200515;Bremen;6.69;-17
20200515;Thüringen;7.390000000000001;-6
20200515;Saarland;6.84;-11
20200515;Sachsen-Anhalt;7.32;-6
20200515;Rheinland-Pfalz;7.44;-10
20200515;Schleswig-Holstein;6.73;-11
20200522;Baden-Württemberg;7.2700000000000005;12
20200522;Hessen;7.28;13
20200522;Berlin;6.33;19
20200522;Brandenburg;7.12;16
20200522;Sachsen;7.3500000000000005;18
20200522;Bayern;7.24;14
20200522;Nordrhein-Westfalen;6.74;12
20200522;Hamburg;6.3500000000000005;17
20200522;Mecklenburg-Vorpommern;7.72;12
20200522;Niedersachsen;7.17;13
20200522;Deutschland;6.82;-13
20200522;Bremen;6.97;14
20200522;Thüringen;7.68;13
20200522;Saarland;7.0200000000000005;14
20200522;Sachsen-Anhalt;7.37;11
20200522;Rheinland-Pfalz;7.7;12
20200522;Schleswig-Holstein;6.92;12
20200529;Baden-Württemberg;7.41;-7
20200529;Hessen;7.42;-8
20200529;Berlin;6.71;-14
20200529;Brandenburg;7.28;-2
20200529;Sachsen;7.42;-3
20200529;Bayern;7.390000000000001;-8
20200529;Nordrhein-Westfalen;6.92;-8
20200529;Hamburg;6.72;-11
20200529;Mecklenburg-Vorpommern;8.13;3
20200529;Niedersachsen;7.42;-6
20200529;Deutschland;7.3;-7
20200529;Bremen;7.32;-9
20200529;Thüringen;7.8;-1
20200529;Saarland;7.26;-6
20200529;Sachsen-Anhalt;7.5200000000000005;-3
20200529;Rheinland-Pfalz;7.83;-6
20200529;Schleswig-Holstein;7.2700000000000005;-4
20200605;Baden-Württemberg;7.38;-8
20200605;Hessen;7.45;-8
20200605;Berlin;6.9;-12
20200605;Brandenburg;7.46;1
20200605;Sachsen;7.58;-1
20200605;Bayern;7.45;-7
20200605;Nordrhein-Westfalen;6.87;-9
20200605;Hamburg;6.76;-10
20200605;Mecklenburg-Vorpommern;8.3;5
20200605;Niedersachsen;7.390000000000001;-7
20200605;Deutschland;7.05;-10
20200605;Bremen;7.29;-9
20200605;Thüringen;7.84;-1
20200605;Saarland;7.3100000000000005;-5
20200605;Sachsen-Anhalt;7.79;0
20200605;Rheinland-Pfalz;7.9;-5
20200605;Schleswig-Holstein;7.36;-3
20200612;Baden-Württemberg;7.51;-6
20200612;Hessen;7.55;-6
20200612;Berlin;7.21;-7
20200612;Brandenburg;7.46;1
20200612;Sachsen;7.67;0
20200612;Bayern;7.5;-7
20200612;Nordrhein-Westfalen;7.32;-3
20200612;Hamburg;6.97;-8
20200612;Mecklenburg-Vorpommern;8.38;6
20200612;Niedersachsen;7.5600000000000005;-5
20200612;Deutschland;7.29;-7
20200612;Bremen;7.59;-6
20200612;Thüringen;7.930000000000001;0
20200612;Saarland;7.33;-5
20200612;Sachsen-Anhalt;7.890000000000001;2
20200612;Rheinland-Pfalz;7.930000000000001;-4
20200612;Schleswig-Holstein;7.390000000000001;-3
20200619;Baden-Württemberg;7.72;-3
20200619;Hessen;7.59;-6
20200619;Berlin;7.72;-1
20200619;Brandenburg;7.54;2
20200619;Sachsen;7.79;2
20200619;Bayern;7.59;-5
20200619;Nordrhein-Westfalen;7.4;-2
20200619;Hamburg;7.53;0
20200619;Mecklenburg-Vorpommern;8.52;8
20200619;Niedersachsen;7.65;-4
20200619;Deutschland;7.66;-2
20200619;Bremen;7.930000000000001;-1
20200619;Thüringen;7.92;0
20200619;Saarland;7.4;-4
20200619;Sachsen-Anhalt;7.88;2
20200619;Rheinland-Pfalz;8.09;-2
20200619;Schleswig-Holstein;7.8;3
20200626;Baden-Württemberg;8.09;1
20200626;Hessen;8.03;-1
20200626;Berlin;7.8500000000000005;1
20200626;Brandenburg;7.71;4
20200626;Sachsen;8.0;5
20200626;Bayern;8.13;1
20200626;Nordrhein-Westfalen;7.72;2
20200626;Hamburg;7.65;2
20200626;Mecklenburg-Vorpommern;8.52;8
20200626;Niedersachsen;7.95;0
20200626;Deutschland;7.99;2
20200626;Bremen;8.23;2
20200626;Thüringen;8.3;5
20200626;Saarland;7.66;-1
20200626;Sachsen-Anhalt;8.11;5
20200626;Rheinland-Pfalz;8.36;1
20200626;Schleswig-Holstein;7.97;5
20200703;Baden-Württemberg;8.02;0
20200703;Hessen;7.87;-3
20200703;Berlin;7.19;-8
20200703;Brandenburg;7.54;2
20200703;Sachsen;7.84;3
20200703;Bayern;8.02;0
20200703;Nordrhein-Westfalen;7.47;-1
20200703;Hamburg;7.08;-6
20200703;Mecklenburg-Vorpommern;8.35;6
20200703;Niedersachsen;7.73;-3
20200703;Deutschland;7.78;-1
20200703;Bremen;7.65;-5
20200703;Thüringen;8.15;3
20200703;Saarland;7.63;-1
20200703;Sachsen-Anhalt;7.96;3
20200703;Rheinland-Pfalz;8.24;-1
20200703;Schleswig-Holstein;7.5;-1
20200710;Baden-Württemberg;8.03;0
20200710;Hessen;7.65;-5
20200710;Berlin;6.97;-11
20200710;Brandenburg;7.38;-1
20200710;Sachsen;7.68;0
20200710;Bayern;8.05;0
20200710;Nordrhein-Westfalen;7.32;-3
20200710;Hamburg;6.88;-9
20200710;Mecklenburg-Vorpommern;8.05;2
20200710;Niedersachsen;7.6000000000000005;-4
20200710;Deutschland;7.67;-2
20200710;Bremen;7.57;-6
20200710;Thüringen;8.06;2
20200710;Saarland;7.5;-3
20200710;Sachsen-Anhalt;7.84;1
20200710;Rheinland-Pfalz;8.07;-3
20200710;Schleswig-Holstein;7.2700000000000005;-4
20200717;Baden-Württemberg;8.0;0
20200717;Hessen;7.65;-5
20200717;Berlin;7.16;-8
20200717;Brandenburg;7.48;1
20200717;Sachsen;7.8100000000000005;2
20200717;Bayern;8.040000000000001;0
20200717;Nordrhein-Westfalen;7.45;-1
20200717;Hamburg;7.25;-4
20200717;Mecklenburg-Vorpommern;8.32;5
20200717;Niedersachsen;7.79;-2
20200717;Deutschland;7.75;-1
20200717;Bremen;7.92;-2
20200717;Thüringen;8.13;3
20200717;Saarland;7.49;-3
20200717;Sachsen-Anhalt;7.95;2
20200717;Rheinland-Pfalz;8.05;-3
20200717;Schleswig-Holstein;7.57;0
20200724;Baden-Württemberg;8.120000000000001;2
20200724;Hessen;7.7;-5
20200724;Berlin;7.23;-7
20200724;Brandenburg;7.5200000000000005;1
20200724;Sachsen;7.75;1
20200724;Bayern;8.17;2
20200724;Nordrhein-Westfalen;7.49;-1
20200724;Hamburg;7.12;-6
20200724;Mecklenburg-Vorpommern;8.46;7
20200724;Niedersachsen;7.69;-3
20200724;Deutschland;7.78;-1
20200724;Bremen;7.75;-4
20200724;Thüringen;8.03;2
20200724;Saarland;7.48;-3
20200724;Sachsen-Anhalt;7.83;1
20200724;Rheinland-Pfalz;8.120000000000001;-2
20200724;Schleswig-Holstein;7.46;-2
20200731;Baden-Württemberg;8.17;2
20200731;Hessen;7.73;-4
20200731;Berlin;7.29;-7
20200731;Brandenburg;7.54;2
20200731;Sachsen;7.74;1
20200731;Bayern;8.13;1
20200731;Nordrhein-Westfalen;7.5200000000000005;-1
20200731;Hamburg;7.2700000000000005;-4
20200731;Mecklenburg-Vorpommern;8.38;6
20200731;Niedersachsen;7.62;-4
20200731;Deutschland;7.79;-1
20200731;Bremen;7.69;-4
20200731;Thüringen;7.98;1
20200731;Saarland;7.48;-3
20200731;Sachsen-Anhalt;7.83;1
20200731;Rheinland-Pfalz;8.07;-3
20200731;Schleswig-Holstein;7.55;-1
20200807;Baden-Württemberg;8.03;0
20200807;Hessen;7.78;-4
20200807;Berlin;7.5200000000000005;-4
20200807;Brandenburg;7.65;3
20200807;Sachsen;7.73;1
20200807;Bayern;8.0;0
20200807;Nordrhein-Westfalen;7.68;2
20200807;Hamburg;7.63;1
20200807;Mecklenburg-Vorpommern;8.78;11
20200807;Niedersachsen;7.72;-3
20200807;Deutschland;7.8500000000000005;0
20200807;Bremen;7.8500000000000005;-2
20200807;Thüringen;7.98;1
20200807;Saarland;7.5200000000000005;-2
20200807;Sachsen-Anhalt;7.890000000000001;2
20200807;Rheinland-Pfalz;8.120000000000001;-2
20200807;Schleswig-Holstein;7.8;3
20200814;Baden-Württemberg;7.79;-3
20200814;Hessen;7.65;-5
20200814;Berlin;7.5600000000000005;-3
20200814;Brandenburg;7.75;5
20200814;Sachsen;7.65;0
20200814;Bayern;7.890000000000001;-2
20200814;Nordrhein-Westfalen;7.7;2
20200814;Hamburg;7.59;1
20200814;Mecklenburg-Vorpommern;8.540000000000001;8
20200814;Niedersachsen;7.63;-4
20200814;Deutschland;7.7700000000000005;-1
20200814;Bremen;7.71;-4
20200814;Thüringen;7.8100000000000005;-1
20200814;Saarland;7.49;-3
20200814;Sachsen-Anhalt;7.71;-1
20200814;Rheinland-Pfalz;8.01;-3
20200814;Schleswig-Holstein;7.91;4
20200821;Baden-Württemberg;7.82;-2
20200821;Hessen;8.02;-1
20200821;Berlin;7.59;-3
20200821;Brandenburg;7.83;6
20200821;Sachsen;7.69;1
20200821;Bayern;7.91;-1
20200821;Nordrhein-Westfalen;7.9;5
20200821;Hamburg;7.53;0
20200821;Mecklenburg-Vorpommern;8.66;10
20200821;Niedersachsen;7.640000000000001;-4
20200821;Deutschland;7.88;1
20200821;Bremen;7.67;-5
20200821;Thüringen;7.96;1
20200821;Saarland;7.94;3
20200821;Sachsen-Anhalt;7.8100000000000005;1
20200821;Rheinland-Pfalz;8.47;2
20200821;Schleswig-Holstein;7.86;3
20200828;Baden-Württemberg;7.8500000000000005;-2
20200828;Hessen;8.19;1
20200828;Berlin;7.83;0
20200828;Brandenburg;7.930000000000001;7
20200828;Sachsen;7.8500000000000005;3
20200828;Bayern;7.92;-1
20200828;Nordrhein-Westfalen;8.03;6
20200828;Hamburg;7.71;2
20200828;Mecklenburg-Vorpommern;8.64;10
20200828;Niedersachsen;7.88;-1
20200828;Deutschland;8.0;2
20200828;Bremen;8.13;1
20200828;Thüringen;8.06;2
20200828;Saarland;8.09;5
20200828;Sachsen-Anhalt;7.98;3
20200828;Rheinland-Pfalz;8.61;4
20200828;Schleswig-Holstein;7.95;5
20200904;Baden-Württemberg;7.96;0
20200904;Hessen;8.14;1
20200904;Berlin;7.67;-2
20200904;Brandenburg;7.91;7
20200904;Sachsen;8.02;5
20200904;Bayern;7.96;-1
20200904;Nordrhein-Westfalen;7.930000000000001;5
20200904;Hamburg;7.66;2
20200904;Mecklenburg-Vorpommern;8.620000000000001;9
20200904;Niedersachsen;8.120000000000001;2
20200904;Deutschland;8.03;2
20200904;Bremen;8.28;3
20200904;Thüringen;8.34;6
20200904;Saarland;8.06;5
20200904;Sachsen-Anhalt;8.2;6
20200904;Rheinland-Pfalz;8.57;3
20200904;Schleswig-Holstein;7.96;5
20200911;Baden-Württemberg;8.08;1
20200911;Hessen;8.21;2
20200911;Berlin;8.11;4
20200911;Brandenburg;8.09;9
20200911;Sachsen;8.290000000000001;9
20200911;Bayern;8.21;2
20200911;Nordrhein-Westfalen;7.97;5
20200911;Hamburg;7.98;6
20200911;Mecklenburg-Vorpommern;8.77;11
20200911;Niedersachsen;8.3;5
20200911;Deutschland;8.19;4
20200911;Bremen;8.52;6
20200911;Thüringen;8.58;9
20200911;Saarland;8.08;5
20200911;Sachsen-Anhalt;8.42;9
20200911;Rheinland-Pfalz;8.59;4
20200911;Schleswig-Holstein;8.15;7
20200918;Baden-Württemberg;8.32;4
20200918;Hessen;8.21;2
20200918;Berlin;8.45;8
20200918;Brandenburg;8.19;10
20200918;Sachsen;8.48;11
20200918;Bayern;8.290000000000001;3
20200918;Nordrhein-Westfalen;7.91;5
20200918;Hamburg;8.41;12
20200918;Mecklenburg-Vorpommern;8.97;14
20200918;Niedersachsen;8.51;7
20200918;Deutschland;8.3;6
20200918;Bremen;8.88;10
20200918;Thüringen;8.63;9
20200918;Saarland;8.02;4
20200918;Sachsen-Anhalt;8.58;11
20200918;Rheinland-Pfalz;8.59;4
20200918;Schleswig-Holstein;8.47;12
20200925;Baden-Württemberg;8.26;3
20200925;Hessen;8.17;1
20200925;Berlin;8.02;3
20200925;Brandenburg;8.03;8
20200925;Sachsen;8.24;8
20200925;Bayern;8.18;2
20200925;Nordrhein-Westfalen;7.87;4
20200925;Hamburg;8.05;7
20200925;Mecklenburg-Vorpommern;8.790000000000001;12
20200925;Niedersachsen;8.25;4
20200925;Deutschland;8.17;4
20200925;Bremen;8.49;6
20200925;Thüringen;8.4;6
20200925;Saarland;7.97;3
20200925;Sachsen-Anhalt;8.42;9
20200925;Rheinland-Pfalz;8.620000000000001;4
20200925;Schleswig-Holstein;8.2;8
20201002;Baden-Württemberg;8.28;4
20201002;Hessen;8.19;1
20201002;Berlin;7.84;1
20201002;Brandenburg;7.9;7
20201002;Sachsen;8.11;6
20201002;Bayern;8.26;3
20201002;Nordrhein-Westfalen;7.87;4
20201002;Hamburg;7.7700000000000005;3
20201002;Mecklenburg-Vorpommern;8.72;11
20201002;Niedersachsen;8.14;3
20201002;Deutschland;8.13;4
20201002;Bremen;8.25;3
20201002;Thüringen;8.34;6
20201002;Saarland;8.06;5
20201002;Sachsen-Anhalt;8.3;7
20201002;Rheinland-Pfalz;8.56;3
20201002;Schleswig-Holstein;7.98;5
20201009;Baden-Württemberg;8.3;4
20201009;Hessen;7.930000000000001;-2
20201009;Berlin;7.61;-2
20201009;Brandenburg;7.84;6
20201009;Sachsen;8.06;5
20201009;Bayern;8.26;3
20201009;Nordrhein-Westfalen;8.06;7
20201009;Hamburg;7.41;-2
20201009;Mecklenburg-Vorpommern;8.290000000000001;5
20201009;Niedersachsen;8.05;2
20201009;Deutschland;8.1;3
20201009;Bremen;8.2;2
20201009;Thüringen;8.22;4
20201009;Saarland;8.16;6
20201009;Sachsen-Anhalt;8.2;6
20201009;Rheinland-Pfalz;8.64;4
20201009;Schleswig-Holstein;7.58;0
20201016;Baden-Württemberg;8.11;1
20201016;Hessen;7.69;-5
20201016;Berlin;6.76;-13
20201016;Brandenburg;7.24;-2
20201016;Sachsen;7.75;1
20201016;Bayern;8.120000000000001;1
20201016;Nordrhein-Westfalen;7.55;0
20201016;Hamburg;6.99;-7
20201016;Mecklenburg-Vorpommern;8.42;7
20201016;Niedersachsen;7.5;-5
20201016;Deutschland;7.74;-1
20201016;Bremen;7.42;-8
20201016;Thüringen;7.96;1
20201016;Saarland;7.5600000000000005;-2
20201016;Sachsen-Anhalt;7.92;2
20201016;Rheinland-Pfalz;8.08;-3
20201016;Schleswig-Holstein;7.41;-2
20201023;Baden-Württemberg;8.09;1
20201023;Hessen;8.06;0
20201023;Berlin;6.7700000000000005;-13
20201023;Brandenburg;7.32;-1
20201023;Sachsen;7.5;-2
20201023;Bayern;8.120000000000001;1
20201023;Nordrhein-Westfalen;7.43;-2
20201023;Hamburg;7.22;-4
20201023;Mecklenburg-Vorpommern;8.34;6
20201023;Niedersachsen;7.4;-7
20201023;Deutschland;7.71;-2
20201023;Bremen;7.34;-9
20201023;Thüringen;7.76;-2
20201023;Saarland;7.54;-2
20201023;Sachsen-Anhalt;7.62;-2
20201023;Rheinland-Pfalz;8.040000000000001;-3
20201023;Schleswig-Holstein;7.69;1
20201030;Baden-Württemberg;7.42;-7
20201030;Hessen;7.7700000000000005;-4
20201030;Berlin;6.87;-12
20201030;Brandenburg;7.23;-2
20201030;Sachsen;7.11;-7
20201030;Bayern;7.69;-4
20201030;Nordrhein-Westfalen;7.73;2
20201030;Hamburg;6.98;-7
20201030;Mecklenburg-Vorpommern;7.91;0
20201030;Niedersachsen;7.54;-5
20201030;Deutschland;7.57;-3
20201030;Bremen;7.49;-7
20201030;Thüringen;7.33;-7
20201030;Saarland;7.78;1
20201030;Sachsen-Anhalt;7.65;-1
20201030;Rheinland-Pfalz;8.14;-2
20201030;Schleswig-Holstein;7.37;-3
20201106;Baden-Württemberg;7.53;-6
20201106;Hessen;7.3;-10
20201106;Berlin;6.8;-13
20201106;Brandenburg;7.140000000000001;-4
20201106;Sachsen;7.38;-3
20201106;Bayern;7.12;-11
20201106;Nordrhein-Westfalen;7.32;-3
20201106;Hamburg;6.78;-10
20201106;Mecklenburg-Vorpommern;7.61;-3
20201106;Niedersachsen;7.37;-7
20201106;Deutschland;7.33;-7
20201106;Bremen;7.34;-9
20201106;Thüringen;7.53;-4
20201106;Saarland;7.37;-4
20201106;Sachsen-Anhalt;7.640000000000001;-1
20201106;Rheinland-Pfalz;7.7700000000000005;-6
20201106;Schleswig-Holstein;7.17;-6
20201113;Baden-Württemberg;7.54;-6
20201113;Hessen;7.44;-8
20201113;Berlin;6.88;-12
20201113;Brandenburg;7.0;-6
20201113;Sachsen;7.47;-2
20201113;Bayern;7.51;-6
20201113;Nordrhein-Westfalen;7.48;-1
20201113;Hamburg;7.0200000000000005;-7
20201113;Mecklenburg-Vorpommern;7.48;-5
20201113;Niedersachsen;7.48;-6
20201113;Deutschland;7.46;-5
20201113;Bremen;7.54;-6
20201113;Thüringen;7.58;-4
20201113;Saarland;7.5200000000000005;-2
20201113;Sachsen-Anhalt;7.640000000000001;-1
20201113;Rheinland-Pfalz;7.8;-6
20201113;Schleswig-Holstein;7.34;-3
20201120;Baden-Württemberg;7.48;-6
20201120;Hessen;7.38;-9
20201120;Berlin;6.390000000000001;-18
20201120;Brandenburg;6.9;-7
20201120;Sachsen;7.05;-8
20201120;Bayern;7.37;-8
20201120;Nordrhein-Westfalen;7.38;-2
20201120;Hamburg;6.44;-14
20201120;Mecklenburg-Vorpommern;7.37;-6
20201120;Niedersachsen;7.07;-11
20201120;Deutschland;7.25;-8
20201120;Bremen;7.01;-13
20201120;Thüringen;7.3;-8
20201120;Saarland;7.6000000000000005;-1
20201120;Sachsen-Anhalt;7.34;-5
20201120;Rheinland-Pfalz;7.76;-6
20201120;Schleswig-Holstein;6.88;-9
20201127;Baden-Württemberg;7.53;-6
20201127;Hessen;7.33;-9
20201127;Berlin;6.34;-19
20201127;Brandenburg;6.8;-8
20201127;Sachsen;7.0600000000000005;-8
20201127;Bayern;7.4;-8
20201127;Nordrhein-Westfalen;7.390000000000001;-2
20201127;Hamburg;6.57;-13
20201127;Mecklenburg-Vorpommern;7.26;-8
20201127;Niedersachsen;7.21;-9
20201127;Deutschland;7.29;-7
20201127;Bremen;7.140000000000001;-11
20201127;Thüringen;7.19;-9
20201127;Saarland;7.44;-3
20201127;Sachsen-Anhalt;7.3;-6
20201127;Rheinland-Pfalz;7.72;-7
20201127;Schleswig-Holstein;7.0600000000000005;-7
20201204;Baden-Württemberg;7.55;-6
20201204;Hessen;7.58;-6
20201204;Berlin;7.01;-10
20201204;Brandenburg;7.13;-4
20201204;Sachsen;7.28;-5
20201204;Bayern;7.48;-7
20201204;Nordrhein-Westfalen;7.68;2
20201204;Hamburg;7.12;-6
20201204;Mecklenburg-Vorpommern;7.59;-4
20201204;Niedersachsen;7.42;-6
20201204;Deutschland;7.51;-4
20201204;Bremen;7.61;-5
20201204;Thüringen;7.34;-7
20201204;Saarland;7.76;1
20201204;Sachsen-Anhalt;7.54;-3
20201204;Rheinland-Pfalz;7.890000000000001;-5
20201204;Schleswig-Holstein;7.32;-4
20201211;Baden-Württemberg;7.49;-6
20201211;Hessen;7.33;-9
20201211;Berlin;6.91;-11
20201211;Brandenburg;7.04;-5
20201211;Sachsen;7.25;-5
20201211;Bayern;7.29;-9
20201211;Nordrhein-Westfalen;7.42;-2
20201211;Hamburg;7.03;-7
20201211;Mecklenburg-Vorpommern;7.54;-4
20201211;Niedersachsen;7.43;-6
20201211;Deutschland;7.37;-6
20201211;Bremen;7.66;-5
20201211;Thüringen;7.25;-8
20201211;Saarland;7.44;-3
20201211;Sachsen-Anhalt;7.46;-4
20201211;Rheinland-Pfalz;7.69;-7
20201211;Schleswig-Holstein;7.2700000000000005;-4
20201218;Baden-Württemberg;7.04;-12
20201218;Hessen;6.87;-15
20201218;Berlin;6.09;-22
20201218;Brandenburg;6.5200000000000005;-12
20201218;Sachsen;6.21;-19
20201218;Bayern;6.9;-14
20201218;Nordrhein-Westfalen;6.71;-11
20201218;Hamburg;6.22;-17
20201218;Mecklenburg-Vorpommern;6.890000000000001;-13
20201218;Niedersachsen;6.72;-15
20201218;Deutschland;6.76;-14
20201218;Bremen;6.8500000000000005;-15
20201218;Thüringen;6.71;-15
20201218;Saarland;6.97;-10
20201218;Sachsen-Anhalt;6.86;-11
20201218;Rheinland-Pfalz;7.22;-13
20201218;Schleswig-Holstein;6.390000000000001;-16
20201225;Baden-Württemberg;6.1000000000000005;-6
20201225;Hessen;5.8100000000000005;-10
20201225;Berlin;5.21;-2
20201225;Brandenburg;5.45;-11
20201225;Sachsen;5.44;-12
20201225;Bayern;5.97;-6
20201225;Nordrhein-Westfalen;5.78;-4
20201225;Hamburg;5.3500000000000005;-2
20201225;Mecklenburg-Vorpommern;5.99;-13
20201225;Niedersachsen;5.7700000000000005;-9
20201225;Deutschland;5.6000000000000005;-29
20201225;Bremen;5.87;-4
20201225;Thüringen;5.69;-16
20201225;Saarland;5.7700000000000005;-6
20201225;Sachsen-Anhalt;5.8;-13
20201225;Rheinland-Pfalz;6.0600000000000005;-12
20201225;Schleswig-Holstein;5.6000000000000005;-10
20210101;Baden-Württemberg;5.53;-15
20210101;Hessen;5.41;-16
20210101;Berlin;4.9;-8
20210101;Brandenburg;5.12;-17
20210101;Sachsen;4.94;-20
20210101;Bayern;5.5200000000000005;-13
20210101;Nordrhein-Westfalen;5.39;-11
20210101;Hamburg;4.94;-9
20210101;Mecklenburg-Vorpommern;5.64;-18
20210101;Niedersachsen;5.37;-16
20210101;Deutschland;5.16;-34
20210101;Bremen;5.32;-13
20210101;Thüringen;5.26;-22
20210101;Saarland;5.36;-13
20210101;Sachsen-Anhalt;5.3500000000000005;-20
20210101;Rheinland-Pfalz;5.62;-18
20210101;Schleswig-Holstein;5.2;-16
20210108;Baden-Württemberg;5.95;-26
20210108;Hessen;6.01;-26
20210108;Berlin;5.3100000000000005;-32
20210108;Brandenburg;5.93;-20
20210108;Sachsen;5.88;-23
20210108;Bayern;5.91;-26
20210108;Nordrhein-Westfalen;6.04;-20
20210108;Hamburg;5.48;-27
20210108;Mecklenburg-Vorpommern;6.29;-20
20210108;Niedersachsen;5.98;-25
20210108;Deutschland;5.86;-25
20210108;Bremen;5.94;-26
20210108;Thüringen;6.07;-23
20210108;Saarland;6.22;-19
20210108;Sachsen-Anhalt;5.92;-24
20210108;Rheinland-Pfalz;6.34;-24
20210108;Schleswig-Holstein;5.75;-24
20210115;Baden-Württemberg;6.57;-18
20210115;Hessen;6.38;-21
20210115;Berlin;5.47;-30
20210115;Brandenburg;6.21;-16
20210115;Sachsen;5.97;-22
20210115;Bayern;6.44;-20
20210115;Nordrhein-Westfalen;6.23;-18
20210115;Hamburg;5.58;-26
20210115;Mecklenburg-Vorpommern;6.45;-18
20210115;Niedersachsen;6.24;-21
20210115;Deutschland;6.29;-20
20210115;Bremen;6.28;-22
20210115;Thüringen;6.36;-19
20210115;Saarland;6.36;-18
20210115;Sachsen-Anhalt;6.41;-17
20210115;Rheinland-Pfalz;6.61;-20
20210115;Schleswig-Holstein;5.94;-22
20210122;Baden-Württemberg;6.62;-17
20210122;Hessen;6.48;-20
20210122;Berlin;5.4;-31
20210122;Brandenburg;6.49;-12
20210122;Sachsen;6.2700000000000005;-18
20210122;Bayern;6.54;-18
20210122;Nordrhein-Westfalen;6.33;-16
20210122;Hamburg;5.5;-27
20210122;Mecklenburg-Vorpommern;6.5600000000000005;-17
20210122;Niedersachsen;6.38;-20
20210122;Deutschland;6.38;-19
20210122;Bremen;5.71;-29
20210122;Thüringen;6.49;-18
20210122;Saarland;6.53;-15
20210122;Sachsen-Anhalt;6.59;-15
20210122;Rheinland-Pfalz;6.62;-20
20210122;Schleswig-Holstein;6.12;-19
20210129;Baden-Württemberg;6.59;-18
20210129;Hessen;6.45;-20
20210129;Berlin;5.5;-30
20210129;Brandenburg;6.49;-12
20210129;Sachsen;6.18;-19
20210129;Bayern;6.5;-19
20210129;Nordrhein-Westfalen;6.32;-16
20210129;Hamburg;5.53;-27
20210129;Mecklenburg-Vorpommern;6.6000000000000005;-16
20210129;Niedersachsen;6.41;-19
20210129;Deutschland;6.37;-19
20210129;Bremen;5.74;-29
20210129;Thüringen;6.42;-19
20210129;Saarland;6.47;-16
20210129;Sachsen-Anhalt;6.5200000000000005;-16
20210129;Rheinland-Pfalz;6.61;-20
20210129;Schleswig-Holstein;6.2700000000000005;-17
20210205;Baden-Württemberg;6.71;-16
20210205;Hessen;6.5200000000000005;-19
20210205;Berlin;5.37;-31
20210205;Brandenburg;6.28;-15
20210205;Sachsen;6.32;-17
20210205;Bayern;6.65;-17
20210205;Nordrhein-Westfalen;6.390000000000001;-15
20210205;Hamburg;5.51;-27
20210205;Mecklenburg-Vorpommern;6.5;-18
20210205;Niedersachsen;6.33;-20
20210205;Deutschland;6.42;-18
20210205;Bremen;5.55;-31
20210205;Thüringen;6.6000000000000005;-16
20210205;Saarland;6.57;-15
20210205;Sachsen-Anhalt;6.63;-14
20210205;Rheinland-Pfalz;6.69;-19
20210205;Schleswig-Holstein;6.140000000000001;-19
20210212;Baden-Württemberg;6.68;-16
20210212;Hessen;6.2700000000000005;-22
20210212;Berlin;5.37;-31
20210212;Brandenburg;6.33;-15
20210212;Sachsen;5.89;-23
20210212;Bayern;6.66;-17
20210212;Nordrhein-Westfalen;5.99;-21
20210212;Hamburg;5.45;-28
20210212;Mecklenburg-Vorpommern;6.38;-19
20210212;Niedersachsen;5.97;-25
20210212;Deutschland;6.21;-21
20210212;Bremen;5.51;-31
20210212;Thüringen;5.89;-25
20210212;Saarland;6.63;-14
20210212;Sachsen-Anhalt;5.82;-25
20210212;Rheinland-Pfalz;6.61;-20
20210212;Schleswig-Holstein;6.0600000000000005;-20
20210219;Baden-Württemberg;6.82;-15
20210219;Hessen;6.57;-19
20210219;Berlin;5.55;-29
20210219;Brandenburg;6.51;-12
20210219;Sachsen;6.41;-16
20210219;Bayern;6.72;-16
20210219;Nordrhein-Westfalen;6.3500000000000005;-16
20210219;Hamburg;5.59;-26
20210219;Mecklenburg-Vorpommern;6.49;-18
20210219;Niedersachsen;6.47;-18
20210219;Deutschland;6.49;-17
20210219;Bremen;5.78;-28
20210219;Thüringen;6.65;-16
20210219;Saarland;6.54;-15
20210219;Sachsen-Anhalt;6.67;-14
20210219;Rheinland-Pfalz;6.7;-19
20210219;Schleswig-Holstein;6.22;-18
20210226;Baden-Württemberg;7.08;-11
20210226;Hessen;6.91;-14
20210226;Berlin;5.99;-23
20210226;Brandenburg;6.86;-7
20210226;Sachsen;6.79;-11
20210226;Bayern;7.0600000000000005;-12
20210226;Nordrhein-Westfalen;6.79;-10
20210226;Hamburg;5.94;-21
20210226;Mecklenburg-Vorpommern;7.04;-11
20210226;Niedersachsen;6.76;-15
20210226;Deutschland;6.84;-13
20210226;Bremen;6.01;-25
20210226;Thüringen;6.93;-12
20210226;Saarland;6.86;-11
20210226;Sachsen-Anhalt;6.98;-10
20210226;Rheinland-Pfalz;7.03;-15
20210226;Schleswig-Holstein;6.51;-14
20210305;Baden-Württemberg;7.13;-11
20210305;Hessen;6.99;-13
20210305;Berlin;5.96;-24
20210305;Brandenburg;6.92;-7
20210305;Sachsen;6.76;-12
20210305;Bayern;7.140000000000001;-11
20210305;Nordrhein-Westfalen;6.82;-10
20210305;Hamburg;6.0200000000000005;-20
20210305;Mecklenburg-Vorpommern;7.1000000000000005;-10
20210305;Niedersachsen;6.8;-14
20210305;Deutschland;6.890000000000001;-12
20210305;Bremen;6.1000000000000005;-24
20210305;Thüringen;7.05;-11
20210305;Saarland;6.94;-10
20210305;Sachsen-Anhalt;7.21;-7
20210305;Rheinland-Pfalz;7.07;-15
20210305;Schleswig-Holstein;6.57;-13
20210312;Baden-Württemberg;7.17;-10
20210312;Hessen;7.01;-13
20210312;Berlin;6.08;-22
20210312;Brandenburg;6.92;-7
20210312;Sachsen;6.79;-11
20210312;Bayern;7.15;-11
20210312;Nordrhein-Westfalen;6.78;-10
20210312;Hamburg;5.8500000000000005;-22
20210312;Mecklenburg-Vorpommern;7.25;-8
20210312;Niedersachsen;6.67;-16
20210312;Deutschland;6.88;-12
20210312;Bremen;6.0600000000000005;-25
20210312;Thüringen;7.05;-11
20210312;Saarland;6.95;-10
20210312;Sachsen-Anhalt;7.32;-6
20210312;Rheinland-Pfalz;7.140000000000001;-14
20210312;Schleswig-Holstein;6.65;-12
20210319;Baden-Württemberg;7.16;-10
20210319;Hessen;7.01;-13
20210319;Berlin;6.09;-22
20210319;Brandenburg;6.96;-6
20210319;Sachsen;6.92;-9
20210319;Bayern;7.140000000000001;-11
20210319;Nordrhein-Westfalen;6.98;-8
20210319;Hamburg;6.0600000000000005;-20
20210319;Mecklenburg-Vorpommern;7.19;-9
20210319;Niedersachsen;6.82;-14
20210319;Deutschland;6.97;-11
20210319;Bremen;6.16;-23
20210319;Thüringen;7.13;-10
20210319;Saarland;7.24;-6
20210319;Sachsen-Anhalt;7.3;-6
20210319;Rheinland-Pfalz;7.3;-12
20210319;Schleswig-Holstein;6.74;-11
20210326;Baden-Württemberg;7.29;-9
20210326;Hessen;7.11;-12
20210326;Berlin;6.3;-19
20210326;Brandenburg;7.01;-5
20210326;Sachsen;6.8;-11
20210326;Bayern;7.2700000000000005;-9
20210326;Nordrhein-Westfalen;7.09;-6
20210326;Hamburg;6.08;-19
20210326;Mecklenburg-Vorpommern;7.28;-8
20210326;Niedersachsen;6.93;-13
20210326;Deutschland;7.0600000000000005;-10
20210326;Bremen;6.22;-23
20210326;Thüringen;6.93;-12
20210326;Saarland;7.32;-5
20210326;Sachsen-Anhalt;7.19;-7
20210326;Rheinland-Pfalz;7.37;-11
20210326;Schleswig-Holstein;6.7700000000000005;-11
20210402;Baden-Württemberg;7.68;18
20210402;Hessen;7.5600000000000005;17
20210402;Berlin;6.5;22
20210402;Brandenburg;7.04;14
20210402;Sachsen;7.15;15
20210402;Bayern;7.59;19
20210402;Nordrhein-Westfalen;7.26;20
20210402;Hamburg;6.5600000000000005;20
20210402;Mecklenburg-Vorpommern;7.3100000000000005;6
20210402;Niedersachsen;7.140000000000001;12
20210402;Deutschland;6.890000000000001;-12
20210402;Bremen;6.43;5
20210402;Thüringen;7.34;8
20210402;Saarland;7.51;22
20210402;Sachsen-Anhalt;7.49;12
20210402;Rheinland-Pfalz;7.62;11
20210402;Schleswig-Holstein;7.140000000000001;15
20210409;Baden-Württemberg;7.2;-10
20210409;Hessen;6.99;-13
20210409;Berlin;6.0200000000000005;-23
20210409;Brandenburg;6.87;-7
20210409;Sachsen;6.73;-12
20210409;Bayern;7.16;-11
20210409;Nordrhein-Westfalen;6.75;-11
20210409;Hamburg;5.97;-21
20210409;Mecklenburg-Vorpommern;7.2;-9
20210409;Niedersachsen;6.73;-15
20210409;Deutschland;6.49;-17
20210409;Bremen;5.8500000000000005;-27
20210409;Thüringen;6.92;-12
20210409;Saarland;7.28;-6
20210409;Sachsen-Anhalt;7.32;-6
20210409;Rheinland-Pfalz;7.3500000000000005;-11
20210409;Schleswig-Holstein;6.61;-13
20210416;Baden-Württemberg;7.2700000000000005;-9
20210416;Hessen;7.1000000000000005;-12
20210416;Berlin;6.24;-20
20210416;Brandenburg;7.08;-5
20210416;Sachsen;7.0600000000000005;-8
20210416;Bayern;7.3500000000000005;-8
20210416;Nordrhein-Westfalen;7.04;-7
20210416;Hamburg;6.1000000000000005;-19
20210416;Mecklenburg-Vorpommern;7.42;-6
20210416;Niedersachsen;7.05;-11
20210416;Deutschland;7.11;-9
20210416;Bremen;6.22;-23
20210416;Thüringen;7.3;-7
20210416;Saarland;7.44;-3
20210416;Sachsen-Anhalt;7.46;-4
20210416;Rheinland-Pfalz;7.5200000000000005;-9
20210416;Schleswig-Holstein;6.7700000000000005;-11
20210423;Baden-Württemberg;7.48;-6
20210423;Hessen;7.2700000000000005;-10
20210423;Berlin;6.43;-17
20210423;Brandenburg;7.05;-5
20210423;Sachsen;7.28;-5
20210423;Bayern;7.38;-8
20210423;Nordrhein-Westfalen;7.16;-5
20210423;Hamburg;6.3100000000000005;-16
20210423;Mecklenburg-Vorpommern;7.18;-9
20210423;Niedersachsen;7.11;-10
20210423;Deutschland;7.22;-8
20210423;Bremen;6.4;-20
20210423;Thüringen;7.4;-6
20210423;Saarland;7.38;-4
20210423;Sachsen-Anhalt;7.57;-2
20210423;Rheinland-Pfalz;7.51;-9
20210423;Schleswig-Holstein;7.09;-7
20210430;Baden-Württemberg;7.47;-7
20210430;Hessen;7.34;-9
20210430;Berlin;6.61;-15
20210430;Brandenburg;7.23;-2
20210430;Sachsen;7.23;-5
20210430;Bayern;7.46;-7
20210430;Nordrhein-Westfalen;7.3;-3
20210430;Hamburg;6.46;-14
20210430;Mecklenburg-Vorpommern;7.32;-7
20210430;Niedersachsen;7.23;-9
20210430;Deutschland;7.3100000000000005;-7
20210430;Bremen;6.28;-22
20210430;Thüringen;7.4;-6
20210430;Saarland;7.49;-3
20210430;Sachsen-Anhalt;7.51;-3
20210430;Rheinland-Pfalz;7.6000000000000005;-8
20210430;Schleswig-Holstein;7.32;-4
20210507;Baden-Württemberg;7.3500000000000005;-8
20210507;Hessen;7.140000000000001;-12
20210507;Berlin;6.3500000000000005;-19
20210507;Brandenburg;7.11;-4
20210507;Sachsen;7.07;-7
20210507;Bayern;7.36;-8
20210507;Nordrhein-Westfalen;7.0200000000000005;-7
20210507;Hamburg;6.19;-18
20210507;Mecklenburg-Vorpommern;7.2;-9
20210507;Niedersachsen;7.09;-11
20210507;Deutschland;7.13;-9
20210507;Bremen;6.18;-23
20210507;Thüringen;7.29;-8
20210507;Saarland;7.21;-7
20210507;Sachsen-Anhalt;7.38;-5
20210507;Rheinland-Pfalz;7.45;-10
20210507;Schleswig-Holstein;7.07;-7
20210514;Baden-Württemberg;7.4;-7
20210514;Hessen;7.23;-10
20210514;Berlin;6.61;-15
20210514;Brandenburg;7.17;-3
20210514;Sachsen;7.04;-8
20210514;Bayern;7.5;-6
20210514;Nordrhein-Westfalen;7.15;-5
20210514;Hamburg;6.24;-17
20210514;Mecklenburg-Vorpommern;7.34;-7
20210514;Niedersachsen;7.16;-10
20210514;Deutschland;6.8500000000000005;-13
20210514;Bremen;6.29;-22
20210514;Thüringen;7.24;-8
20210514;Saarland;7.21;-6
20210514;Sachsen-Anhalt;7.28;-6
20210514;Rheinland-Pfalz;7.5;-10
20210514;Schleswig-Holstein;7.140000000000001;-6
20210521;Baden-Württemberg;7.65;-4
20210521;Hessen;7.51;-7
20210521;Berlin;6.86;-12
20210521;Brandenburg;7.38;0
20210521;Sachsen;7.3500000000000005;-4
20210521;Bayern;7.66;-4
20210521;Nordrhein-Westfalen;7.36;-3
20210521;Hamburg;6.62;-12
20210521;Mecklenburg-Vorpommern;7.65;-3
20210521;Niedersachsen;7.38;-7
20210521;Deutschland;7.45;-5
20210521;Bremen;6.6000000000000005;-18
20210521;Thüringen;7.5200000000000005;-5
20210521;Saarland;7.5;-3
20210521;Sachsen-Anhalt;7.53;-3
20210521;Rheinland-Pfalz;7.74;-7
20210521;Schleswig-Holstein;7.46;-2
20210528;Baden-Württemberg;7.6000000000000005;-5
20210528;Hessen;7.5600000000000005;-6
20210528;Berlin;6.8;-13
20210528;Brandenburg;7.53;2
20210528;Sachsen;7.37;-4
20210528;Bayern;7.69;-4
20210528;Nordrhein-Westfalen;7.36;-3
20210528;Hamburg;6.71;-11
20210528;Mecklenburg-Vorpommern;7.79;-1
20210528;Niedersachsen;7.33;-8
20210528;Deutschland;7.08;-10
20210528;Bremen;6.5;-19
20210528;Thüringen;7.57;-4
20210528;Saarland;7.3100000000000005;-5
20210528;Sachsen-Anhalt;7.75;0
20210528;Rheinland-Pfalz;7.6000000000000005;-8
20210528;Schleswig-Holstein;7.54;-1
20210604;Baden-Württemberg;7.8500000000000005;-2
20210604;Hessen;7.82;-3
20210604;Berlin;7.22;-7
20210604;Brandenburg;7.69;4
20210604;Sachsen;7.73;1
20210604;Bayern;7.92;-1
20210604;Nordrhein-Westfalen;7.88;4
20210604;Hamburg;7.19;-5
20210604;Mecklenburg-Vorpommern;8.14;3
20210604;Niedersachsen;7.79;-2
20210604;Deutschland;7.57;-3
20210604;Bremen;7.07;-12
20210604;Thüringen;7.83;-1
20210604;Saarland;7.8;1
20210604;Sachsen-Anhalt;8.05;4
20210604;Rheinland-Pfalz;7.83;-6
20210604;Schleswig-Holstein;7.8100000000000005;3
20210611;Baden-Württemberg;8.03;0
20210611;Hessen;7.97;-1
20210611;Berlin;7.390000000000001;-5
20210611;Brandenburg;7.83;6
20210611;Sachsen;7.8;2
20210611;Bayern;8.15;2
20210611;Nordrhein-Westfalen;7.95;5
20210611;Hamburg;7.21;-4
20210611;Mecklenburg-Vorpommern;8.3;5
20210611;Niedersachsen;7.87;-1
20210611;Deutschland;7.94;1
20210611;Bremen;7.1000000000000005;-12
20210611;Thüringen;7.91;0
20210611;Saarland;7.9;2
20210611;Sachsen-Anhalt;8.08;4
20210611;Rheinland-Pfalz;8.02;-3
20210611;Schleswig-Holstein;7.890000000000001;4
20210625;Baden-Württemberg;8.63;8
20210625;Hessen;8.33;3
20210625;Berlin;7.71;-1
20210625;Brandenburg;8.040000000000001;8
20210625;Sachsen;8.06;6
20210625;Bayern;8.65;8
20210625;Nordrhein-Westfalen;8.32;10
20210625;Hamburg;7.54;0
20210625;Mecklenburg-Vorpommern;8.43;7
20210625;Niedersachsen;7.9;0
20210625;Deutschland;8.28;6
20210625;Bremen;7.32;-9
20210625;Thüringen;8.2;4
20210625;Saarland;8.27;7
20210625;Sachsen-Anhalt;8.33;7
20210625;Rheinland-Pfalz;8.42;2
20210625;Schleswig-Holstein;7.8;3
20210702;Baden-Württemberg;8.6;8
20210702;Hessen;8.21;2
20210702;Berlin;7.24;-7
20210702;Brandenburg;7.74;4
20210702;Sachsen;7.97;4
20210702;Bayern;8.540000000000001;7
20210702;Nordrhein-Westfalen;8.08;7
20210702;Hamburg;7.19;-5
20210702;Mecklenburg-Vorpommern;8.16;3
20210702;Niedersachsen;7.87;-1
20210702;Deutschland;8.14;4
20210702;Bremen;7.21;-10
20210702;Thüringen;8.06;2
20210702;Saarland;8.16;6
20210702;Sachsen-Anhalt;8.1;5
20210702;Rheinland-Pfalz;8.4;1
20210702;Schleswig-Holstein;7.73;2
20210709;Baden-Württemberg;8.21;3
20210709;Hessen;8.120000000000001;1
20210709;Berlin;7.140000000000001;-8
20210709;Brandenburg;7.54;2
20210709;Sachsen;7.91;4
20210709;Bayern;8.24;3
20210709;Nordrhein-Westfalen;7.7700000000000005;3
20210709;Hamburg;7.11;-6
20210709;Mecklenburg-Vorpommern;8.0;2
20210709;Niedersachsen;7.890000000000001;-1
20210709;Deutschland;7.94;1
20210709;Bremen;7.22;-10
20210709;Thüringen;8.01;2
20210709;Saarland;8.03;4
20210709;Sachsen-Anhalt;8.05;4
20210709;Rheinland-Pfalz;8.28;0
20210709;Schleswig-Holstein;7.63;1
20210716;Baden-Württemberg;8.07;1
20210716;Hessen;7.98;-1
20210716;Berlin;7.2;-8
20210716;Brandenburg;7.53;2
20210716;Sachsen;7.890000000000001;3
20210716;Bayern;7.99;0
20210716;Nordrhein-Westfalen;7.54;0
20210716;Hamburg;7.1000000000000005;-6
20210716;Mecklenburg-Vorpommern;8.07;2
20210716;Niedersachsen;7.82;-1
20210716;Deutschland;7.8;-1
20210716;Bremen;7.15;-11
20210716;Thüringen;7.930000000000001;1
20210716;Saarland;7.7700000000000005;1
20210716;Sachsen-Anhalt;8.05;4
20210716;Rheinland-Pfalz;8.09;-3
20210716;Schleswig-Holstein;7.57;0
20210723;Baden-Württemberg;8.43;5
20210723;Hessen;8.05;0
20210723;Berlin;7.32;-6
20210723;Brandenburg;7.5200000000000005;1
20210723;Sachsen;7.97;4
20210723;Bayern;8.45;5
20210723;Nordrhein-Westfalen;7.78;3
20210723;Hamburg;7.140000000000001;-5
20210723;Mecklenburg-Vorpommern;8.11;3
20210723;Niedersachsen;7.8;-2
20210723;Deutschland;7.99;2
20210723;Bremen;7.12;-12
20210723;Thüringen;8.06;2
20210723;Saarland;7.890000000000001;2
20210723;Sachsen-Anhalt;7.98;3
20210723;Rheinland-Pfalz;8.17;-1
20210723;Schleswig-Holstein;7.5600000000000005;0
20210730;Baden-Württemberg;8.32;4
20210730;Hessen;8.07;0
20210730;Berlin;7.42;-5
20210730;Brandenburg;7.58;2
20210730;Sachsen;7.73;1
20210730;Bayern;8.36;4
20210730;Nordrhein-Westfalen;7.75;3
20210730;Hamburg;7.25;-4
20210730;Mecklenburg-Vorpommern;8.120000000000001;3
20210730;Niedersachsen;7.58;-4
20210730;Deutschland;7.92;1
20210730;Bremen;6.890000000000001;-14
20210730;Thüringen;7.82;-1
20210730;Saarland;7.92;3
20210730;Sachsen-Anhalt;7.82;1
20210730;Rheinland-Pfalz;8.16;-2
20210730;Schleswig-Holstein;7.66;1
20210806;Baden-Württemberg;7.890000000000001;-1
20210806;Hessen;7.67;-5
20210806;Berlin;7.22;-7
20210806;Brandenburg;7.49;1
20210806;Sachsen;7.41;-3
20210806;Bayern;7.96;-1
20210806;Nordrhein-Westfalen;7.55;0
20210806;Hamburg;7.17;-5
20210806;Mecklenburg-Vorpommern;8.39;6
20210806;Niedersachsen;7.46;-6
20210806;Deutschland;7.66;-2
20210806;Bremen;6.73;-16
20210806;Thüringen;7.63;-3
20210806;Saarland;7.51;-3
20210806;Sachsen-Anhalt;7.63;-2
20210806;Rheinland-Pfalz;7.78;-6
20210806;Schleswig-Holstein;7.87;4
20210813;Baden-Württemberg;7.94;-1
20210813;Hessen;7.8;-3
20210813;Berlin;7.63;-2
20210813;Brandenburg;7.78;5
20210813;Sachsen;7.5600000000000005;-1
20210813;Bayern;8.040000000000001;0
20210813;Nordrhein-Westfalen;7.68;2
20210813;Hamburg;7.48;-1
20210813;Mecklenburg-Vorpommern;8.34;6
20210813;Niedersachsen;7.53;-5
20210813;Deutschland;7.79;-1
20210813;Bremen;6.98;-13
20210813;Thüringen;7.75;-2
20210813;Saarland;7.58;-2
20210813;Sachsen-Anhalt;7.71;-1
20210813;Rheinland-Pfalz;7.88;-5
20210813;Schleswig-Holstein;7.99;5
20210820;Baden-Württemberg;7.7;-4
20210820;Hessen;7.5600000000000005;-6
20210820;Berlin;7.66;-2
20210820;Brandenburg;7.7700000000000005;5
20210820;Sachsen;7.49;-2
20210820;Bayern;7.79;-3
20210820;Nordrhein-Westfalen;7.67;2
20210820;Hamburg;7.46;-1
20210820;Mecklenburg-Vorpommern;8.18;4
20210820;Niedersachsen;7.47;-6
20210820;Deutschland;7.66;-2
20210820;Bremen;6.98;-13
20210820;Thüringen;7.62;-3
20210820;Saarland;7.37;-4
20210820;Sachsen-Anhalt;7.65;-1
20210820;Rheinland-Pfalz;7.69;-7
20210820;Schleswig-Holstein;7.95;5
20210827;Baden-Württemberg;7.71;-4
20210827;Hessen;7.61;-6
20210827;Berlin;7.43;-5
20210827;Brandenburg;7.57;2
20210827;Sachsen;7.22;-5
20210827;Bayern;7.78;-3
20210827;Nordrhein-Westfalen;7.91;5
20210827;Hamburg;7.38;-2
20210827;Mecklenburg-Vorpommern;8.09;3
20210827;Niedersachsen;7.44;-6
20210827;Deutschland;7.67;-2
20210827;Bremen;6.8500000000000005;-15
20210827;Thüringen;7.3500000000000005;-7
20210827;Saarland;7.5200000000000005;-2
20210827;Sachsen-Anhalt;7.47;-4
20210827;Rheinland-Pfalz;7.72;-7
20210827;Schleswig-Holstein;7.83;3
20210903;Baden-Württemberg;7.91;-1
20210903;Hessen;8.09;0
20210903;Berlin;7.54;-3
20210903;Brandenburg;7.7;4
20210903;Sachsen;7.45;-2
20210903;Bayern;7.890000000000001;-2
20210903;Nordrhein-Westfalen;8.06;7
20210903;Hamburg;7.47;-1
20210903;Mecklenburg-Vorpommern;8.25;5
20210903;Niedersachsen;7.67;-3
20210903;Deutschland;7.88;1
20210903;Bremen;6.97;-13
20210903;Thüringen;7.5600000000000005;-4
20210903;Saarland;8.03;4
20210903;Sachsen-Anhalt;7.76;0
20210903;Rheinland-Pfalz;8.23;-1
20210903;Schleswig-Holstein;7.95;5
20210910;Baden-Württemberg;8.03;0
20210910;Hessen;8.16;1
20210910;Berlin;7.62;-2
20210910;Brandenburg;7.72;4
20210910;Sachsen;7.75;1
20210910;Bayern;8.09;1
20210910;Nordrhein-Westfalen;8.07;7
20210910;Hamburg;7.47;-1
20210910;Mecklenburg-Vorpommern;8.17;4
20210910;Niedersachsen;7.930000000000001;0
20210910;Deutschland;7.99;2
20210910;Bremen;7.23;-10
20210910;Thüringen;7.7700000000000005;-2
20210910;Saarland;7.99;4
20210910;Sachsen-Anhalt;7.95;3
20210910;Rheinland-Pfalz;8.24;-1
20210910;Schleswig-Holstein;7.86;4
20210917;Baden-Württemberg;8.24;3
20210917;Hessen;8.06;0
20210917;Berlin;7.53;-3
20210917;Brandenburg;7.57;2
20210917;Sachsen;7.5600000000000005;-1
20210917;Bayern;8.22;2
20210917;Nordrhein-Westfalen;7.99;6
20210917;Hamburg;7.34;-3
20210917;Mecklenburg-Vorpommern;8.01;2
20210917;Niedersachsen;7.8;-2
20210917;Deutschland;7.95;1
20210917;Bremen;7.1000000000000005;-12
20210917;Thüringen;7.6000000000000005;-4
20210917;Saarland;7.930000000000001;3
20210917;Sachsen-Anhalt;7.72;0
20210917;Rheinland-Pfalz;8.17;-2
20210917;Schleswig-Holstein;7.7;1
20210924;Baden-Württemberg;8.63;8
20210924;Hessen;8.14;1
20210924;Berlin;7.21;-8
20210924;Brandenburg;7.96;7
20210924;Sachsen;7.74;1
20210924;Bayern;8.58;7
20210924;Nordrhein-Westfalen;8.22;9
20210924;Hamburg;7.21;-4
20210924;Mecklenburg-Vorpommern;8.38;6
20210924;Niedersachsen;8.040000000000001;1
20210924;Deutschland;8.18;4
20210924;Bremen;6.890000000000001;-14
20210924;Thüringen;8.17;4
20210924;Saarland;7.86;2
20210924;Sachsen-Anhalt;8.07;4
20210924;Rheinland-Pfalz;8.39;1
20210924;Schleswig-Holstein;7.8100000000000005;3
20211001;Baden-Württemberg;8.66;8
20211001;Hessen;8.14;1
20211001;Berlin;7.2700000000000005;-7
20211001;Brandenburg;7.94;7
20211001;Sachsen;7.75;2
20211001;Bayern;8.57;7
20211001;Nordrhein-Westfalen;8.19;8
20211001;Hamburg;7.2700000000000005;-4
20211001;Mecklenburg-Vorpommern;8.39;6
20211001;Niedersachsen;8.1;2
20211001;Deutschland;8.19;4
20211001;Bremen;6.84;-15
20211001;Thüringen;8.17;4
20211001;Saarland;7.8100000000000005;1
20211001;Sachsen-Anhalt;8.09;4
20211001;Rheinland-Pfalz;8.35;1
20211001;Schleswig-Holstein;7.83;3
20211008;Baden-Württemberg;8.61;8
20211008;Hessen;8.16;1
20211008;Berlin;7.3;-6
20211008;Brandenburg;7.99;8
20211008;Sachsen;7.78;2
20211008;Bayern;8.540000000000001;7
20211008;Nordrhein-Westfalen;8.31;10
20211008;Hamburg;7.09;-6
20211008;Mecklenburg-Vorpommern;8.02;2
20211008;Niedersachsen;8.15;3
20211008;Deutschland;8.2;5
20211008;Bremen;7.03;-13
20211008;Thüringen;8.120000000000001;3
20211008;Saarland;7.930000000000001;3
20211008;Sachsen-Anhalt;8.1;4
20211008;Rheinland-Pfalz;8.45;2
20211008;Schleswig-Holstein;7.61;0
20211015;Baden-Württemberg;8.63;8
20211015;Hessen;7.72;-4
20211015;Berlin;6.91;-11
20211015;Brandenburg;7.640000000000001;3
20211015;Sachsen;7.66;0
20211015;Bayern;8.53;6
20211015;Nordrhein-Westfalen;7.82;3
20211015;Hamburg;6.87;-9
20211015;Mecklenburg-Vorpommern;8.33;6
20211015;Niedersachsen;8.06;2
20211015;Deutschland;7.99;2
20211015;Bremen;6.88;-14
20211015;Thüringen;8.03;2
20211015;Saarland;7.86;2
20211015;Sachsen-Anhalt;8.03;4
20211015;Rheinland-Pfalz;7.98;-4
20211015;Schleswig-Holstein;7.48;-2
20211022;Baden-Württemberg;8.59;7
20211022;Hessen;7.61;-6
20211022;Berlin;6.75;-13
20211022;Brandenburg;7.5;1
20211022;Sachsen;7.3500000000000005;-4
20211022;Bayern;8.53;6
20211022;Nordrhein-Westfalen;7.67;1
20211022;Hamburg;7.12;-6
20211022;Mecklenburg-Vorpommern;8.21;4
20211022;Niedersachsen;7.61;-4
20211022;Deutschland;7.87;0
20211022;Bremen;6.63;-18
20211022;Thüringen;8.01;2
20211022;Saarland;7.42;-4
20211022;Sachsen-Anhalt;7.98;3
20211022;Rheinland-Pfalz;7.87;-5
20211022;Schleswig-Holstein;7.72;2
20211029;Baden-Württemberg;8.65;8
20211029;Hessen;8.07;0
20211029;Berlin;7.24;-7
20211029;Brandenburg;7.9;7
20211029;Sachsen;7.3500000000000005;-4
20211029;Bayern;8.57;7
20211029;Nordrhein-Westfalen;8.25;9
20211029;Hamburg;7.21;-4
20211029;Mecklenburg-Vorpommern;8.31;5
20211029;Niedersachsen;7.69;-3
20211029;Deutschland;8.1;3
20211029;Bremen;6.61;-18
20211029;Thüringen;7.73;-2
20211029;Saarland;7.46;-3
20211029;Sachsen-Anhalt;7.67;-1
20211029;Rheinland-Pfalz;8.33;0
20211029;Schleswig-Holstein;7.8100000000000005;3
20211105;Baden-Württemberg;8.0;0
20211105;Hessen;7.8500000000000005;-3
20211105;Berlin;6.96;-11
20211105;Brandenburg;7.58;2
20211105;Sachsen;7.37;-4
20211105;Bayern;7.96;-1
20211105;Nordrhein-Westfalen;8.08;7
20211105;Hamburg;6.99;-7
20211105;Mecklenburg-Vorpommern;7.75;-2
20211105;Niedersachsen;7.8500000000000005;-1
20211105;Deutschland;7.57;-3
20211105;Bremen;6.78;-16
20211105;Thüringen;7.36;-7
20211105;Saarland;7.73;0
20211105;Sachsen-Anhalt;7.69;-1
20211105;Rheinland-Pfalz;8.14;-2
20211105;Schleswig-Holstein;7.57;0
20211112;Baden-Württemberg;8.31;4
20211112;Hessen;7.78;-4
20211112;Berlin;6.9;-12
20211112;Brandenburg;7.54;2
20211112;Sachsen;7.3;-4
20211112;Bayern;8.15;2
20211112;Nordrhein-Westfalen;7.98;6
20211112;Hamburg;6.88;-9
20211112;Mecklenburg-Vorpommern;7.84;-1
20211112;Niedersachsen;7.74;-2
20211112;Deutschland;7.8500000000000005;0
20211112;Bremen;6.67;-17
20211112;Thüringen;7.71;-2
20211112;Saarland;7.67;-1
20211112;Sachsen-Anhalt;7.72;0
20211112;Rheinland-Pfalz;8.0;-4
20211112;Schleswig-Holstein;7.44;-2
20211119;Baden-Württemberg;8.22;3
20211119;Hessen;7.74;-4
20211119;Berlin;6.8;-13
20211119;Brandenburg;7.5200000000000005;1
20211119;Sachsen;7.11;-7
20211119;Bayern;8.0;0
20211119;Nordrhein-Westfalen;7.92;5
20211119;Hamburg;6.84;-9
20211119;Mecklenburg-Vorpommern;7.83;-1
20211119;Niedersachsen;7.72;-3
20211119;Deutschland;7.74;-1
20211119;Bremen;6.61;-18
20211119;Thüringen;7.61;-4
20211119;Saarland;7.53;-2
20211119;Sachsen-Anhalt;7.66;-1
20211119;Rheinland-Pfalz;7.92;-4
20211119;Schleswig-Holstein;7.44;-2
20211126;Baden-Württemberg;8.17;2
20211126;Hessen;7.65;-5
20211126;Berlin;6.78;-13
20211126;Brandenburg;7.45;1
20211126;Sachsen;6.87;-10
20211126;Bayern;7.99;0
20211126;Nordrhein-Westfalen;7.8100000000000005;3
20211126;Hamburg;6.84;-9
20211126;Mecklenburg-Vorpommern;7.8;-1
20211126;Niedersachsen;7.68;-3
20211126;Deutschland;7.69;-2
20211126;Bremen;6.69;-17
20211126;Thüringen;7.4;-6
20211126;Saarland;7.41;-4
20211126;Sachsen-Anhalt;7.43;-4
20211126;Rheinland-Pfalz;7.8500000000000005;-5
20211126;Schleswig-Holstein;7.44;-2
20211203;Baden-Württemberg;8.05;1
20211203;Hessen;7.5600000000000005;-6
20211203;Berlin;6.640000000000001;-15
20211203;Brandenburg;7.3500000000000005;-1
20211203;Sachsen;6.87;-10
20211203;Bayern;7.87;-2
20211203;Nordrhein-Westfalen;7.75;2
20211203;Hamburg;6.8;-10
20211203;Mecklenburg-Vorpommern;7.62;-3
20211203;Niedersachsen;7.59;-4
20211203;Deutschland;7.6000000000000005;-3
20211203;Bremen;6.58;-18
20211203;Thüringen;7.4;-6
20211203;Saarland;7.29;-5
20211203;Sachsen-Anhalt;7.46;-4
20211203;Rheinland-Pfalz;7.76;-6
20211203;Schleswig-Holstein;7.3500000000000005;-3
20211210;Baden-Württemberg;8.03;0
20211210;Hessen;7.55;-6
20211210;Berlin;6.45;-17
20211210;Brandenburg;7.19;-3
20211210;Sachsen;6.93;-9
20211210;Bayern;7.94;-1
20211210;Nordrhein-Westfalen;7.73;2
20211210;Hamburg;6.5;-14
20211210;Mecklenburg-Vorpommern;7.4;-6
20211210;Niedersachsen;7.54;-5
20211210;Deutschland;7.57;-3
20211210;Bremen;6.43;-20
20211210;Thüringen;7.390000000000001;-6
20211210;Saarland;7.2;-7
20211210;Sachsen-Anhalt;7.47;-4
20211210;Rheinland-Pfalz;7.75;-7
20211210;Schleswig-Holstein;7.12;-6
20211217;Baden-Württemberg;8.120000000000001;2
20211217;Hessen;7.61;-6
20211217;Berlin;6.640000000000001;-15
20211217;Brandenburg;7.3100000000000005;-1
20211217;Sachsen;6.92;-9
20211217;Bayern;8.01;0
20211217;Nordrhein-Westfalen;7.75;3
20211217;Hamburg;6.71;-11
20211217;Mecklenburg-Vorpommern;7.59;-4
20211217;Niedersachsen;7.54;-5
20211217;Deutschland;7.640000000000001;-3
20211217;Bremen;6.37;-21
20211217;Thüringen;7.43;-6
20211217;Saarland;7.3100000000000005;-5
20211217;Sachsen-Anhalt;7.49;-3
20211217;Rheinland-Pfalz;7.82;-6
20211217;Schleswig-Holstein;7.2700000000000005;-4
20211224;Baden-Württemberg;7.57;-5
20211224;Hessen;7.01;-13
20211224;Berlin;6.22;-20
20211224;Brandenburg;6.53;-12
20211224;Sachsen;6.32;-17
20211224;Bayern;7.63;-5
20211224;Nordrhein-Westfalen;7.29;-4
20211224;Hamburg;6.29;-17
20211224;Mecklenburg-Vorpommern;6.8500000000000005;-13
20211224;Niedersachsen;6.86;-13
20211224;Deutschland;7.09;-9
20211224;Bremen;5.9;-27
20211224;Thüringen;6.7;-15
20211224;Saarland;6.75;-12
20211224;Sachsen-Anhalt;6.67;-14
20211224;Rheinland-Pfalz;7.16;-14
20211224;Schleswig-Holstein;6.8100000000000005;-10
20211231;Baden-Württemberg;6.78;-15
20211231;Hessen;6.26;-23
20211231;Berlin;5.46;-30
20211231;Brandenburg;6.03;-19
20211231;Sachsen;5.6000000000000005;-27
20211231;Bayern;6.78;-15
20211231;Nordrhein-Westfalen;6.43;-15
20211231;Hamburg;5.48;-27
20211231;Mecklenburg-Vorpommern;6.42;-19
20211231;Niedersachsen;6.19;-22
20211231;Deutschland;6.33;-19
20211231;Bremen;5.17;-36
20211231;Thüringen;6.05;-23
20211231;Saarland;6.0;-22
20211231;Sachsen-Anhalt;6.08;-22
20211231;Rheinland-Pfalz;6.390000000000001;-23
20211231;Schleswig-Holstein;6.03;-21
20220107;Baden-Württemberg;6.9;-14
20220107;Hessen;6.58;-18
20220107;Berlin;6.15;-21
20220107;Brandenburg;6.98;-6
20220107;Sachsen;6.7;-12
20220107;Bayern;6.95;-13
20220107;Nordrhein-Westfalen;6.86;-9
20220107;Hamburg;5.92;-21
20220107;Mecklenburg-Vorpommern;7.2700000000000005;-8
20220107;Niedersachsen;6.63;-16
20220107;Deutschland;6.69;-15
20220107;Bremen;5.39;-33
20220107;Thüringen;6.97;-12
20220107;Saarland;6.94;-10
20220107;Sachsen-Anhalt;6.51;-16
20220107;Rheinland-Pfalz;7.24;-13
20220107;Schleswig-Holstein;6.3500000000000005;-16
20220114;Baden-Württemberg;7.94;-1
20220114;Hessen;7.32;-9
20220114;Berlin;6.2;-20
20220114;Brandenburg;7.16;-3
20220114;Sachsen;6.92;-9
20220114;Bayern;7.82;-2
20220114;Nordrhein-Westfalen;7.58;0
20220114;Hamburg;6.23;-17
20220114;Mecklenburg-Vorpommern;7.41;-6
20220114;Niedersachsen;7.3500000000000005;-7
20220114;Deutschland;7.44;-5
20220114;Bremen;5.97;-26
20220114;Thüringen;7.3500000000000005;-7
20220114;Saarland;7.26;-6
20220114;Sachsen-Anhalt;7.42;-4
20220114;Rheinland-Pfalz;7.61;-8
20220114;Schleswig-Holstein;6.9;-9
20220121;Baden-Württemberg;7.7700000000000005;-3
20220121;Hessen;7.3;-10
20220121;Berlin;6.16;-21
20220121;Brandenburg;7.17;-3
20220121;Sachsen;7.04;-8
20220121;Bayern;7.84;-2
20220121;Nordrhein-Westfalen;7.5;-1
20220121;Hamburg;6.2700000000000005;-17
20220121;Mecklenburg-Vorpommern;7.47;-5
20220121;Niedersachsen;7.42;-6
20220121;Deutschland;7.42;-5
20220121;Bremen;6.0200000000000005;-25
20220121;Thüringen;7.5;-5
20220121;Saarland;7.25;-6
20220121;Sachsen-Anhalt;7.5;-3
20220121;Rheinland-Pfalz;7.55;-9
20220121;Schleswig-Holstein;7.01;-8
20220128;Baden-Württemberg;7.9;-1
20220128;Hessen;7.26;-10
20220128;Berlin;6.13;-21
20220128;Brandenburg;7.11;-4
20220128;Sachsen;7.03;-8
20220128;Bayern;7.8500000000000005;-2
20220128;Nordrhein-Westfalen;7.45;-1
20220128;Hamburg;6.22;-17
20220128;Mecklenburg-Vorpommern;7.42;-6
20220128;Niedersachsen;7.33;-8
20220128;Deutschland;7.4;-6
20220128;Bremen;6.11;-24
20220128;Thüringen;7.41;-6
20220128;Saarland;7.09;-8
20220128;Sachsen-Anhalt;7.47;-4
20220128;Rheinland-Pfalz;7.53;-9
20220128;Schleswig-Holstein;7.04;-7
20220204;Baden-Württemberg;7.73;-3
20220204;Hessen;7.3;-10
20220204;Berlin;5.9;-24
20220204;Brandenburg;6.79;-8
20220204;Sachsen;7.04;-8
20220204;Bayern;7.79;-3
20220204;Nordrhein-Westfalen;7.43;-2
20220204;Hamburg;6.390000000000001;-15
20220204;Mecklenburg-Vorpommern;7.5;-5
20220204;Niedersachsen;7.29;-8
20220204;Deutschland;7.36;-6
20220204;Bremen;6.1000000000000005;-24
20220204;Thüringen;7.5200000000000005;-5
20220204;Saarland;7.08;-8
20220204;Sachsen-Anhalt;7.41;-5
20220204;Rheinland-Pfalz;7.55;-9
20220204;Schleswig-Holstein;7.09;-7
20220211;Baden-Württemberg;7.86;-2
20220211;Hessen;7.390000000000001;-9
20220211;Berlin;6.38;-18
20220211;Brandenburg;7.18;-3
20220211;Sachsen;7.08;-7
20220211;Bayern;7.91;-1
20220211;Nordrhein-Westfalen;7.5600000000000005;0
20220211;Hamburg;6.51;-14
20220211;Mecklenburg-Vorpommern;7.28;-8
20220211;Niedersachsen;7.49;-6
20220211;Deutschland;7.5;-4
20220211;Bremen;6.3500000000000005;-21
20220211;Thüringen;7.57;-4
20220211;Saarland;7.16;-7
20220211;Sachsen-Anhalt;7.47;-4
20220211;Rheinland-Pfalz;7.640000000000001;-8
20220211;Schleswig-Holstein;7.23;-5
20220218;Baden-Württemberg;7.94;-1
20220218;Hessen;7.33;-9
20220218;Berlin;6.45;-17
20220218;Brandenburg;7.140000000000001;-4
20220218;Sachsen;6.82;-11
20220218;Bayern;7.95;-1
20220218;Nordrhein-Westfalen;7.37;-3
20220218;Hamburg;6.5;-14
20220218;Mecklenburg-Vorpommern;7.28;-8
20220218;Niedersachsen;7.34;-8
20220218;Deutschland;7.41;-5
20220218;Bremen;6.19;-23
20220218;Thüringen;7.19;-9
20220218;Saarland;7.09;-8
20220218;Sachsen-Anhalt;7.1000000000000005;-8
20220218;Rheinland-Pfalz;7.61;-8
20220218;Schleswig-Holstein;7.1000000000000005;-7
20220225;Baden-Württemberg;7.99;0
20220225;Hessen;7.55;-6
20220225;Berlin;6.58;-16
20220225;Brandenburg;7.34;-1
20220225;Sachsen;6.8100000000000005;-11
20220225;Bayern;8.01;0
20220225;Nordrhein-Westfalen;7.66;1
20220225;Hamburg;6.71;-11
20220225;Mecklenburg-Vorpommern;7.7;-2
20220225;Niedersachsen;7.5600000000000005;-5
20220225;Deutschland;7.5600000000000005;-4
20220225;Bremen;6.390000000000001;-21
20220225;Thüringen;7.57;-4
20220225;Saarland;6.76;-12
20220225;Sachsen-Anhalt;7.5;-3
20220225;Rheinland-Pfalz;7.34;-12
20220225;Schleswig-Holstein;7.23;-5
20220304;Baden-Württemberg;7.79;-3
20220304;Hessen;7.55;-7
20220304;Berlin;6.8;-13
20220304;Brandenburg;7.5200000000000005;1
20220304;Sachsen;7.26;-5
20220304;Bayern;7.83;-2
20220304;Nordrhein-Westfalen;7.68;2
20220304;Hamburg;6.91;-8
20220304;Mecklenburg-Vorpommern;7.8100000000000005;-1
20220304;Niedersachsen;7.7;-3
20220304;Deutschland;7.59;-3
20220304;Bremen;6.58;-18
20220304;Thüringen;7.61;-4
20220304;Saarland;7.04;-9
20220304;Sachsen-Anhalt;7.58;-2
20220304;Rheinland-Pfalz;7.57;-9
20220304;Schleswig-Holstein;7.38;-3
20220311;Baden-Württemberg;7.99;0
20220311;Hessen;7.65;-5
20220311;Berlin;6.68;-14
20220311;Brandenburg;7.3100000000000005;-1
20220311;Sachsen;7.25;-5
20220311;Bayern;8.06;1
20220311;Nordrhein-Westfalen;7.78;3
20220311;Hamburg;6.68;-11
20220311;Mecklenburg-Vorpommern;7.79;-1
20220311;Niedersachsen;7.5200000000000005;-5
20220311;Deutschland;7.65;-2
20220311;Bremen;6.49;-19
20220311;Thüringen;7.53;-5
20220311;Saarland;7.24;-6
20220311;Sachsen-Anhalt;7.57;-2
20220311;Rheinland-Pfalz;7.74;-7
20220311;Schleswig-Holstein;7.3100000000000005;-4
20220318;Baden-Württemberg;7.96;0
20220318;Hessen;7.57;-6
20220318;Berlin;6.79;-13
20220318;Brandenburg;7.41;0
20220318;Sachsen;7.08;-7
20220318;Bayern;7.99;0
20220318;Nordrhein-Westfalen;7.76;3
20220318;Hamburg;6.5200000000000005;-14
20220318;Mecklenburg-Vorpommern;7.59;-4
20220318;Niedersachsen;7.51;-5
20220318;Deutschland;7.61;-3
20220318;Bremen;6.4;-20
20220318;Thüringen;7.43;-6
20220318;Saarland;7.17;-7
20220318;Sachsen-Anhalt;7.42;-4
20220318;Rheinland-Pfalz;7.65;-8
20220318;Schleswig-Holstein;7.22;-5
20220325;Baden-Württemberg;8.08;1
20220325;Hessen;7.69;-5
20220325;Berlin;6.93;-11
20220325;Brandenburg;7.49;1
20220325;Sachsen;7.21;-6
20220325;Bayern;8.01;0
20220325;Nordrhein-Westfalen;7.9;4
20220325;Hamburg;6.93;-8
20220325;Mecklenburg-Vorpommern;7.75;-2
20220325;Niedersachsen;7.62;-4
20220325;Deutschland;7.72;-2
20220325;Bremen;6.5200000000000005;-19
20220325;Thüringen;7.5600000000000005;-4
20220325;Saarland;7.22;-6
20220325;Sachsen-Anhalt;7.55;-3
20220325;Rheinland-Pfalz;7.76;-6
20220325;Schleswig-Holstein;7.37;-3
20220401;Baden-Württemberg;8.21;3
20220401;Hessen;7.84;-3
20220401;Berlin;7.05;-10
20220401;Brandenburg;7.67;3
20220401;Sachsen;7.38;-3
20220401;Bayern;8.25;3
20220401;Nordrhein-Westfalen;8.01;6
20220401;Hamburg;6.98;-7
20220401;Mecklenburg-Vorpommern;7.87;0
20220401;Niedersachsen;7.76;-2
20220401;Deutschland;7.87;0
20220401;Bremen;6.5200000000000005;-19
20220401;Thüringen;7.72;-2
20220401;Saarland;7.38;-4
20220401;Sachsen-Anhalt;7.79;1
20220401;Rheinland-Pfalz;7.930000000000001;-4
20220401;Schleswig-Holstein;7.47;-2
20220408;Baden-Württemberg;8.25;3
20220408;Hessen;7.8500000000000005;-3
20220408;Berlin;7.05;-10
20220408;Brandenburg;7.7;4
20220408;Sachsen;7.49;-2
20220408;Bayern;8.3;4
20220408;Nordrhein-Westfalen;8.02;6
20220408;Hamburg;6.98;-7
20220408;Mecklenburg-Vorpommern;7.91;0
20220408;Niedersachsen;7.45;-6
20220408;Deutschland;7.86;0
20220408;Bremen;6.25;-22
20220408;Thüringen;7.8500000000000005;0
20220408;Saarland;7.36;-5
20220408;Sachsen-Anhalt;7.890000000000001;2
20220408;Rheinland-Pfalz;7.96;-4
20220408;Schleswig-Holstein;7.18;-6
20220415;Baden-Württemberg;8.35;0
20220415;Hessen;7.7700000000000005;0
20220415;Berlin;7.09;0
20220415;Brandenburg;7.55;0
20220415;Sachsen;7.7700000000000005;0
20220415;Bayern;8.27;0
20220415;Nordrhein-Westfalen;7.95;0
20220415;Hamburg;7.38;0
20220415;Mecklenburg-Vorpommern;7.96;0
20220415;Niedersachsen;7.57;0
20220415;Deutschland;7.2700000000000005;-7
20220415;Bremen;6.48;0
20220415;Thüringen;7.82;0
20220415;Saarland;7.49;0
20220415;Sachsen-Anhalt;7.7700000000000005;0
20220415;Rheinland-Pfalz;7.88;0
20220415;Schleswig-Holstein;7.45;0
20220422;Baden-Württemberg;8.16;2
20220422;Hessen;7.67;-5
20220422;Berlin;6.93;-11
20220422;Brandenburg;7.5;1
20220422;Sachsen;7.36;-4
20220422;Bayern;8.2;2
20220422;Nordrhein-Westfalen;7.8500000000000005;4
20220422;Hamburg;7.33;-3
20220422;Mecklenburg-Vorpommern;8.13;3
20220422;Niedersachsen;7.8500000000000005;-1
20220422;Deutschland;7.45;-5
20220422;Bremen;6.72;-16
20220422;Thüringen;7.65;-3
20220422;Saarland;7.18;-7
20220422;Sachsen-Anhalt;8.02;3
20220422;Rheinland-Pfalz;7.79;-6
20220422;Schleswig-Holstein;7.71;2
20220429;Baden-Württemberg;8.48;6
20220429;Hessen;8.040000000000001;0
20220429;Berlin;7.49;-4
20220429;Brandenburg;7.87;6
20220429;Sachsen;7.8100000000000005;2
20220429;Bayern;8.58;7
20220429;Nordrhein-Westfalen;8.35;10
20220429;Hamburg;7.38;-2
20220429;Mecklenburg-Vorpommern;8.21;4
20220429;Niedersachsen;8.03;1
20220429;Deutschland;8.18;4
20220429;Bremen;6.88;-14
20220429;Thüringen;8.06;2
20220429;Saarland;7.6000000000000005;-1
20220429;Sachsen-Anhalt;8.120000000000001;5
20220429;Rheinland-Pfalz;8.120000000000001;-2
20220429;Schleswig-Holstein;7.73;2
20220506;Baden-Württemberg;8.58;7
20220506;Hessen;8.290000000000001;3
20220506;Berlin;7.62;-2
20220506;Brandenburg;7.930000000000001;7
20220506;Sachsen;8.0;5
20220506;Bayern;8.63;8
20220506;Nordrhein-Westfalen;8.56;13
20220506;Hamburg;7.49;-1
20220506;Mecklenburg-Vorpommern;8.290000000000001;5
20220506;Niedersachsen;8.19;3
20220506;Deutschland;8.33;6
20220506;Bremen;7.04;-12
20220506;Thüringen;8.35;6
20220506;Saarland;7.74;0
20220506;Sachsen-Anhalt;8.22;6
20220506;Rheinland-Pfalz;8.3;0
20220506;Schleswig-Holstein;7.82;3
20220513;Baden-Württemberg;8.72;9
20220513;Hessen;8.41;4
20220513;Berlin;7.73;-1
20220513;Brandenburg;8.16;10
20220513;Sachsen;8.06;6
20220513;Bayern;8.85;10
20220513;Nordrhein-Westfalen;8.67;15
20220513;Hamburg;7.47;-1
20220513;Mecklenburg-Vorpommern;8.35;6
20220513;Niedersachsen;8.23;4
20220513;Deutschland;8.45;8
20220513;Bremen;6.99;-13
20220513;Thüringen;8.290000000000001;5
20220513;Saarland;7.8500000000000005;2
20220513;Sachsen-Anhalt;8.56;10
20220513;Rheinland-Pfalz;8.4;1
20220513;Schleswig-Holstein;7.9;4
20220520;Baden-Württemberg;8.69;9
20220520;Hessen;8.36;4
20220520;Berlin;7.7700000000000005;0
20220520;Brandenburg;7.99;8
20220520;Sachsen;7.97;4
20220520;Bayern;8.78;9
20220520;Nordrhein-Westfalen;8.540000000000001;13
20220520;Hamburg;7.6000000000000005;1
20220520;Mecklenburg-Vorpommern;8.41;7
20220520;Niedersachsen;8.21;3
20220520;Deutschland;8.38;7
20220520;Bremen;7.0200000000000005;-13
20220520;Thüringen;8.15;3
20220520;Saarland;7.76;1
20220520;Sachsen-Anhalt;8.22;6
20220520;Rheinland-Pfalz;8.34;0
20220520;Schleswig-Holstein;7.96;5
20220527;Baden-Württemberg;8.55;7
20220527;Hessen;8.28;3
20220527;Berlin;7.54;-3
20220527;Brandenburg;7.8100000000000005;5
20220527;Sachsen;7.74;1
20220527;Bayern;8.68;8
20220527;Nordrhein-Westfalen;8.49;12
20220527;Hamburg;7.18;-5
20220527;Mecklenburg-Vorpommern;8.17;4
20220527;Niedersachsen;8.03;1
20220527;Deutschland;7.9;1
20220527;Bremen;6.890000000000001;-14
20220527;Thüringen;7.97;1
20220527;Saarland;7.69;0
20220527;Sachsen-Anhalt;7.8100000000000005;1
20220527;Rheinland-Pfalz;8.25;-1
20220527;Schleswig-Holstein;7.62;0
20220603;Baden-Württemberg;8.77;10
20220603;Hessen;8.46;5
20220603;Berlin;7.79;0
20220603;Brandenburg;8.07;9
20220603;Sachsen;8.02;5
20220603;Bayern;8.86;11
20220603;Nordrhein-Westfalen;8.74;16
20220603;Hamburg;7.58;1
20220603;Mecklenburg-Vorpommern;8.42;7
20220603;Niedersachsen;8.25;4
20220603;Deutschland;8.48;8
20220603;Bremen;7.18;-11
20220603;Thüringen;8.24;4
20220603;Saarland;7.87;2
20220603;Sachsen-Anhalt;8.28;7
20220603;Rheinland-Pfalz;8.45;2
20220603;Schleswig-Holstein;7.95;5
20220610;Baden-Württemberg;8.47;6
20220610;Hessen;8.38;4
20220610;Berlin;7.68;-1
20220610;Brandenburg;8.16;10
20220610;Sachsen;8.05;5
20220610;Bayern;8.51;6
20220610;Nordrhein-Westfalen;8.540000000000001;13
20220610;Hamburg;7.57;0
20220610;Mecklenburg-Vorpommern;8.46;7
20220610;Niedersachsen;8.120000000000001;2
20220610;Deutschland;7.91;1
20220610;Bremen;7.13;-11
20220610;Thüringen;8.38;6
20220610;Saarland;7.49;-3
20220610;Sachsen-Anhalt;8.28;7
20220610;Rheinland-Pfalz;8.41;1
20220610;Schleswig-Holstein;8.01;6
20220617;Baden-Württemberg;8.51;6
20220617;Hessen;8.35;3
20220617;Berlin;7.73;-1
20220617;Brandenburg;8.15;10
20220617;Sachsen;8.2;7
20220617;Bayern;8.55;7
20220617;Nordrhein-Westfalen;8.620000000000001;14
20220617;Hamburg;7.5200000000000005;0
20220617;Mecklenburg-Vorpommern;8.49;8
20220617;Niedersachsen;8.28;4
20220617;Deutschland;8.16;4
20220617;Bremen;7.18;-11
20220617;Thüringen;8.41;7
20220617;Saarland;7.8100000000000005;1
20220617;Sachsen-Anhalt;8.31;7
20220617;Rheinland-Pfalz;8.370000000000001;1
20220617;Schleswig-Holstein;7.99;5
20220624;Baden-Württemberg;8.78;10
20220624;Hessen;8.32;3
20220624;Berlin;7.68;-1
20220624;Brandenburg;8.06;9
20220624;Sachsen;8.05;5
20220624;Bayern;8.8;10
20220624;Nordrhein-Westfalen;8.53;13
20220624;Hamburg;7.49;-1
20220624;Mecklenburg-Vorpommern;8.48;8
20220624;Niedersachsen;8.14;3
20220624;Deutschland;8.39;7
20220624;Bremen;7.19;-11
20220624;Thüringen;8.34;6
20220624;Saarland;7.73;0
20220624;Sachsen-Anhalt;8.19;6
20220624;Rheinland-Pfalz;8.36;1
20220624;Schleswig-Holstein;8.040000000000001;6
20220701;Baden-Württemberg;8.84;11
20220701;Hessen;8.51;5
20220701;Berlin;7.55;-3
20220701;Brandenburg;7.99;8
20220701;Sachsen;7.9;3
20220701;Bayern;8.86;11
20220701;Nordrhein-Westfalen;8.36;11
20220701;Hamburg;7.47;-1
20220701;Mecklenburg-Vorpommern;8.36;6
20220701;Niedersachsen;8.07;2
20220701;Deutschland;8.36;7
20220701;Bremen;7.0;-13
20220701;Thüringen;8.23;4
20220701;Saarland;7.92;3
20220701;Sachsen-Anhalt;8.14;5
20220701;Rheinland-Pfalz;8.540000000000001;3
20220701;Schleswig-Holstein;7.91;4
20220708;Baden-Württemberg;8.93;12
20220708;Hessen;8.43;4
20220708;Berlin;7.51;-4
20220708;Brandenburg;7.98;8
20220708;Sachsen;7.930000000000001;4
20220708;Bayern;8.93;11
20220708;Nordrhein-Westfalen;8.38;11
20220708;Hamburg;7.41;-2
20220708;Mecklenburg-Vorpommern;8.25;5
20220708;Niedersachsen;8.11;2
20220708;Deutschland;8.38;7
20220708;Bremen;7.09;-12
20220708;Thüringen;8.28;5
20220708;Saarland;7.930000000000001;3
20220708;Sachsen-Anhalt;8.1;4
20220708;Rheinland-Pfalz;8.540000000000001;3
20220708;Schleswig-Holstein;7.69;1
20220715;Baden-Württemberg;8.92;12
20220715;Hessen;8.22;2
20220715;Berlin;7.390000000000001;-5
20220715;Brandenburg;7.76;5
20220715;Sachsen;7.94;4
20220715;Bayern;8.9;11
20220715;Nordrhein-Westfalen;8.22;9
20220715;Hamburg;7.3100000000000005;-3
20220715;Mecklenburg-Vorpommern;8.18;4
20220715;Niedersachsen;8.01;1
20220715;Deutschland;8.28;6
20220715;Bremen;7.03;-13
20220715;Thüringen;8.28;5
20220715;Saarland;7.71;0
20220715;Sachsen-Anhalt;8.01;3
20220715;Rheinland-Pfalz;8.36;1
20220715;Schleswig-Holstein;7.71;1
20220722;Baden-Württemberg;8.84;11
20220722;Hessen;8.17;1
20220722;Berlin;7.28;-7
20220722;Brandenburg;7.7;4
20220722;Sachsen;7.71;1
20220722;Bayern;8.83;10
20220722;Nordrhein-Westfalen;8.03;6
20220722;Hamburg;7.26;-4
20220722;Mecklenburg-Vorpommern;8.25;5
20220722;Niedersachsen;7.74;-2
20220722;Deutschland;8.15;4
20220722;Bremen;6.8500000000000005;-15
20220722;Thüringen;7.94;1
20220722;Saarland;7.59;-1
20220722;Sachsen-Anhalt;7.7700000000000005;0
20220722;Rheinland-Pfalz;8.28;0
20220722;Schleswig-Holstein;7.69;1
20220729;Baden-Württemberg;8.78;10
20220729;Hessen;7.91;-2
20220729;Berlin;7.2700000000000005;-7
20220729;Brandenburg;7.7;4
20220729;Sachsen;7.5600000000000005;-1
20220729;Bayern;8.86;10
20220729;Nordrhein-Westfalen;8.14;8
20220729;Hamburg;7.19;-5
20220729;Mecklenburg-Vorpommern;8.25;5
20220729;Niedersachsen;7.63;-4
20220729;Deutschland;8.11;3
20220729;Bremen;6.68;-17
20220729;Thüringen;7.86;0
20220729;Saarland;7.28;-6
20220729;Sachsen-Anhalt;7.76;0
20220729;Rheinland-Pfalz;8.03;-3
20220729;Schleswig-Holstein;7.7;1
20220805;Baden-Württemberg;8.57;7
20220805;Hessen;7.91;-2
20220805;Berlin;7.390000000000001;-5
20220805;Brandenburg;7.8;5
20220805;Sachsen;7.71;1
20220805;Bayern;8.66;8
20220805;Nordrhein-Westfalen;8.41;11
20220805;Hamburg;7.5200000000000005;0
20220805;Mecklenburg-Vorpommern;8.35;6
20220805;Niedersachsen;7.82;-1
20220805;Deutschland;8.17;4
20220805;Bremen;7.0200000000000005;-13
20220805;Thüringen;7.92;0
20220805;Saarland;7.3100000000000005;-5
20220805;Sachsen-Anhalt;7.86;1
20220805;Rheinland-Pfalz;8.02;-3
20220805;Schleswig-Holstein;7.96;5
20220812;Baden-Württemberg;8.26;3
20220812;Hessen;7.92;-2
20220812;Berlin;7.55;-3
20220812;Brandenburg;7.96;7
20220812;Sachsen;7.7700000000000005;2
20220812;Bayern;8.59;7
20220812;Nordrhein-Westfalen;8.82;17
20220812;Hamburg;7.62;1
20220812;Mecklenburg-Vorpommern;8.56;9
20220812;Niedersachsen;7.930000000000001;0
20220812;Deutschland;8.25;5
20220812;Bremen;7.2;-10
20220812;Thüringen;7.98;1
20220812;Saarland;7.3500000000000005;-5
20220812;Sachsen-Anhalt;7.94;2
20220812;Rheinland-Pfalz;8.0;-4
20220812;Schleswig-Holstein;8.040000000000001;6
20220819;Baden-Württemberg;8.31;4
20220819;Hessen;7.96;-1
20220819;Berlin;7.54;-3
20220819;Brandenburg;7.99;8
20220819;Sachsen;7.76;2
20220819;Bayern;8.17;2
20220819;Nordrhein-Westfalen;8.93;18
20220819;Hamburg;7.78;3
20220819;Mecklenburg-Vorpommern;8.65;10
20220819;Niedersachsen;7.94;0
20220819;Deutschland;8.23;5
20220819;Bremen;7.24;-10
20220819;Thüringen;7.99;1
20220819;Saarland;7.34;-5
20220819;Sachsen-Anhalt;7.96;3
20220819;Rheinland-Pfalz;8.01;-3
20220819;Schleswig-Holstein;8.28;9
20220826;Baden-Württemberg;8.48;6
20220826;Hessen;8.06;0
20220826;Berlin;7.99;2
20220826;Brandenburg;8.33;12
20220826;Sachsen;7.9;3
20220826;Bayern;8.48;6
20220826;Nordrhein-Westfalen;8.92;18
20220826;Hamburg;8.0;6
20220826;Mecklenburg-Vorpommern;8.76;11
20220826;Niedersachsen;8.21;3
20220826;Deutschland;8.4;7
20220826;Bremen;7.42;-8
20220826;Thüringen;8.19;4
20220826;Saarland;7.390000000000001;-4
20220826;Sachsen-Anhalt;8.22;6
20220826;Rheinland-Pfalz;8.09;-2
20220826;Schleswig-Holstein;8.42;11
20220902;Baden-Württemberg;8.59;7
20220902;Hessen;8.39;4
20220902;Berlin;8.28;6
20220902;Brandenburg;8.42;14
20220902;Sachsen;8.41;10
20220902;Bayern;8.63;8
20220902;Nordrhein-Westfalen;9.040000000000001;20
20220902;Hamburg;8.02;6
20220902;Mecklenburg-Vorpommern;8.86;12
20220902;Niedersachsen;8.64;9
20220902;Deutschland;8.620000000000001;10
20220902;Bremen;8.01;0
20220902;Thüringen;8.67;10
20220902;Saarland;7.66;-1
20220902;Sachsen-Anhalt;8.68;12
20220902;Rheinland-Pfalz;8.39;1
20220902;Schleswig-Holstein;8.46;11
20220909;Baden-Württemberg;8.48;6
20220909;Hessen;8.58;6
20220909;Berlin;8.15;4
20220909;Brandenburg;8.31;12
20220909;Sachsen;8.2;7
20220909;Bayern;8.5;6
20220909;Nordrhein-Westfalen;8.84;17
20220909;Hamburg;7.78;3
20220909;Mecklenburg-Vorpommern;8.620000000000001;9
20220909;Niedersachsen;8.47;7
20220909;Deutschland;8.52;9
20220909;Bremen;7.75;-4
20220909;Thüringen;8.57;9
20220909;Saarland;7.94;3
20220909;Sachsen-Anhalt;8.52;10
20220909;Rheinland-Pfalz;8.68;5
20220909;Schleswig-Holstein;8.24;9
20220916;Baden-Württemberg;8.74;9
20220916;Hessen;8.63;7
20220916;Berlin;8.1;4
20220916;Brandenburg;8.27;11
20220916;Sachsen;8.08;6
20220916;Bayern;8.65;8
20220916;Nordrhein-Westfalen;8.77;16
20220916;Hamburg;7.79;3
20220916;Mecklenburg-Vorpommern;8.790000000000001;11
20220916;Niedersachsen;8.46;7
20220916;Deutschland;8.540000000000001;9
20220916;Bremen;7.67;-5
20220916;Thüringen;8.41;7
20220916;Saarland;7.97;3
20220916;Sachsen-Anhalt;8.34;8
20220916;Rheinland-Pfalz;8.67;4
20220916;Schleswig-Holstein;8.21;8
20220923;Baden-Württemberg;8.77;10
20220923;Hessen;8.51;5
20220923;Berlin;8.02;3
20220923;Brandenburg;8.22;11
20220923;Sachsen;8.11;6
20220923;Bayern;8.75;9
20220923;Nordrhein-Westfalen;8.75;16
20220923;Hamburg;7.8500000000000005;4
20220923;Mecklenburg-Vorpommern;8.76;11
20220923;Niedersachsen;8.43;6
20220923;Deutschland;8.53;9
20220923;Bremen;7.63;-5
20220923;Thüringen;8.34;6
20220923;Saarland;7.84;2
20220923;Sachsen-Anhalt;8.42;9
20220923;Rheinland-Pfalz;8.56;3
20220923;Schleswig-Holstein;8.24;8
20220930;Baden-Württemberg;8.64;8
20220930;Hessen;8.58;6
20220930;Berlin;8.16;5
20220930;Brandenburg;8.3;12
20220930;Sachsen;8.19;7
20220930;Bayern;8.52;6
20220930;Nordrhein-Westfalen;8.2;8
20220930;Hamburg;7.73;3
20220930;Mecklenburg-Vorpommern;8.89;13
20220930;Niedersachsen;8.52;7
20220930;Deutschland;8.41;7
20220930;Bremen;7.75;-4
20220930;Thüringen;8.71;10
20220930;Saarland;7.8500000000000005;2
20220930;Sachsen-Anhalt;8.67;12
20220930;Rheinland-Pfalz;8.55;3
20220930;Schleswig-Holstein;8.31;9
20221007;Baden-Württemberg;8.83;10
20221007;Hessen;8.540000000000001;6
20221007;Berlin;8.26;6
20221007;Brandenburg;8.45;14
20221007;Sachsen;8.370000000000001;10
20221007;Bayern;8.72;9
20221007;Nordrhein-Westfalen;7.78;3
20221007;Hamburg;7.87;4
20221007;Mecklenburg-Vorpommern;9.0;14
20221007;Niedersachsen;8.61;9
20221007;Deutschland;8.0;2
20221007;Bremen;7.8500000000000005;-2
20221007;Thüringen;8.84;12
20221007;Saarland;7.8;1
20221007;Sachsen-Anhalt;8.75;13
20221007;Rheinland-Pfalz;8.61;4
20221007;Schleswig-Holstein;8.43;11
20221014;Baden-Württemberg;8.64;8
20221014;Hessen;8.43;4
20221014;Berlin;8.17;5
20221014;Brandenburg;8.34;13
20221014;Sachsen;8.28;8
20221014;Bayern;8.58;7
20221014;Nordrhein-Westfalen;7.6000000000000005;1
20221014;Hamburg;7.42;-2
20221014;Mecklenburg-Vorpommern;8.58;9
20221014;Niedersachsen;8.53;8
20221014;Deutschland;8.26;5
20221014;Bremen;7.66;-5
20221014;Thüringen;8.76;11
20221014;Saarland;7.74;0
20221014;Sachsen-Anhalt;8.71;12
20221014;Rheinland-Pfalz;8.47;2
20221014;Schleswig-Holstein;7.99;5
20221021;Baden-Württemberg;8.68;9
20221021;Hessen;8.43;4
20221021;Berlin;8.1;4
20221021;Brandenburg;8.31;12
20221021;Sachsen;7.91;4
20221021;Bayern;8.63;8
20221021;Nordrhein-Westfalen;7.98;6
20221021;Hamburg;7.36;-2
20221021;Mecklenburg-Vorpommern;8.89;13
20221021;Niedersachsen;8.14;3
20221021;Deutschland;8.27;5
20221021;Bremen;7.33;-9
20221021;Thüringen;8.39;6
20221021;Saarland;7.74;0
20221021;Sachsen-Anhalt;8.620000000000001;11
20221021;Rheinland-Pfalz;8.16;-2
20221021;Schleswig-Holstein;7.92;4
20221028;Baden-Württemberg;8.82;10
20221028;Hessen;8.17;1
20221028;Berlin;7.8500000000000005;1
20221028;Brandenburg;8.040000000000001;8
20221028;Sachsen;7.98;4
20221028;Bayern;8.75;9
20221028;Nordrhein-Westfalen;8.21;9
20221028;Hamburg;7.78;3
20221028;Mecklenburg-Vorpommern;8.950000000000001;13
20221028;Niedersachsen;8.19;3
20221028;Deutschland;8.34;6
20221028;Bremen;7.3500000000000005;-9
20221028;Thüringen;8.39;6
20221028;Saarland;7.5;-3
20221028;Sachsen-Anhalt;8.370000000000001;8
20221028;Rheinland-Pfalz;8.23;-1
20221028;Schleswig-Holstein;8.35;10
20221104;Baden-Württemberg;8.17;2
20221104;Hessen;8.25;2
20221104;Berlin;7.58;-3
20221104;Brandenburg;7.73;4
20221104;Sachsen;8.08;6
20221104;Bayern;8.13;1
20221104;Nordrhein-Westfalen;7.97;5
20221104;Hamburg;7.59;1
20221104;Mecklenburg-Vorpommern;8.55;8
20221104;Niedersachsen;8.41;6
20221104;Deutschland;7.76;-1
20221104;Bremen;7.51;-7
20221104;Thüringen;8.51;8
20221104;Saarland;7.22;-6
20221104;Sachsen-Anhalt;8.14;5
20221104;Rheinland-Pfalz;8.24;-1
20221104;Schleswig-Holstein;8.17;8
20221111;Baden-Württemberg;8.53;7
20221111;Hessen;8.290000000000001;3
20221111;Berlin;7.96;2
20221111;Brandenburg;8.07;9
20221111;Sachsen;8.09;6
20221111;Bayern;8.47;6
20221111;Nordrhein-Westfalen;7.98;6
20221111;Hamburg;7.55;0
20221111;Mecklenburg-Vorpommern;8.55;8
20221111;Niedersachsen;8.28;4
20221111;Deutschland;8.24;5
20221111;Bremen;7.54;-6
20221111;Thüringen;8.48;8
20221111;Saarland;7.63;-1
20221111;Sachsen-Anhalt;8.5;10
20221111;Rheinland-Pfalz;8.370000000000001;1
20221111;Schleswig-Holstein;8.15;7
20221118;Baden-Württemberg;8.57;7
20221118;Hessen;8.25;2
20221118;Berlin;7.8500000000000005;1
20221118;Brandenburg;7.99;8
20221118;Sachsen;7.890000000000001;3
20221118;Bayern;8.45;5
20221118;Nordrhein-Westfalen;8.07;7
20221118;Hamburg;7.47;-1
20221118;Mecklenburg-Vorpommern;8.31;5
20221118;Niedersachsen;8.21;3
20221118;Deutschland;8.18;4
20221118;Bremen;7.33;-9
20221118;Thüringen;8.39;6
20221118;Saarland;7.53;-2
20221118;Sachsen-Anhalt;8.32;7
20221118;Rheinland-Pfalz;8.2;-1
20221118;Schleswig-Holstein;8.01;5
20221125;Baden-Württemberg;8.45;6
20221125;Hessen;7.97;-1
20221125;Berlin;7.62;-2
20221125;Brandenburg;7.8100000000000005;5
20221125;Sachsen;7.75;1
20221125;Bayern;8.36;4
20221125;Nordrhein-Westfalen;7.88;4
20221125;Hamburg;7.29;-3
20221125;Mecklenburg-Vorpommern;8.1;3
20221125;Niedersachsen;8.03;1
20221125;Deutschland;8.03;2
20221125;Bremen;7.25;-10
20221125;Thüringen;8.2;4
20221125;Saarland;7.42;-4
20221125;Sachsen-Anhalt;8.19;6
20221125;Rheinland-Pfalz;8.040000000000001;-3
20221125;Schleswig-Holstein;7.78;2
20221202;Baden-Württemberg;8.44;6
20221202;Hessen;7.98;-1
20221202;Berlin;7.43;-5
20221202;Brandenburg;7.76;5
20221202;Sachsen;7.57;-1
20221202;Bayern;8.41;5
20221202;Nordrhein-Westfalen;7.8;3
20221202;Hamburg;7.1000000000000005;-6
20221202;Mecklenburg-Vorpommern;8.1;3
20221202;Niedersachsen;7.94;0
20221202;Deutschland;7.97;2
20221202;Bremen;6.96;-13
20221202;Thüringen;8.05;2
20221202;Saarland;7.37;-4
20221202;Sachsen-Anhalt;7.84;1
20221202;Rheinland-Pfalz;8.06;-3
20221202;Schleswig-Holstein;7.69;1
20221209;Baden-Württemberg;8.41;5
20221209;Hessen;7.96;-1
20221209;Berlin;7.2700000000000005;-7
20221209;Brandenburg;7.63;3
20221209;Sachsen;7.59;-1
20221209;Bayern;8.42;5
20221209;Nordrhein-Westfalen;7.74;2
20221209;Hamburg;7.1000000000000005;-6
20221209;Mecklenburg-Vorpommern;7.96;1
20221209;Niedersachsen;7.88;-1
20221209;Deutschland;7.94;1
20221209;Bremen;6.91;-14
20221209;Thüringen;8.14;3
20221209;Saarland;7.33;-5
20221209;Sachsen-Anhalt;7.96;3
20221209;Rheinland-Pfalz;8.0;-4
20221209;Schleswig-Holstein;7.67;1
20221216;Baden-Württemberg;8.35;4
20221216;Hessen;7.88;-2
20221216;Berlin;7.19;-8
20221216;Brandenburg;7.5600000000000005;2
20221216;Sachsen;7.33;-4
20221216;Bayern;8.38;4
20221216;Nordrhein-Westfalen;7.76;3
20221216;Hamburg;6.98;-7
20221216;Mecklenburg-Vorpommern;7.8;-1
20221216;Niedersachsen;7.72;-3
20221216;Deutschland;7.86;0
20221216;Bremen;6.72;-16
20221216;Thüringen;7.96;1
20221216;Saarland;7.42;-4
20221216;Sachsen-Anhalt;7.8100000000000005;1
20221216;Rheinland-Pfalz;7.97;-4
20221216;Schleswig-Holstein;7.47;-2
20221223;Baden-Württemberg;7.95;-1
20221223;Hessen;7.38;-9
20221223;Berlin;6.84;-12
20221223;Brandenburg;7.05;-5
20221223;Sachsen;6.93;-9
20221223;Bayern;8.1;1
20221223;Nordrhein-Westfalen;7.4;-2
20221223;Hamburg;6.82;-10
20221223;Mecklenburg-Vorpommern;7.390000000000001;-6
20221223;Niedersachsen;7.34;-7
20221223;Deutschland;7.49;-4
20221223;Bremen;6.41;-20
20221223;Thüringen;7.5200000000000005;-5
20221223;Saarland;6.87;-11
20221223;Sachsen-Anhalt;7.34;-5
20221223;Rheinland-Pfalz;7.5200000000000005;-9
20221223;Schleswig-Holstein;7.28;-4
20221230;Baden-Württemberg;7.17;-10
20221230;Hessen;6.71;-17
20221230;Berlin;6.2;-20
20221230;Brandenburg;6.45;-13
20221230;Sachsen;6.28;-18
20221230;Bayern;7.22;-10
20221230;Nordrhein-Westfalen;6.5600000000000005;-13
20221230;Hamburg;6.0;-20
20221230;Mecklenburg-Vorpommern;7.0200000000000005;-11
20221230;Niedersachsen;6.63;-16
20221230;Deutschland;6.5600000000000005;-16
20221230;Bremen;5.66;-30
20221230;Thüringen;6.84;-13
20221230;Saarland;6.07;-21
20221230;Sachsen-Anhalt;6.69;-14
20221230;Rheinland-Pfalz;6.72;-19
20221230;Schleswig-Holstein;6.55;-14
