date,BundeslandID,outOfHomeDuration
20200302,Deutschland,7.88
20200303,Deutschland,7.92
20200304,Deutschland,7.76
20200305,Deutschland,7.81
20200306,Deutschland,7.82
20200307,Deutschland,6.41
20200308,Deutschland,5.4
20200309,Deutschland,7.66
20200310,Deutschland,7.69
20200311,Deutschland,7.82
20200312,Deutschland,7.73
20200313,Deutschland,7.640000000000001
20200314,Deutschland,5.99
20200315,Deutschland,5.05
20200316,Deutschland,7.11
20200317,Deutschland,6.74
20200318,Deutschland,6.54
20200319,Deutschland,6.36
20200320,Deutschland,6.12
20200321,Deutschland,4.5600000000000005
20200322,Deutschland,3.96
20200323,Deutschland,5.8100000000000005
20200324,Deutschland,5.75
20200325,Deutschland,5.74
20200326,Deutschland,5.76
20200327,Deutschland,5.79
20200328,Deutschland,4.32
20200329,Deutschland,3.75
20200330,Deutschland,5.93
20200331,Deutschland,6.0200000000000005
20200401,Deutschland,6.05
20200402,Deutschland,5.98
20200403,Deutschland,5.84
20200404,Deutschland,4.87
20200405,Deutschland,4.3500000000000005
20200406,Deutschland,6.140000000000001
20200407,Deutschland,6.28
20200408,Deutschland,6.43
20200409,Deutschland,6.4
20200410,Deutschland,4.48
20200411,Deutschland,5.13
20200412,Deutschland,4.62
20200413,Deutschland,4.18
20200414,Deutschland,6
20200415,Deutschland,6.08
20200416,Deutschland,6.23
20200417,Deutschland,6.23
20200418,Deutschland,5.19
20200419,Deutschland,4.48
20200420,Deutschland,6.37
20200421,Deutschland,6.390000000000001
20200422,Deutschland,6.51
20200423,Deutschland,6.59
20200424,Deutschland,6.53
20200425,Deutschland,5.3500000000000005
20200426,Deutschland,4.66
20200427,Deutschland,6.58
20200428,Deutschland,6.59
20200429,Deutschland,6.59
20200430,Deutschland,6.8100000000000005
20200501,Deutschland,4.78
20200502,Deutschland,5.5
20200503,Deutschland,4.79
20200504,Deutschland,6.87
20200505,Deutschland,6.94
20200506,Deutschland,6.87
20200507,Deutschland,6.93
20200508,Deutschland,6.91
20200509,Deutschland,5.87
20200510,Deutschland,5.05
20200511,Deutschland,6.63
20200512,Deutschland,6.83
20200513,Deutschland,6.82
20200514,Deutschland,6.93
20200515,Deutschland,7.01
20200516,Deutschland,5.91
20200517,Deutschland,5.14
20200518,Deutschland,7.08
20200519,Deutschland,7.140000000000001
20200520,Deutschland,7.42
20200521,Deutschland,5.84
20200522,Deutschland,6.62
20200523,Deutschland,5.7700000000000005
20200524,Deutschland,5.19
20200525,Deutschland,7.05
20200526,Deutschland,7.25
20200527,Deutschland,7.31
20200528,Deutschland,7.35
20200529,Deutschland,7.53
20200530,Deutschland,6.5
20200531,Deutschland,5.67
20200601,Deutschland,5.91
20200602,Deutschland,7.46
20200603,Deutschland,7.37
20200604,Deutschland,7.21
20200605,Deutschland,7.29
20200606,Deutschland,6.15
20200607,Deutschland,5.14
20200608,Deutschland,7.31
20200609,Deutschland,7.41
20200610,Deutschland,7.66
20200611,Deutschland,6.4
20200612,Deutschland,7.67
20200613,Deutschland,6.69
20200614,Deutschland,5.49
20200615,Deutschland,7.32
20200616,Deutschland,7.53
20200617,Deutschland,7.78
20200618,Deutschland,7.81
20200619,Deutschland,7.84
20200620,Deutschland,6.72
20200621,Deutschland,5.98
20200622,Deutschland,7.74
20200623,Deutschland,7.9
20200624,Deutschland,7.92
20200625,Deutschland,8.17
20200626,Deutschland,8.2
20200627,Deutschland,6.83
20200628,Deutschland,5.75
20200629,Deutschland,7.62
20200630,Deutschland,7.76
20200701,Deutschland,7.75
20200702,Deutschland,7.79
20200703,Deutschland,7.98
20200704,Deutschland,6.8500000000000005
20200705,Deutschland,5.83
20200706,Deutschland,7.61
20200707,Deutschland,7.68
20200708,Deutschland,7.57
20200709,Deutschland,7.67
20200710,Deutschland,7.8
20200711,Deutschland,6.86
20200712,Deutschland,6.07
20200713,Deutschland,7.77
20200714,Deutschland,7.76
20200715,Deutschland,7.66
20200716,Deutschland,7.66
20200717,Deutschland,7.92
20200718,Deutschland,7.07
20200719,Deutschland,6.2
20200720,Deutschland,7.66
20200721,Deutschland,7.73
20200722,Deutschland,7.77
20200723,Deutschland,7.86
20200724,Deutschland,7.9
20200725,Deutschland,6.99
20200726,Deutschland,5.86
20200727,Deutschland,7.640000000000001
20200728,Deutschland,7.65
20200729,Deutschland,7.77
20200730,Deutschland,7.85
20200731,Deutschland,8.03
20200801,Deutschland,7.1000000000000005
20200802,Deutschland,5.98
20200803,Deutschland,7.62
20200804,Deutschland,7.99
20200805,Deutschland,7.83
20200806,Deutschland,7.86
20200807,Deutschland,7.94
20200808,Deutschland,7.07
20200809,Deutschland,6.13
20200810,Deutschland,7.66
20200811,Deutschland,7.66
20200812,Deutschland,7.76
20200813,Deutschland,7.82
20200814,Deutschland,7.930000000000001
20200815,Deutschland,6.86
20200816,Deutschland,6.16
20200817,Deutschland,7.71
20200818,Deutschland,7.82
20200819,Deutschland,7.930000000000001
20200820,Deutschland,7.930000000000001
20200821,Deutschland,8.03
20200822,Deutschland,6.8100000000000005
20200823,Deutschland,5.95
20200824,Deutschland,7.73
20200825,Deutschland,8.03
20200826,Deutschland,7.97
20200827,Deutschland,8.19
20200828,Deutschland,8.09
20200829,Deutschland,6.92
20200830,Deutschland,5.7700000000000005
20200831,Deutschland,7.85
20200901,Deutschland,7.95
20200902,Deutschland,8.01
20200903,Deutschland,8.11
20200904,Deutschland,8.24
20200905,Deutschland,6.93
20200906,Deutschland,5.98
20200907,Deutschland,7.98
20200908,Deutschland,8.09
20200909,Deutschland,8.16
20200910,Deutschland,8.31
20200911,Deutschland,8.4
20200912,Deutschland,7.13
20200913,Deutschland,6.26
20200914,Deutschland,8.19
20200915,Deutschland,8.26
20200916,Deutschland,8.24
20200917,Deutschland,8.34
20200918,Deutschland,8.47
20200919,Deutschland,7.1000000000000005
20200920,Deutschland,6.2
20200921,Deutschland,8.14
20200922,Deutschland,8.14
20200923,Deutschland,8.11
20200924,Deutschland,8.24
20200925,Deutschland,8.21
20200926,Deutschland,6.55
20200927,Deutschland,5.64
20200928,Deutschland,7.97
20200929,Deutschland,7.92
20200930,Deutschland,8.120000000000001
20201001,Deutschland,8.24
20201002,Deutschland,8.43
20201003,Deutschland,6.01
20201004,Deutschland,5.79
20201005,Deutschland,7.92
20201006,Deutschland,7.94
20201007,Deutschland,8.2
20201008,Deutschland,8.17
20201009,Deutschland,8.28
20201010,Deutschland,6.78
20201011,Deutschland,5.95
20201012,Deutschland,7.74
20201013,Deutschland,7.78
20201014,Deutschland,7.68
20201015,Deutschland,7.7
20201016,Deutschland,7.79
20201017,Deutschland,6.54
20201018,Deutschland,5.47
20201019,Deutschland,7.62
20201020,Deutschland,7.68
20201021,Deutschland,7.71
20201022,Deutschland,7.82
20201023,Deutschland,7.74
20201024,Deutschland,6.48
20201025,Deutschland,5.34
20201026,Deutschland,7.45
20201027,Deutschland,7.53
20201028,Deutschland,7.55
20201029,Deutschland,7.61
20201030,Deutschland,7.72
20201031,Deutschland,6.19
20201101,Deutschland,5.09
20201102,Deutschland,7.28
20201103,Deutschland,7.27
20201104,Deutschland,7.26
20201105,Deutschland,7.44
20201106,Deutschland,7.390000000000001
20201107,Deutschland,5.87
20201108,Deutschland,4.76
20201109,Deutschland,7.47
20201110,Deutschland,7.49
20201111,Deutschland,7.42
20201112,Deutschland,7.43
20201113,Deutschland,7.49
20201114,Deutschland,5.89
20201115,Deutschland,4.73
20201116,Deutschland,7.22
20201117,Deutschland,7.18
20201118,Deutschland,7.08
20201119,Deutschland,7.34
20201120,Deutschland,7.41
20201121,Deutschland,5.78
20201122,Deutschland,4.58
20201123,Deutschland,7.11
20201124,Deutschland,7.25
20201125,Deutschland,7.27
20201126,Deutschland,7.36
20201127,Deutschland,7.45
20201128,Deutschland,5.8500000000000005
20201129,Deutschland,4.61
20201130,Deutschland,7.42
20201201,Deutschland,7.390000000000001
20201202,Deutschland,7.42
20201203,Deutschland,7.61
20201204,Deutschland,7.7
20201205,Deutschland,6.04
20201206,Deutschland,4.71
20201207,Deutschland,7.5
20201208,Deutschland,7.47
20201209,Deutschland,7.22
20201210,Deutschland,7.2
20201211,Deutschland,7.43
20201212,Deutschland,5.88
20201213,Deutschland,4.55
20201214,Deutschland,7.31
20201215,Deutschland,7.11
20201216,Deutschland,6.45
20201217,Deutschland,6.46
20201218,Deutschland,6.46
20201219,Deutschland,5.2
20201220,Deutschland,4.22
20201221,Deutschland,6.12
20201222,Deutschland,6.03
20201223,Deutschland,5.84
20201224,Deutschland,5.24
20201225,Deutschland,4.76
20201226,Deutschland,4.69
20201227,Deutschland,4.24
20201228,Deutschland,5.36
20201229,Deutschland,5.4
20201230,Deutschland,5.53
20201231,Deutschland,5.2
20210101,Deutschland,4.28
20210102,Deutschland,4.74
20210103,Deutschland,4.18
20210104,Deutschland,5.8500000000000005
20210105,Deutschland,5.92
20210106,Deutschland,5.46
20210107,Deutschland,6.0200000000000005
20210108,Deutschland,6.05
20210109,Deutschland,4.96
20210110,Deutschland,4.34
20210111,Deutschland,6.3
20210112,Deutschland,6.18
20210113,Deutschland,6.25
20210114,Deutschland,6.34
20210115,Deutschland,6.36
20210116,Deutschland,4.95
20210117,Deutschland,4.15
20210118,Deutschland,6.34
20210119,Deutschland,6.29
20210120,Deutschland,6.4
20210121,Deutschland,6.44
20210122,Deutschland,6.44
20210123,Deutschland,5.01
20210124,Deutschland,4.2
20210125,Deutschland,6.32
20210126,Deutschland,6.390000000000001
20210127,Deutschland,6.33
20210128,Deutschland,6.37
20210129,Deutschland,6.45
20210130,Deutschland,5.08
20210131,Deutschland,4.43
20210201,Deutschland,6.36
20210202,Deutschland,6.38
20210203,Deutschland,6.3
20210204,Deutschland,6.57
20210205,Deutschland,6.5200000000000005
20210206,Deutschland,5.0600000000000005
20210207,Deutschland,3.98
20210208,Deutschland,5.92
20210209,Deutschland,6.11
20210210,Deutschland,6.19
20210211,Deutschland,6.4
20210212,Deutschland,6.44
20210213,Deutschland,5.25
20210214,Deutschland,4.55
20210215,Deutschland,6.25
20210216,Deutschland,6.390000000000001
20210217,Deutschland,6.48
20210218,Deutschland,6.63
20210219,Deutschland,6.68
20210220,Deutschland,5.55
20210221,Deutschland,4.96
20210222,Deutschland,6.69
20210223,Deutschland,6.79
20210224,Deutschland,6.84
20210225,Deutschland,6.95
20210226,Deutschland,6.91
20210227,Deutschland,5.49
20210228,Deutschland,4.78
20210301,Deutschland,6.8500000000000005
20210302,Deutschland,6.91
20210303,Deutschland,6.93
20210304,Deutschland,6.84
20210305,Deutschland,6.92
20210306,Deutschland,5.59
20210307,Deutschland,4.71
20210308,Deutschland,6.79
20210309,Deutschland,6.88
20210310,Deutschland,6.890000000000001
20210311,Deutschland,6.84
20210312,Deutschland,7
20210313,Deutschland,5.45
20210314,Deutschland,4.45
20210315,Deutschland,6.890000000000001
20210316,Deutschland,6.97
20210317,Deutschland,6.94
20210318,Deutschland,7.0200000000000005
20210319,Deutschland,7.0600000000000005
20210320,Deutschland,5.66
20210321,Deutschland,4.5
20210322,Deutschland,6.890000000000001
20210323,Deutschland,6.93
20210324,Deutschland,7.08
20210325,Deutschland,7.12
20210326,Deutschland,7.28
20210327,Deutschland,5.09
20210328,Deutschland,4.94
20210329,Deutschland,7.19
20210330,Deutschland,7.35
20210331,Deutschland,7.41
20210401,Deutschland,7.390000000000001
20210402,Deutschland,5.1000000000000005
20210403,Deutschland,5.89
20210404,Deutschland,5.3
20210405,Deutschland,4.84
20210406,Deutschland,6.76
20210407,Deutschland,6.74
20210408,Deutschland,6.96
20210409,Deutschland,7.13
20210410,Deutschland,5.74
20210411,Deutschland,4.84
20210412,Deutschland,7.08
20210413,Deutschland,7.1000000000000005
20210414,Deutschland,6.97
20210415,Deutschland,7.18
20210416,Deutschland,7.22
20210417,Deutschland,5.7700000000000005
20210418,Deutschland,4.72
20210419,Deutschland,7.09
20210420,Deutschland,7.26
20210421,Deutschland,7.15
20210422,Deutschland,7.24
20210423,Deutschland,7.36
20210424,Deutschland,5.95
20210425,Deutschland,5.14
20210426,Deutschland,7.17
20210427,Deutschland,7.36
20210428,Deutschland,7.48
20210429,Deutschland,7.19
20210430,Deutschland,7.34
20210501,Deutschland,5.13
20210502,Deutschland,4.7700000000000005
20210503,Deutschland,7.18
20210504,Deutschland,7.01
20210505,Deutschland,7.05
20210506,Deutschland,7.140000000000001
20210507,Deutschland,7.28
20210508,Deutschland,6.1000000000000005
20210509,Deutschland,5.82
20210510,Deutschland,7.3
20210511,Deutschland,7.26
20210512,Deutschland,7.51
20210513,Deutschland,5.4
20210514,Deutschland,6.8
20210515,Deutschland,5.98
20210516,Deutschland,5.14
20210517,Deutschland,7.37
20210518,Deutschland,7.35
20210519,Deutschland,7.38
20210520,Deutschland,7.53
20210521,Deutschland,7.65
20210522,Deutschland,6.28
20210523,Deutschland,5.46
20210524,Deutschland,5.57
20210525,Deutschland,7.32
20210526,Deutschland,7.35
20210527,Deutschland,7.41
20210528,Deutschland,7.76
20210529,Deutschland,6.640000000000001
20210530,Deutschland,5.86
20210531,Deutschland,7.74
20210601,Deutschland,7.84
20210602,Deutschland,8.09
20210603,Deutschland,6.58
20210604,Deutschland,7.58
20210605,Deutschland,6.57
20210606,Deutschland,5.47
20210607,Deutschland,7.75
20210608,Deutschland,7.82
20210609,Deutschland,7.9
20210610,Deutschland,7.99
20210611,Deutschland,8.22
20210612,Deutschland,6.82
20210613,Deutschland,5.98
20210614,Deutschland,7.98
20210622,Deutschland,8.26
20210623,Deutschland,8.32
20210624,Deutschland,8.28
20210625,Deutschland,8.58
20210626,Deutschland,7.36
20210627,Deutschland,6.34
20210628,Deutschland,8.11
20210629,Deutschland,8.01
20210630,Deutschland,8.05
20210701,Deutschland,8.1
20210702,Deutschland,8.41
20210703,Deutschland,7.36
20210704,Deutschland,6
20210705,Deutschland,7.9
20210706,Deutschland,7.91
20210707,Deutschland,7.96
20210708,Deutschland,7.930000000000001
20210709,Deutschland,7.99
20210710,Deutschland,7.12
20210711,Deutschland,5.97
20210712,Deutschland,7.82
20210713,Deutschland,7.54
20210714,Deutschland,7.7
20210715,Deutschland,7.88
20210716,Deutschland,8.040000000000001
20210717,Deutschland,6.96
20210720,Deutschland,7.86
20210721,Deutschland,7.92
20210722,Deutschland,7.98
20210723,Deutschland,8.19
20210724,Deutschland,7.09
20210725,Deutschland,6
20210726,Deutschland,7.76
20210727,Deutschland,7.890000000000001
20210728,Deutschland,7.87
20210729,Deutschland,8.01
20210730,Deutschland,8.08
20210731,Deutschland,7.05
20210801,Deutschland,5.87
20210802,Deutschland,7.61
20210803,Deutschland,7.59
20210804,Deutschland,7.62
20210805,Deutschland,7.7
20210806,Deutschland,7.8
20210807,Deutschland,6.91
20210808,Deutschland,5.95
20210809,Deutschland,7.640000000000001
20210810,Deutschland,7.63
20210811,Deutschland,7.84
20210812,Deutschland,7.86
20210813,Deutschland,7.95
20210814,Deutschland,7.18
20210815,Deutschland,6.2
20210816,Deutschland,7.43
20210817,Deutschland,7.58
20210820,Deutschland,7.99
20210821,Deutschland,7.13
20210822,Deutschland,5.69
20210823,Deutschland,7.58
20210824,Deutschland,7.63
20210825,Deutschland,7.59
20210826,Deutschland,7.71
20210827,Deutschland,7.84
20210828,Deutschland,6.69
20210829,Deutschland,5.43
20210830,Deutschland,7.59
20210831,Deutschland,7.76
20210901,Deutschland,7.9
20210902,Deutschland,7.99
20210903,Deutschland,8.17
20210904,Deutschland,6.98
20210905,Deutschland,6.1000000000000005
20210906,Deutschland,7.86
20210907,Deutschland,7.94
20210908,Deutschland,8.03
20210909,Deutschland,8.040000000000001
20210910,Deutschland,8.07
20210911,Deutschland,6.78
20210912,Deutschland,5.97
20210913,Deutschland,7.86
20210914,Deutschland,7.92
20210915,Deutschland,7.82
20210916,Deutschland,7.94
20210917,Deutschland,8.21
20210918,Deutschland,6.93
20210919,Deutschland,5.86
20210920,Deutschland,7.99
20210921,Deutschland,8.11
20210922,Deutschland,8.17
20210923,Deutschland,8.23
20210924,Deutschland,8.38
20210925,Deutschland,7.17
20210926,Deutschland,6.22
20210927,Deutschland,8.05
20210928,Deutschland,8.13
20210929,Deutschland,8.05
20210930,Deutschland,8.26
20211001,Deutschland,8.45
20211002,Deutschland,7.12
20211003,Deutschland,5.97
20211004,Deutschland,8.040000000000001
20211005,Deutschland,8.09
20211006,Deutschland,8.15
20211007,Deutschland,8.3
20211008,Deutschland,8.43
20211009,Deutschland,7.22
20211011,Deutschland,7.98
20211012,Deutschland,7.9
20211013,Deutschland,7.95
20211014,Deutschland,8
20211015,Deutschland,8.120000000000001
20211016,Deutschland,7.0200000000000005
20211017,Deutschland,5.95
20211018,Deutschland,7.91
20211019,Deutschland,7.85
20211020,Deutschland,7.890000000000001
20211021,Deutschland,7.75
20211022,Deutschland,7.96
20211023,Deutschland,6.93
20211024,Deutschland,6.03
20211025,Deutschland,7.97
20211026,Deutschland,8.01
20211027,Deutschland,8.07
20211028,Deutschland,8.13
20211029,Deutschland,8.31
20211030,Deutschland,6.98
20211031,Deutschland,6.1000000000000005
20211101,Deutschland,6.54
20211102,Deutschland,7.77
20211103,Deutschland,7.73
20211104,Deutschland,7.95
20211105,Deutschland,7.87
20211106,Deutschland,6.59
20211107,Deutschland,5.42
20211108,Deutschland,7.77
20211109,Deutschland,7.88
20211110,Deutschland,7.82
20211111,Deutschland,7.86
20211112,Deutschland,7.9
20211113,Deutschland,6.42
20211114,Deutschland,5.34
20211115,Deutschland,7.71
20211116,Deutschland,7.71
20211117,Deutschland,7.59
20211118,Deutschland,7.85
20211119,Deutschland,7.85
20211120,Deutschland,6.45
20211121,Deutschland,5.26
20211122,Deutschland,7.79
20211123,Deutschland,7.68
20211124,Deutschland,7.57
20211125,Deutschland,7.66
20211126,Deutschland,7.76
20211127,Deutschland,6.29
20211128,Deutschland,5.2
20211129,Deutschland,7.56
20211130,Deutschland,7.54
20211201,Deutschland,7.56
20211202,Deutschland,7.63
20211203,Deutschland,7.73
20211204,Deutschland,6.23
20211205,Deutschland,5.17
20211206,Deutschland,7.57
20211207,Deutschland,7.56
20211208,Deutschland,7.390000000000001
20211209,Deutschland,7.61
20211210,Deutschland,7.72
20211211,Deutschland,6.28
20211212,Deutschland,5.08
20211213,Deutschland,7.58
20211214,Deutschland,7.6
20211215,Deutschland,7.58
20211217,Deutschland,7.78
20211218,Deutschland,6.3500000000000005
20211219,Deutschland,5.18
20211220,Deutschland,7.49
20211221,Deutschland,7.46
20211222,Deutschland,7.44
20211223,Deutschland,7.05
20211224,Deutschland,6.03
20211225,Deutschland,5.55
20211226,Deutschland,5.57
20211227,Deutschland,6.32
20211228,Deutschland,6.2700000000000005
20211229,Deutschland,6.3500000000000005
20211230,Deutschland,6.47
20211231,Deutschland,6.22
20220101,Deutschland,5.23
20220102,Deutschland,5.1000000000000005
20220103,Deutschland,6.7
20220104,Deutschland,6.63
20220105,Deutschland,6.82
20220106,Deutschland,6.47
20220107,Deutschland,6.84
20220108,Deutschland,5.9
20220109,Deutschland,4.91
20220110,Deutschland,7.35
20220111,Deutschland,7.41
20220112,Deutschland,7.390000000000001
20220113,Deutschland,7.48
20220114,Deutschland,7.54
20220115,Deutschland,6.04
20220116,Deutschland,4.98
20220117,Deutschland,7.4
20220118,Deutschland,7.44
20220119,Deutschland,7.36
20220120,Deutschland,7.38
20220121,Deutschland,7.51
20220122,Deutschland,5.97
20220123,Deutschland,4.98
20220124,Deutschland,7.390000000000001
20220125,Deutschland,7.36
20220126,Deutschland,7.31
20220128,Deutschland,7.55
20220129,Deutschland,6.0200000000000005
20220130,Deutschland,5.09
20220131,Deutschland,7.25
20220201,Deutschland,7.29
20220202,Deutschland,7.31
20220203,Deutschland,7.43
20220204,Deutschland,7.51
20220205,Deutschland,6.21
20220206,Deutschland,4.8500000000000005
20220207,Deutschland,7.41
20220208,Deutschland,7.44
20220209,Deutschland,7.5
20220210,Deutschland,7.53
20220211,Deutschland,7.6
20220212,Deutschland,6.41
20220213,Deutschland,5.48
20220214,Deutschland,7.55
20220215,Deutschland,7.48
20220216,Deutschland,7.51
20220217,Deutschland,7.07
20220218,Deutschland,7.45
20220219,Deutschland,6.24
20220220,Deutschland,5.05
20220221,Deutschland,7.390000000000001
20220222,Deutschland,7.53
20220223,Deutschland,7.67
20220224,Deutschland,7.61
20220225,Deutschland,7.6
20220226,Deutschland,6.49
20220227,Deutschland,5.62
20220228,Deutschland,7.43
20220301,Deutschland,7.51
20220302,Deutschland,7.58
20220303,Deutschland,7.7
20220304,Deutschland,7.74
20220305,Deutschland,6.5
20220306,Deutschland,5.41
20220307,Deutschland,7.57
20220308,Deutschland,7.52
20220309,Deutschland,7.67
20220310,Deutschland,7.7
20220311,Deutschland,7.77
20220312,Deutschland,6.46
20220313,Deutschland,5.62
20220314,Deutschland,7.56
20220315,Deutschland,7.53
20220316,Deutschland,7.59
20220317,Deutschland,7.59
20220318,Deutschland,7.76
20220319,Deutschland,6.49
20220320,Deutschland,5.53
20220321,Deutschland,7.640000000000001
20220322,Deutschland,7.6
20220323,Deutschland,7.73
20220324,Deutschland,7.76
20220325,Deutschland,7.87
20220326,Deutschland,5.8
20220327,Deutschland,5.86
20220328,Deutschland,7.86
20220329,Deutschland,7.86
20220330,Deutschland,7.82
20220331,Deutschland,7.88
20220401,Deutschland,7.94
20220402,Deutschland,6.44
20220403,Deutschland,5.5
20220404,Deutschland,7.77
20220405,Deutschland,7.77
20220406,Deutschland,7.88
20220407,Deutschland,7.85
20220408,Deutschland,8.03
20220410,Deutschland,5.65
20220411,Deutschland,7.76
20220412,Deutschland,7.890000000000001
20220413,Deutschland,7.94
20220414,Deutschland,8.01
20220415,Deutschland,5.97
20220416,Deutschland,6.95
20220417,Deutschland,6.41
20220418,Deutschland,6.33
20220419,Deutschland,7.75
20220420,Deutschland,7.83
20220421,Deutschland,7.79
20220422,Deutschland,7.930000000000001
20220423,Deutschland,6.96
20220424,Deutschland,5.74
20220425,Deutschland,7.98
20220426,Deutschland,8.08
20220427,Deutschland,8.17
20220428,Deutschland,8.25
20220429,Deutschland,8.41
20220430,Deutschland,7.0600000000000005
20220501,Deutschland,6.05
20220502,Deutschland,8.22
20220503,Deutschland,8.26
20220504,Deutschland,8.26
20220505,Deutschland,8.33
20220506,Deutschland,8.56
20220507,Deutschland,7.31
20220508,Deutschland,6.54
20220509,Deutschland,8.33
20220510,Deutschland,8.39
20220511,Deutschland,8.47
20220512,Deutschland,8.45
20220513,Deutschland,8.6
20220514,Deutschland,7.41
20220515,Deutschland,6.55
20220516,Deutschland,8.24
20220517,Deutschland,8.34
20220518,Deutschland,8.46
20220519,Deutschland,8.43
20220520,Deutschland,8.42
20220521,Deutschland,7.32
20220522,Deutschland,6.41
20220523,Deutschland,8.23
20220524,Deutschland,8.27
20220525,Deutschland,8.75
20220526,Deutschland,6.57
20220527,Deutschland,7.68
20220528,Deutschland,7.16
20220529,Deutschland,6.09
20220530,Deutschland,8.25
20220531,Deutschland,8.35
20220601,Deutschland,8.45
20220602,Deutschland,8.58
20220603,Deutschland,8.76
20220604,Deutschland,7.58
20220605,Deutschland,6.42
20220606,Deutschland,6.28
20220607,Deutschland,8.25
20220608,Deutschland,8.26
20220609,Deutschland,8.24
20220610,Deutschland,8.52
20220611,Deutschland,7.51
20220612,Deutschland,6.65
20220613,Deutschland,8.34
20220614,Deutschland,8.34
20220615,Deutschland,8.58
20220616,Deutschland,7.32
20220617,Deutschland,8.23
20220618,Deutschland,7.57
20220619,Deutschland,6.46
20220620,Deutschland,8.2
20220621,Deutschland,8.4
20220622,Deutschland,8.42
20220623,Deutschland,8.47
20220624,Deutschland,8.46
20220625,Deutschland,7.51
20220626,Deutschland,6.48
20220627,Deutschland,8.21
20220628,Deutschland,8.32
20220629,Deutschland,8.34
20220630,Deutschland,8.4
20220701,Deutschland,8.540000000000001
20220702,Deutschland,7.7
20220703,Deutschland,6.73
20220704,Deutschland,8.36
20220705,Deutschland,8.41
20220706,Deutschland,8.41
20220707,Deutschland,8.27
20220708,Deutschland,8.44
20220709,Deutschland,7.42
20220710,Deutschland,6.41
20220711,Deutschland,8.19
20220712,Deutschland,8.27
20220713,Deutschland,8.27
20220714,Deutschland,8.290000000000001
20220715,Deutschland,8.41
20220716,Deutschland,7.48
20220717,Deutschland,6.65
20220718,Deutschland,8.15
20220719,Deutschland,8.1
20220720,Deutschland,8.06
20220721,Deutschland,8.13
20220722,Deutschland,8.31
20220723,Deutschland,7.42
20220724,Deutschland,6.62
20220725,Deutschland,7.85
20220726,Deutschland,8.040000000000001
20220727,Deutschland,8.17
20220728,Deutschland,8.23
20220729,Deutschland,8.25
20220730,Deutschland,7.46
20220731,Deutschland,6.54
20220801,Deutschland,8.1
20220802,Deutschland,8.19
20220803,Deutschland,8.21
20220804,Deutschland,8.15
20220805,Deutschland,8.21
20220806,Deutschland,7.55
20220807,Deutschland,6.71
20220808,Deutschland,8.18
20220809,Deutschland,8.120000000000001
20220810,Deutschland,8.16
20220811,Deutschland,8.36
20220812,Deutschland,8.41
20220813,Deutschland,7.56
20220814,Deutschland,6.7
20220815,Deutschland,7.96
20220816,Deutschland,8.28
20220817,Deutschland,8.290000000000001
20220818,Deutschland,8.28
20220819,Deutschland,8.33
20220820,Deutschland,7.41
20220821,Deutschland,6.67
20220822,Deutschland,8.26
20220823,Deutschland,8.370000000000001
20220824,Deutschland,8.38
20220825,Deutschland,8.4
20220826,Deutschland,8.58
20220827,Deutschland,7.56
20220828,Deutschland,6.75
20220829,Deutschland,8.52
20220830,Deutschland,8.61
20220831,Deutschland,8.57
20220901,Deutschland,8.65
20220902,Deutschland,8.78
20220903,Deutschland,7.58
20220904,Deutschland,6.78
20220905,Deutschland,8.52
20220906,Deutschland,8.5
20220907,Deutschland,8.53
20220908,Deutschland,8.42
20220909,Deutschland,8.6
20220910,Deutschland,7.38
20220911,Deutschland,6.49
20220912,Deutschland,8.51
20220913,Deutschland,8.42
20220914,Deutschland,8.47
20220915,Deutschland,8.620000000000001
20220916,Deutschland,8.700000000000001
20220917,Deutschland,7.390000000000001
20220918,Deutschland,6.17
20220919,Deutschland,8.120000000000001
20220920,Deutschland,8.48
20220921,Deutschland,8.59
20220922,Deutschland,8.67
20220923,Deutschland,8.78
20220924,Deutschland,7.43
20220925,Deutschland,6.37
20220926,Deutschland,8.32
20220927,Deutschland,8.32
20220928,Deutschland,8.290000000000001
20220929,Deutschland,8.42
20220930,Deutschland,8.69
20221001,Deutschland,7.26
20221002,Deutschland,6.4
20221003,Deutschland,6.32
20221004,Deutschland,8.5
20221005,Deutschland,8.36
20221006,Deutschland,8.35
20221007,Deutschland,8.46
20221008,Deutschland,7.26
20221009,Deutschland,6.47
20221010,Deutschland,8.2
20221011,Deutschland,8.26
20221012,Deutschland,8.28
20221013,Deutschland,8.27
20221014,Deutschland,8.27
20221015,Deutschland,7.2
20221016,Deutschland,6.41
20221017,Deutschland,8.31
20221018,Deutschland,8.25
20221019,Deutschland,8.27
20221020,Deutschland,8.290000000000001
20221021,Deutschland,8.22
20221022,Deutschland,7.26
20221023,Deutschland,6.36
20221024,Deutschland,8.13
20221025,Deutschland,8.290000000000001
20221026,Deutschland,8.31
20221027,Deutschland,8.42
20221028,Deutschland,8.540000000000001
20221029,Deutschland,7.49
20221030,Deutschland,6.640000000000001
20221031,Deutschland,7.32
20221101,Deutschland,7.0600000000000005
20221102,Deutschland,8.13
20221103,Deutschland,8.13
20221104,Deutschland,8.14
20221105,Deutschland,7.0200000000000005
20221106,Deutschland,6.04
20221107,Deutschland,8.16
20221108,Deutschland,8.25
20221109,Deutschland,8.15
20221110,Deutschland,8.31
20221111,Deutschland,8.31
20221112,Deutschland,6.97
20221113,Deutschland,5.95
20221114,Deutschland,8.040000000000001
20221115,Deutschland,8.14
20221116,Deutschland,8.21
20221117,Deutschland,8.26
20221118,Deutschland,8.21
20221119,Deutschland,6.84
20221120,Deutschland,5.67
20221121,Deutschland,7.85
20221122,Deutschland,7.83
20221123,Deutschland,8
20221124,Deutschland,8.31
20221125,Deutschland,8.17
20221126,Deutschland,6.91
20221127,Deutschland,5.84
20221128,Deutschland,7.86
20221129,Deutschland,7.99
20221130,Deutschland,7.92
20221201,Deutschland,8.07
20221202,Deutschland,8.03
20221203,Deutschland,6.8100000000000005
20221204,Deutschland,5.68
20221205,Deutschland,7.86
20221206,Deutschland,7.930000000000001
20221207,Deutschland,7.94
20221208,Deutschland,7.98
20221209,Deutschland,7.98
20221210,Deutschland,6.75
20221211,Deutschland,5.68
20221212,Deutschland,7.82
20221213,Deutschland,7.9
20221214,Deutschland,7.76
20221215,Deutschland,7.88
20221216,Deutschland,7.97
20221217,Deutschland,6.72
20221218,Deutschland,5.65
20221219,Deutschland,7.45
20221220,Deutschland,7.74
20221221,Deutschland,7.66
20221222,Deutschland,7.51
20221223,Deutschland,7.1000000000000005
20221224,Deutschland,6.29
20221225,Deutschland,5.95
20221226,Deutschland,5.87
20221227,Deutschland,6.7
20221228,Deutschland,6.66
20221229,Deutschland,6.75
20221230,Deutschland,6.8
20221231,Deutschland,6.58
