date,Baden-Württemberg,Bavaria,Berlin,Brandenburg,Bremen,Hamburg,Hessen,Lower Saxony,Mecklenburg-Vorpommern,North Rhine-Westphalia,Rhineland-Palatinate,Saarland,Saxony,Saxony-Anhalt,Schleswig-Holstein,Thuringia
2020-02-15,-1.0,-1.0,-1.0,0.0,-1.0,-1.0,0.0,-1.0,-2.0,-1.0,-1.0,-1.0,-2.0,-1.0,0.0,-2.0
2020-02-16,-2.0,-1.0,0.0,0.0,0.0,1.0,-1.0,0.0,0.0,1.0,-1.0,-1.0,-1.0,-1.0,1.0,-1.0
2020-02-17,1.0,0.0,0.0,1.0,0.0,0.0,0.0,0.0,2.0,-1.0,2.0,3.0,3.0,0.0,0.0,1.0
2020-02-18,1.0,1.0,1.0,1.0,1.0,0.0,0.0,1.0,3.0,1.0,3.0,3.0,3.0,1.0,1.0,1.0
2020-02-19,0.0,0.0,0.0,1.0,1.0,1.0,0.0,1.0,3.0,0.0,2.0,3.0,3.0,1.0,1.0,1.0
2020-02-20,0.0,0.0,0.0,1.0,1.0,1.0,0.0,1.0,2.0,1.0,2.0,2.0,3.0,1.0,1.0,1.0
2020-02-21,2.0,0.0,1.0,1.0,1.0,0.0,1.0,1.0,2.0,3.0,4.0,3.0,3.0,1.0,1.0,1.0
2020-02-22,-1.0,-1.0,0.0,0.0,1.0,1.0,0.0,1.0,0.0,1.0,0.0,0.0,-1.0,0.0,1.0,0.0
2020-02-23,-1.0,0.0,0.0,1.0,1.0,1.0,0.0,1.0,1.0,1.0,0.0,0.0,1.0,0.0,1.0,1.0
2020-02-24,4.0,4.0,1.0,1.0,1.0,2.0,3.0,1.0,1.0,8.0,7.0,10.0,1.0,1.0,1.0,2.0
2020-02-25,5.0,6.0,1.0,1.0,1.0,1.0,3.0,1.0,1.0,4.0,6.0,7.0,1.0,1.0,1.0,2.0
2020-02-26,4.0,3.0,1.0,1.0,1.0,1.0,2.0,1.0,1.0,3.0,3.0,3.0,1.0,1.0,1.0,2.0
2020-02-27,4.0,3.0,1.0,1.0,1.0,1.0,2.0,1.0,0.0,2.0,3.0,4.0,1.0,1.0,1.0,1.0
2020-02-28,3.0,3.0,1.0,1.0,0.0,0.0,1.0,1.0,0.0,2.0,2.0,1.0,1.0,1.0,0.0,1.0
2020-02-29,1.0,0.0,0.0,0.0,0.0,-1.0,1.0,0.0,0.0,2.0,2.0,2.0,0.0,0.0,0.0,0.0
2020-03-01,0.0,-1.0,-1.0,0.0,0.0,0.0,0.0,0.0,-1.0,1.0,1.0,1.0,-1.0,-1.0,0.0,0.0
2020-03-02,1.0,0.0,1.0,1.0,0.0,2.0,0.0,0.0,1.0,0.0,0.0,1.0,1.0,0.0,0.0,1.0
2020-03-03,1.0,1.0,2.0,1.0,1.0,3.0,0.0,1.0,1.0,1.0,1.0,1.0,2.0,1.0,1.0,1.0
2020-03-04,1.0,1.0,1.0,1.0,1.0,3.0,1.0,1.0,1.0,1.0,1.0,2.0,0.0,1.0,1.0,1.0
2020-03-05,2.0,1.0,1.0,1.0,1.0,3.0,2.0,1.0,0.0,2.0,2.0,3.0,0.0,1.0,1.0,1.0
2020-03-06,3.0,2.0,3.0,2.0,2.0,3.0,2.0,2.0,1.0,2.0,2.0,2.0,1.0,2.0,2.0,2.0
2020-03-07,1.0,1.0,2.0,1.0,0.0,-1.0,1.0,0.0,0.0,1.0,1.0,1.0,1.0,1.0,0.0,0.0
2020-03-08,0.0,-1.0,0.0,-1.0,0.0,-1.0,0.0,0.0,-1.0,1.0,0.0,1.0,-1.0,-1.0,0.0,-1.0
2020-03-09,1.0,1.0,2.0,2.0,0.0,3.0,1.0,0.0,1.0,1.0,1.0,2.0,1.0,0.0,1.0,1.0
2020-03-10,3.0,3.0,3.0,2.0,2.0,4.0,2.0,2.0,2.0,3.0,3.0,3.0,2.0,2.0,2.0,2.0
2020-03-11,2.0,2.0,2.0,1.0,1.0,3.0,2.0,1.0,1.0,2.0,2.0,2.0,1.0,1.0,1.0,2.0
2020-03-12,3.0,2.0,4.0,2.0,3.0,5.0,2.0,2.0,1.0,2.0,2.0,3.0,2.0,2.0,3.0,2.0
2020-03-13,4.0,3.0,6.0,3.0,4.0,6.0,3.0,4.0,2.0,4.0,4.0,4.0,2.0,3.0,3.0,3.0
2020-03-14,5.0,4.0,4.0,2.0,3.0,2.0,4.0,3.0,1.0,4.0,4.0,5.0,2.0,2.0,3.0,2.0
2020-03-15,2.0,2.0,4.0,2.0,3.0,4.0,2.0,3.0,2.0,3.0,2.0,2.0,1.0,1.0,4.0,1.0
2020-03-16,6.0,7.0,8.0,4.0,6.0,11.0,6.0,6.0,5.0,6.0,6.0,8.0,5.0,4.0,7.0,3.0
2020-03-17,11.0,11.0,13.0,6.0,9.0,14.0,10.0,9.0,7.0,10.0,10.0,9.0,8.0,7.0,10.0,7.0
2020-03-18,12.0,12.0,13.0,9.0,11.0,17.0,12.0,11.0,9.0,12.0,12.0,12.0,7.0,7.0,13.0,8.0
2020-03-19,14.0,14.0,17.0,12.0,14.0,19.0,14.0,13.0,10.0,14.0,13.0,14.0,10.0,9.0,14.0,9.0
2020-03-20,16.0,15.0,20.0,14.0,16.0,20.0,16.0,16.0,12.0,17.0,15.0,15.0,15.0,13.0,16.0,14.0
2020-03-21,15.0,17.0,13.0,10.0,12.0,13.0,14.0,12.0,9.0,13.0,14.0,16.0,11.0,9.0,11.0,10.0
2020-03-22,11.0,12.0,10.0,7.0,8.0,11.0,9.0,9.0,7.0,9.0,9.0,10.0,8.0,6.0,9.0,7.0
2020-03-23,18.0,19.0,20.0,15.0,16.0,21.0,17.0,15.0,13.0,15.0,16.0,18.0,16.0,12.0,15.0,14.0
2020-03-24,19.0,20.0,21.0,16.0,17.0,22.0,18.0,17.0,14.0,18.0,18.0,19.0,17.0,14.0,16.0,15.0
2020-03-25,19.0,20.0,21.0,15.0,17.0,22.0,18.0,17.0,14.0,17.0,18.0,19.0,16.0,13.0,16.0,14.0
2020-03-26,20.0,21.0,21.0,16.0,17.0,22.0,19.0,17.0,13.0,17.0,18.0,19.0,17.0,14.0,17.0,15.0
2020-03-27,20.0,21.0,21.0,16.0,18.0,21.0,19.0,18.0,14.0,18.0,19.0,19.0,17.0,15.0,17.0,15.0
2020-03-28,12.0,14.0,12.0,10.0,12.0,13.0,12.0,12.0,8.0,12.0,12.0,13.0,10.0,9.0,11.0,8.0
2020-03-29,12.0,12.0,12.0,9.0,10.0,12.0,10.0,10.0,8.0,11.0,10.0,10.0,10.0,8.0,10.0,8.0
2020-03-30,18.0,19.0,21.0,16.0,17.0,22.0,17.0,16.0,15.0,16.0,16.0,17.0,16.0,13.0,16.0,15.0
2020-03-31,19.0,20.0,21.0,16.0,16.0,21.0,17.0,16.0,13.0,17.0,17.0,18.0,17.0,14.0,15.0,15.0
2020-04-01,18.0,19.0,20.0,14.0,17.0,22.0,17.0,16.0,14.0,16.0,16.0,17.0,15.0,12.0,17.0,13.0
2020-04-02,18.0,19.0,21.0,15.0,18.0,22.0,18.0,17.0,13.0,17.0,17.0,18.0,15.0,13.0,17.0,13.0
2020-04-03,20.0,21.0,22.0,16.0,18.0,22.0,19.0,18.0,15.0,19.0,19.0,19.0,18.0,15.0,18.0,16.0
2020-04-04,12.0,14.0,12.0,10.0,12.0,13.0,12.0,11.0,8.0,12.0,12.0,13.0,11.0,9.0,12.0,8.0
2020-04-05,8.0,10.0,8.0,6.0,7.0,9.0,8.0,7.0,5.0,7.0,7.0,8.0,6.0,4.0,7.0,4.0
2020-04-06,16.0,18.0,18.0,13.0,14.0,19.0,15.0,14.0,11.0,14.0,15.0,16.0,13.0,10.0,14.0,12.0
2020-04-07,17.0,18.0,18.0,13.0,15.0,19.0,16.0,16.0,11.0,16.0,15.0,17.0,13.0,11.0,15.0,12.0
2020-04-08,16.0,17.0,16.0,12.0,14.0,19.0,15.0,14.0,10.0,14.0,15.0,16.0,11.0,10.0,14.0,10.0
2020-04-09,16.0,17.0,17.0,12.0,14.0,19.0,16.0,14.0,10.0,14.0,14.0,16.0,12.0,10.0,14.0,11.0
2020-04-10,30.0,31.0,29.0,28.0,27.0,32.0,28.0,28.0,26.0,28.0,29.0,29.0,28.0,26.0,28.0,26.0
2020-04-11,11.0,12.0,10.0,8.0,9.0,11.0,11.0,10.0,6.0,10.0,10.0,12.0,7.0,6.0,9.0,6.0
2020-04-12,8.0,10.0,5.0,3.0,5.0,7.0,7.0,6.0,2.0,6.0,7.0,8.0,3.0,1.0,6.0,2.0
2020-04-13,29.0,31.0,30.0,29.0,26.0,31.0,29.0,27.0,27.0,27.0,29.0,29.0,31.0,27.0,27.0,29.0
2020-04-14,18.0,19.0,19.0,14.0,16.0,20.0,16.0,16.0,12.0,16.0,16.0,17.0,15.0,11.0,15.0,13.0
2020-04-15,17.0,18.0,19.0,14.0,15.0,20.0,16.0,15.0,13.0,16.0,16.0,17.0,14.0,11.0,16.0,12.0
2020-04-16,17.0,18.0,18.0,14.0,15.0,20.0,16.0,15.0,11.0,15.0,16.0,17.0,13.0,10.0,16.0,12.0
2020-04-17,18.0,19.0,18.0,14.0,16.0,19.0,17.0,16.0,12.0,16.0,17.0,17.0,14.0,11.0,16.0,12.0
2020-04-18,11.0,12.0,9.0,7.0,9.0,10.0,11.0,9.0,5.0,11.0,11.0,12.0,7.0,5.0,9.0,5.0
2020-04-19,7.0,9.0,7.0,5.0,6.0,8.0,7.0,6.0,4.0,7.0,7.0,7.0,5.0,3.0,7.0,4.0
2020-04-20,14.0,15.0,17.0,12.0,12.0,18.0,14.0,12.0,10.0,12.0,13.0,15.0,11.0,8.0,12.0,11.0
2020-04-21,16.0,16.0,17.0,12.0,13.0,18.0,14.0,13.0,9.0,14.0,14.0,15.0,12.0,10.0,13.0,11.0
2020-04-22,15.0,15.0,15.0,10.0,13.0,17.0,14.0,13.0,9.0,13.0,13.0,15.0,10.0,8.0,13.0,9.0
2020-04-23,15.0,16.0,15.0,11.0,13.0,17.0,14.0,13.0,8.0,13.0,13.0,14.0,10.0,9.0,12.0,9.0
2020-04-24,16.0,17.0,16.0,11.0,14.0,17.0,15.0,14.0,9.0,14.0,15.0,16.0,11.0,10.0,14.0,11.0
2020-04-25,9.0,10.0,10.0,7.0,9.0,10.0,9.0,9.0,5.0,9.0,9.0,10.0,7.0,6.0,8.0,6.0
2020-04-26,6.0,7.0,6.0,4.0,7.0,8.0,6.0,6.0,3.0,5.0,5.0,6.0,3.0,2.0,7.0,2.0
2020-04-27,13.0,14.0,14.0,10.0,11.0,16.0,13.0,11.0,8.0,11.0,12.0,13.0,9.0,7.0,11.0,9.0
2020-04-28,15.0,14.0,14.0,9.0,12.0,16.0,13.0,12.0,8.0,13.0,13.0,14.0,9.0,8.0,11.0,9.0
2020-04-29,15.0,15.0,16.0,10.0,14.0,18.0,14.0,13.0,10.0,13.0,13.0,14.0,10.0,8.0,13.0,9.0
2020-04-30,14.0,14.0,14.0,8.0,11.0,16.0,13.0,11.0,7.0,11.0,12.0,13.0,8.0,7.0,11.0,8.0
2020-05-01,30.0,30.0,27.0,26.0,28.0,31.0,29.0,27.0,23.0,28.0,29.0,29.0,25.0,24.0,27.0,26.0
2020-05-02,10.0,11.0,10.0,7.0,9.0,10.0,10.0,9.0,5.0,10.0,9.0,10.0,7.0,6.0,8.0,7.0
2020-05-03,6.0,8.0,7.0,4.0,7.0,8.0,6.0,6.0,3.0,6.0,6.0,6.0,4.0,3.0,6.0,3.0
2020-05-04,13.0,13.0,15.0,10.0,11.0,15.0,13.0,11.0,7.0,11.0,11.0,11.0,10.0,7.0,10.0,9.0
2020-05-05,13.0,14.0,15.0,10.0,12.0,16.0,12.0,11.0,8.0,12.0,11.0,11.0,10.0,7.0,10.0,8.0
2020-05-06,12.0,12.0,13.0,8.0,11.0,15.0,12.0,10.0,7.0,11.0,11.0,11.0,8.0,6.0,10.0,7.0
2020-05-07,12.0,12.0,12.0,8.0,11.0,15.0,12.0,11.0,6.0,11.0,10.0,11.0,7.0,6.0,11.0,6.0
2020-05-08,12.0,12.0,20.0,11.0,11.0,13.0,12.0,11.0,6.0,11.0,11.0,11.0,7.0,6.0,10.0,7.0
2020-05-09,7.0,7.0,3.0,3.0,5.0,5.0,7.0,5.0,0.0,6.0,7.0,8.0,1.0,1.0,5.0,1.0
2020-05-10,4.0,5.0,2.0,1.0,3.0,4.0,5.0,3.0,-1.0,4.0,4.0,4.0,1.0,0.0,3.0,1.0
2020-05-11,14.0,13.0,15.0,10.0,11.0,15.0,13.0,10.0,8.0,10.0,12.0,13.0,11.0,8.0,10.0,10.0
2020-05-12,12.0,12.0,14.0,9.0,12.0,16.0,12.0,11.0,8.0,11.0,11.0,10.0,9.0,7.0,11.0,8.0
2020-05-13,13.0,12.0,13.0,8.0,11.0,15.0,12.0,10.0,8.0,11.0,10.0,11.0,7.0,6.0,11.0,7.0
2020-05-14,12.0,11.0,12.0,7.0,10.0,13.0,11.0,9.0,5.0,9.0,9.0,10.0,7.0,5.0,9.0,7.0
2020-05-15,12.0,12.0,11.0,7.0,11.0,14.0,10.0,10.0,7.0,10.0,10.0,10.0,7.0,6.0,11.0,6.0
2020-05-16,6.0,6.0,5.0,4.0,6.0,6.0,5.0,6.0,3.0,6.0,5.0,6.0,1.0,2.0,6.0,1.0
2020-05-17,3.0,3.0,3.0,1.0,4.0,5.0,3.0,4.0,2.0,3.0,3.0,3.0,0.0,0.0,4.0,0.0
2020-05-18,10.0,9.0,11.0,7.0,9.0,13.0,9.0,8.0,7.0,8.0,8.0,9.0,5.0,5.0,9.0,5.0
2020-05-19,10.0,9.0,11.0,7.0,9.0,12.0,9.0,9.0,5.0,9.0,9.0,9.0,5.0,6.0,8.0,5.0
2020-05-20,7.0,7.0,7.0,2.0,6.0,9.0,7.0,5.0,1.0,6.0,6.0,6.0,1.0,2.0,5.0,2.0
2020-05-21,20.0,20.0,16.0,16.0,17.0,20.0,19.0,18.0,11.0,19.0,19.0,19.0,12.0,14.0,18.0,13.0
2020-05-22,15.0,13.0,14.0,13.0,15.0,15.0,14.0,15.0,11.0,14.0,14.0,13.0,12.0,12.0,14.0,13.0
2020-05-23,9.0,8.0,6.0,4.0,6.0,5.0,8.0,6.0,2.0,6.0,7.0,8.0,4.0,3.0,5.0,4.0
2020-05-24,3.0,4.0,3.0,2.0,4.0,3.0,3.0,4.0,1.0,3.0,3.0,3.0,1.0,1.0,3.0,1.0
2020-05-25,10.0,10.0,12.0,7.0,8.0,12.0,9.0,8.0,6.0,8.0,8.0,9.0,7.0,6.0,7.0,6.0
2020-05-26,10.0,9.0,10.0,6.0,8.0,11.0,9.0,8.0,4.0,8.0,8.0,8.0,6.0,6.0,7.0,6.0
2020-05-27,9.0,8.0,9.0,5.0,8.0,11.0,9.0,8.0,4.0,8.0,8.0,8.0,4.0,4.0,8.0,4.0
2020-05-28,9.0,10.0,9.0,5.0,8.0,10.0,9.0,7.0,2.0,8.0,8.0,8.0,5.0,4.0,7.0,5.0
2020-05-29,9.0,9.0,8.0,4.0,6.0,8.0,8.0,7.0,2.0,7.0,7.0,7.0,3.0,4.0,5.0,4.0
2020-05-30,3.0,3.0,1.0,0.0,1.0,0.0,3.0,2.0,-2.0,2.0,2.0,3.0,-2.0,-1.0,1.0,-1.0
2020-05-31,0.0,2.0,-1.0,-2.0,-1.0,0.0,0.0,0.0,-4.0,0.0,0.0,0.0,-3.0,-4.0,0.0,-3.0
2020-06-01,17.0,17.0,13.0,15.0,14.0,16.0,17.0,17.0,13.0,16.0,18.0,19.0,13.0,14.0,16.0,15.0
2020-06-02,7.0,7.0,7.0,3.0,5.0,8.0,7.0,6.0,1.0,7.0,6.0,6.0,2.0,1.0,4.0,2.0
2020-06-03,8.0,7.0,7.0,3.0,7.0,11.0,8.0,7.0,2.0,7.0,7.0,7.0,3.0,3.0,6.0,4.0
2020-06-04,11.0,10.0,10.0,6.0,9.0,12.0,10.0,9.0,4.0,9.0,9.0,9.0,5.0,4.0,8.0,6.0
2020-06-05,11.0,10.0,9.0,5.0,9.0,10.0,10.0,9.0,4.0,10.0,10.0,9.0,5.0,4.0,8.0,6.0
2020-06-06,6.0,5.0,3.0,2.0,5.0,4.0,5.0,5.0,1.0,4.0,5.0,6.0,1.0,1.0,4.0,2.0
2020-06-07,4.0,5.0,1.0,0.0,4.0,3.0,3.0,3.0,-1.0,3.0,3.0,3.0,1.0,-1.0,3.0,0.0
2020-06-08,9.0,9.0,8.0,5.0,7.0,10.0,8.0,6.0,3.0,7.0,6.0,8.0,4.0,2.0,6.0,4.0
2020-06-09,11.0,11.0,9.0,5.0,7.0,10.0,8.0,7.0,2.0,8.0,8.0,8.0,4.0,3.0,6.0,5.0
2020-06-10,8.0,7.0,7.0,4.0,7.0,9.0,6.0,6.0,3.0,4.0,4.0,5.0,3.0,2.0,6.0,4.0
2020-06-11,22.0,22.0,9.0,5.0,9.0,11.0,21.0,8.0,3.0,20.0,21.0,21.0,4.0,3.0,7.0,6.0
2020-06-12,9.0,9.0,6.0,3.0,6.0,7.0,9.0,6.0,3.0,9.0,10.0,9.0,2.0,2.0,6.0,3.0
2020-06-13,2.0,1.0,3.0,2.0,3.0,4.0,3.0,4.0,0.0,3.0,3.0,4.0,-2.0,0.0,4.0,-1.0
2020-06-14,4.0,4.0,-2.0,-2.0,3.0,2.0,2.0,3.0,-3.0,2.0,2.0,3.0,0.0,0.0,1.0,1.0
2020-06-15,8.0,9.0,6.0,3.0,5.0,8.0,8.0,6.0,2.0,6.0,6.0,7.0,3.0,2.0,4.0,5.0
2020-06-16,8.0,7.0,6.0,3.0,5.0,7.0,8.0,6.0,1.0,7.0,7.0,6.0,2.0,2.0,4.0,4.0
2020-06-17,8.0,7.0,5.0,2.0,5.0,7.0,8.0,6.0,1.0,7.0,7.0,8.0,1.0,2.0,4.0,3.0
2020-06-18,7.0,7.0,7.0,4.0,7.0,9.0,7.0,7.0,1.0,7.0,6.0,6.0,4.0,3.0,5.0,5.0
2020-06-19,7.0,7.0,7.0,4.0,6.0,8.0,6.0,6.0,4.0,5.0,6.0,5.0,4.0,3.0,6.0,3.0
2020-06-20,2.0,3.0,3.0,1.0,1.0,1.0,2.0,2.0,1.0,1.0,2.0,2.0,-1.0,-1.0,1.0,-1.0
2020-06-21,-1.0,1.0,-1.0,-1.0,-2.0,-2.0,-1.0,-1.0,-2.0,0.0,-1.0,0.0,-3.0,-3.0,-2.0,-4.0
2020-06-22,6.0,6.0,6.0,3.0,5.0,8.0,6.0,5.0,2.0,5.0,5.0,6.0,3.0,1.0,4.0,3.0
2020-06-23,6.0,5.0,6.0,3.0,5.0,7.0,6.0,5.0,1.0,6.0,6.0,6.0,2.0,2.0,4.0,2.0
2020-06-24,5.0,5.0,5.0,2.0,4.0,7.0,6.0,5.0,1.0,6.0,5.0,6.0,2.0,1.0,4.0,2.0
2020-06-25,6.0,5.0,6.0,3.0,5.0,8.0,6.0,5.0,1.0,6.0,5.0,6.0,2.0,2.0,4.0,2.0
2020-06-26,6.0,4.0,6.0,3.0,4.0,5.0,5.0,5.0,2.0,5.0,6.0,7.0,1.0,1.0,3.0,1.0
2020-06-27,1.0,1.0,-3.0,-2.0,2.0,0.0,2.0,2.0,-4.0,2.0,2.0,3.0,-4.0,-2.0,1.0,-2.0
2020-06-28,1.0,0.0,-2.0,-2.0,1.0,1.0,1.0,1.0,-3.0,1.0,1.0,2.0,-3.0,-2.0,1.0,-2.0
2020-06-29,6.0,7.0,7.0,4.0,5.0,8.0,6.0,5.0,2.0,6.0,5.0,6.0,3.0,2.0,5.0,3.0
2020-06-30,6.0,5.0,6.0,4.0,6.0,9.0,6.0,6.0,3.0,7.0,6.0,6.0,2.0,2.0,6.0,3.0
2020-07-01,5.0,4.0,6.0,4.0,6.0,8.0,6.0,6.0,2.0,7.0,5.0,5.0,1.0,2.0,5.0,1.0
2020-07-02,6.0,6.0,6.0,3.0,6.0,9.0,6.0,6.0,2.0,7.0,5.0,5.0,2.0,2.0,6.0,2.0
2020-07-03,5.0,5.0,5.0,3.0,5.0,6.0,5.0,5.0,2.0,6.0,5.0,4.0,1.0,1.0,5.0,2.0
2020-07-04,0.0,0.0,-2.0,-2.0,3.0,2.0,1.0,2.0,-1.0,2.0,1.0,1.0,-4.0,-2.0,2.0,-3.0
2020-07-05,-1.0,-2.0,-2.0,-2.0,2.0,2.0,0.0,2.0,-1.0,1.0,0.0,1.0,-4.0,-2.0,2.0,-3.0
2020-07-06,5.0,6.0,7.0,5.0,5.0,9.0,6.0,6.0,4.0,6.0,5.0,6.0,3.0,2.0,6.0,3.0
2020-07-07,5.0,5.0,7.0,5.0,6.0,9.0,6.0,6.0,3.0,7.0,6.0,6.0,3.0,3.0,6.0,3.0
2020-07-08,5.0,5.0,7.0,4.0,6.0,8.0,8.0,6.0,3.0,8.0,6.0,6.0,4.0,3.0,5.0,4.0
2020-07-09,5.0,5.0,8.0,5.0,8.0,10.0,7.0,7.0,4.0,7.0,6.0,6.0,3.0,3.0,7.0,3.0
2020-07-10,5.0,5.0,7.0,5.0,7.0,8.0,7.0,6.0,5.0,7.0,6.0,6.0,2.0,3.0,7.0,3.0
2020-07-11,1.0,2.0,-1.0,-2.0,2.0,0.0,0.0,2.0,-3.0,1.0,0.0,1.0,-3.0,-2.0,0.0,-2.0
2020-07-12,-2.0,-2.0,-3.0,-3.0,-1.0,-1.0,-2.0,-1.0,-3.0,-2.0,-2.0,-1.0,-4.0,-3.0,-1.0,-4.0
2020-07-13,5.0,5.0,6.0,4.0,4.0,7.0,5.0,4.0,2.0,5.0,5.0,6.0,2.0,1.0,4.0,2.0
2020-07-14,5.0,5.0,5.0,4.0,7.0,9.0,6.0,6.0,2.0,7.0,6.0,6.0,2.0,2.0,6.0,2.0
2020-07-15,7.0,6.0,8.0,5.0,5.0,8.0,7.0,5.0,5.0,6.0,7.0,7.0,3.0,3.0,6.0,4.0
2020-07-16,8.0,7.0,7.0,5.0,5.0,8.0,8.0,6.0,3.0,8.0,7.0,8.0,3.0,3.0,5.0,3.0
2020-07-17,6.0,5.0,6.0,4.0,4.0,5.0,6.0,5.0,2.0,6.0,6.0,6.0,2.0,2.0,4.0,2.0
2020-07-18,0.0,0.0,-3.0,-3.0,-1.0,-3.0,0.0,0.0,-5.0,-1.0,0.0,1.0,-5.0,-4.0,-2.0,-4.0
2020-07-19,-3.0,-2.0,-5.0,-4.0,-2.0,-3.0,-2.0,-2.0,-6.0,-2.0,-2.0,-1.0,-6.0,-5.0,-2.0,-5.0
2020-07-20,5.0,4.0,7.0,5.0,5.0,8.0,6.0,6.0,4.0,6.0,5.0,6.0,3.0,2.0,5.0,3.0
2020-07-21,5.0,5.0,6.0,4.0,6.0,8.0,6.0,6.0,3.0,6.0,6.0,6.0,2.0,3.0,6.0,3.0
2020-07-22,5.0,4.0,5.0,4.0,5.0,8.0,6.0,6.0,3.0,6.0,5.0,6.0,1.0,2.0,6.0,2.0
2020-07-23,5.0,4.0,6.0,4.0,6.0,8.0,6.0,6.0,2.0,6.0,5.0,6.0,2.0,2.0,6.0,2.0
2020-07-24,5.0,4.0,5.0,4.0,6.0,7.0,6.0,6.0,3.0,6.0,6.0,6.0,2.0,2.0,6.0,2.0
2020-07-25,-1.0,-1.0,-3.0,-3.0,1.0,-1.0,0.0,0.0,-4.0,1.0,0.0,1.0,-5.0,-4.0,0.0,-4.0
2020-07-26,0.0,1.0,-1.0,-2.0,0.0,0.0,0.0,0.0,-2.0,0.0,0.0,0.0,-3.0,-2.0,0.0,-2.0
2020-07-27,5.0,5.0,6.0,5.0,6.0,8.0,6.0,6.0,4.0,6.0,6.0,7.0,3.0,3.0,6.0,4.0
2020-07-28,6.0,6.0,6.0,5.0,7.0,8.0,7.0,7.0,3.0,7.0,7.0,7.0,3.0,4.0,6.0,3.0
2020-07-29,4.0,4.0,5.0,4.0,6.0,8.0,6.0,6.0,4.0,6.0,6.0,6.0,1.0,2.0,7.0,2.0
2020-07-30,5.0,4.0,5.0,4.0,5.0,7.0,6.0,6.0,2.0,5.0,6.0,6.0,2.0,2.0,5.0,2.0
2020-07-31,5.0,4.0,3.0,2.0,3.0,4.0,5.0,5.0,1.0,5.0,6.0,6.0,1.0,2.0,3.0,2.0
2020-08-01,-1.0,-2.0,-5.0,-4.0,-2.0,-3.0,0.0,-1.0,-6.0,0.0,0.0,1.0,-6.0,-5.0,-2.0,-5.0
2020-08-02,0.0,1.0,-2.0,-2.0,-2.0,-2.0,-1.0,-1.0,-2.0,-1.0,-1.0,-1.0,-4.0,-3.0,-2.0,-3.0
2020-08-03,7.0,7.0,6.0,4.0,5.0,7.0,6.0,5.0,2.0,5.0,6.0,7.0,4.0,2.0,4.0,4.0
2020-08-04,7.0,8.0,6.0,4.0,5.0,6.0,6.0,6.0,1.0,6.0,6.0,6.0,4.0,3.0,5.0,3.0
2020-08-05,5.0,5.0,4.0,3.0,4.0,6.0,5.0,5.0,0.0,5.0,5.0,6.0,1.0,2.0,4.0,2.0
2020-08-06,5.0,5.0,4.0,3.0,4.0,5.0,6.0,6.0,-1.0,6.0,6.0,6.0,2.0,2.0,4.0,2.0
2020-08-07,5.0,4.0,3.0,3.0,4.0,3.0,5.0,6.0,-1.0,5.0,6.0,6.0,1.0,2.0,3.0,2.0
2020-08-08,-1.0,-2.0,-3.0,-3.0,-2.0,-3.0,0.0,-1.0,-5.0,0.0,0.0,1.0,-6.0,-4.0,-2.0,-5.0
2020-08-09,-3.0,-3.0,-4.0,-2.0,-3.0,-3.0,-1.0,-2.0,-5.0,-1.0,-1.0,-1.0,-6.0,-5.0,-2.0,-5.0
2020-08-10,6.0,6.0,5.0,3.0,5.0,6.0,6.0,5.0,1.0,5.0,6.0,7.0,4.0,3.0,3.0,4.0
2020-08-11,7.0,6.0,4.0,2.0,5.0,5.0,7.0,6.0,0.0,7.0,7.0,7.0,3.0,3.0,3.0,3.0
2020-08-12,6.0,5.0,3.0,2.0,5.0,5.0,7.0,6.0,0.0,5.0,7.0,7.0,1.0,2.0,3.0,2.0
2020-08-13,8.0,7.0,4.0,2.0,5.0,5.0,7.0,6.0,0.0,5.0,6.0,6.0,2.0,3.0,3.0,3.0
2020-08-14,7.0,6.0,3.0,1.0,5.0,3.0,6.0,7.0,0.0,4.0,6.0,5.0,3.0,3.0,2.0,4.0
2020-08-15,-1.0,2.0,-3.0,-2.0,-1.0,-2.0,1.0,0.0,-5.0,1.0,1.0,4.0,-4.0,-3.0,-1.0,-2.0
2020-08-16,-3.0,-4.0,-4.0,-4.0,-3.0,-3.0,-1.0,-1.0,-5.0,0.0,-1.0,0.0,-6.0,-5.0,-2.0,-5.0
2020-08-17,7.0,7.0,4.0,2.0,6.0,6.0,5.0,6.0,1.0,3.0,4.0,4.0,3.0,2.0,3.0,4.0
2020-08-18,8.0,7.0,6.0,3.0,5.0,6.0,5.0,6.0,2.0,4.0,4.0,4.0,4.0,3.0,3.0,3.0
2020-08-19,6.0,5.0,3.0,1.0,4.0,5.0,4.0,5.0,1.0,3.0,3.0,4.0,1.0,1.0,3.0,2.0
2020-08-20,6.0,5.0,4.0,2.0,5.0,6.0,4.0,5.0,0.0,4.0,4.0,4.0,1.0,2.0,3.0,2.0
2020-08-21,6.0,5.0,3.0,2.0,6.0,5.0,4.0,5.0,1.0,4.0,4.0,4.0,1.0,2.0,3.0,2.0
2020-08-22,0.0,1.0,1.0,0.0,1.0,0.0,1.0,0.0,-3.0,1.0,1.0,1.0,-2.0,-2.0,1.0,-3.0
2020-08-23,-2.0,-2.0,-4.0,-3.0,0.0,0.0,-1.0,-1.0,-3.0,0.0,-1.0,-1.0,-5.0,-4.0,0.0,-4.0
2020-08-24,6.0,6.0,5.0,3.0,6.0,7.0,4.0,5.0,3.0,3.0,3.0,4.0,3.0,2.0,4.0,3.0
2020-08-25,6.0,6.0,4.0,2.0,6.0,6.0,4.0,6.0,1.0,5.0,4.0,4.0,2.0,3.0,3.0,3.0
2020-08-26,6.0,6.0,6.0,3.0,8.0,8.0,6.0,7.0,4.0,6.0,4.0,4.0,3.0,4.0,5.0,4.0
2020-08-27,6.0,5.0,4.0,2.0,4.0,6.0,4.0,4.0,1.0,4.0,3.0,3.0,3.0,2.0,3.0,2.0
2020-08-28,7.0,6.0,3.0,1.0,4.0,4.0,4.0,4.0,1.0,3.0,4.0,3.0,3.0,1.0,3.0,3.0
2020-08-29,0.0,1.0,-2.0,-2.0,0.0,-1.0,0.0,0.0,-3.0,0.0,0.0,1.0,-5.0,-4.0,0.0,-4.0
2020-08-30,2.0,2.0,-2.0,-2.0,-2.0,-2.0,0.0,-1.0,-4.0,-1.0,0.0,1.0,-1.0,-3.0,-2.0,-2.0
2020-08-31,6.0,6.0,4.0,2.0,2.0,5.0,4.0,2.0,0.0,3.0,4.0,4.0,3.0,1.0,2.0,3.0
2020-09-01,7.0,7.0,4.0,2.0,2.0,4.0,4.0,3.0,0.0,4.0,4.0,3.0,2.0,1.0,2.0,2.0
2020-09-02,5.0,5.0,5.0,2.0,2.0,5.0,4.0,2.0,1.0,3.0,3.0,3.0,0.0,0.0,2.0,0.0
2020-09-03,5.0,4.0,3.0,1.0,4.0,6.0,4.0,4.0,0.0,4.0,3.0,3.0,0.0,0.0,3.0,0.0
2020-09-04,4.0,3.0,3.0,0.0,3.0,3.0,3.0,3.0,-1.0,3.0,3.0,2.0,0.0,0.0,2.0,0.0
2020-09-05,-2.0,-2.0,1.0,-1.0,1.0,0.0,1.0,1.0,-2.0,1.0,0.0,1.0,-2.0,-2.0,0.0,-2.0
2020-09-06,-2.0,-1.0,-3.0,-3.0,0.0,0.0,-2.0,-1.0,-3.0,-1.0,-1.0,-1.0,-4.0,-4.0,-1.0,-4.0
2020-09-07,4.0,5.0,4.0,2.0,2.0,5.0,3.0,2.0,1.0,2.0,3.0,3.0,1.0,0.0,2.0,1.0
2020-09-08,4.0,3.0,4.0,2.0,4.0,6.0,3.0,3.0,1.0,4.0,3.0,3.0,0.0,1.0,3.0,0.0
2020-09-09,3.0,2.0,3.0,1.0,4.0,6.0,3.0,3.0,1.0,3.0,3.0,3.0,-1.0,0.0,3.0,-1.0
2020-09-10,4.0,3.0,3.0,1.0,3.0,5.0,3.0,2.0,-1.0,3.0,3.0,3.0,0.0,0.0,2.0,0.0
2020-09-11,4.0,2.0,2.0,-1.0,2.0,3.0,2.0,2.0,-2.0,2.0,2.0,1.0,-2.0,-1.0,1.0,-1.0
2020-09-12,-2.0,-2.0,-3.0,-4.0,0.0,-1.0,-1.0,-1.0,-5.0,-1.0,-1.0,-1.0,-6.0,-5.0,-1.0,-5.0
2020-09-13,-4.0,-4.0,-4.0,-5.0,-2.0,-2.0,-3.0,-3.0,-5.0,-3.0,-3.0,-3.0,-7.0,-6.0,-3.0,-6.0
2020-09-14,2.0,2.0,3.0,0.0,2.0,4.0,3.0,1.0,-2.0,2.0,2.0,3.0,0.0,-1.0,0.0,-1.0
2020-09-15,3.0,2.0,3.0,1.0,2.0,4.0,3.0,2.0,-2.0,3.0,3.0,3.0,-1.0,0.0,1.0,0.0
2020-09-16,2.0,2.0,2.0,0.0,3.0,4.0,3.0,2.0,-1.0,3.0,2.0,3.0,-1.0,-1.0,1.0,-1.0
2020-09-17,2.0,2.0,3.0,0.0,3.0,5.0,3.0,2.0,-2.0,2.0,2.0,2.0,0.0,0.0,1.0,0.0
2020-09-18,2.0,2.0,2.0,0.0,2.0,3.0,2.0,2.0,-1.0,2.0,2.0,2.0,-1.0,-1.0,1.0,-1.0
2020-09-19,-1.0,-1.0,-2.0,-3.0,0.0,-1.0,-1.0,-1.0,-4.0,-1.0,-1.0,0.0,-4.0,-3.0,-1.0,-4.0
2020-09-20,-3.0,-3.0,-3.0,-4.0,-2.0,-2.0,-2.0,-2.0,-5.0,-2.0,-2.0,-2.0,-5.0,-4.0,-3.0,-5.0
2020-09-21,2.0,3.0,4.0,1.0,2.0,5.0,3.0,2.0,0.0,2.0,2.0,3.0,1.0,0.0,1.0,1.0
2020-09-22,3.0,3.0,4.0,1.0,3.0,5.0,3.0,3.0,0.0,3.0,3.0,3.0,0.0,1.0,2.0,1.0
2020-09-23,4.0,4.0,3.0,1.0,3.0,5.0,4.0,3.0,0.0,4.0,3.0,4.0,0.0,0.0,2.0,1.0
2020-09-24,4.0,4.0,4.0,1.0,4.0,6.0,4.0,3.0,0.0,4.0,4.0,4.0,1.0,1.0,3.0,1.0
2020-09-25,5.0,6.0,6.0,3.0,4.0,4.0,5.0,4.0,2.0,4.0,4.0,4.0,2.0,2.0,3.0,2.0
2020-09-26,4.0,4.0,4.0,2.0,2.0,2.0,3.0,2.0,0.0,3.0,3.0,4.0,2.0,1.0,1.0,1.0
2020-09-27,2.0,1.0,2.0,0.0,2.0,2.0,2.0,1.0,1.0,1.0,2.0,3.0,-1.0,-1.0,2.0,0.0
2020-09-28,4.0,5.0,5.0,2.0,4.0,7.0,4.0,3.0,2.0,4.0,4.0,5.0,2.0,1.0,3.0,2.0
2020-09-29,6.0,5.0,6.0,3.0,5.0,6.0,5.0,4.0,1.0,6.0,5.0,4.0,2.0,2.0,3.0,2.0
2020-09-30,3.0,3.0,3.0,1.0,3.0,5.0,4.0,2.0,0.0,3.0,3.0,3.0,0.0,0.0,2.0,1.0
2020-10-01,4.0,3.0,4.0,1.0,3.0,5.0,4.0,3.0,-1.0,4.0,3.0,4.0,0.0,0.0,2.0,0.0
2020-10-02,3.0,2.0,3.0,0.0,2.0,3.0,2.0,1.0,-1.0,2.0,2.0,2.0,-1.0,0.0,1.0,0.0
2020-10-03,7.0,7.0,2.0,1.0,7.0,4.0,6.0,6.0,1.0,7.0,7.0,8.0,0.0,1.0,4.0,2.0
2020-10-04,0.0,0.0,-2.0,-2.0,1.0,0.0,0.0,0.0,-3.0,1.0,1.0,2.0,-3.0,-2.0,-1.0,-2.0
2020-10-05,4.0,4.0,5.0,2.0,3.0,7.0,6.0,3.0,3.0,3.0,3.0,4.0,2.0,1.0,4.0,2.0
2020-10-06,5.0,5.0,5.0,2.0,4.0,8.0,7.0,4.0,3.0,5.0,4.0,4.0,2.0,2.0,5.0,2.0
2020-10-07,5.0,4.0,5.0,2.0,5.0,8.0,6.0,4.0,3.0,4.0,4.0,4.0,1.0,1.0,5.0,2.0
2020-10-08,4.0,4.0,5.0,2.0,6.0,9.0,7.0,5.0,3.0,5.0,4.0,4.0,1.0,2.0,7.0,2.0
2020-10-09,4.0,4.0,7.0,3.0,4.0,6.0,7.0,4.0,3.0,4.0,5.0,4.0,2.0,2.0,4.0,3.0
2020-10-10,3.0,3.0,2.0,0.0,3.0,0.0,1.0,2.0,-1.0,2.0,1.0,2.0,0.0,0.0,1.0,0.0
2020-10-11,2.0,2.0,2.0,-1.0,3.0,2.0,0.0,2.0,0.0,2.0,1.0,1.0,0.0,-1.0,1.0,0.0
2020-10-12,5.0,5.0,8.0,5.0,6.0,8.0,7.0,5.0,2.0,6.0,6.0,7.0,3.0,1.0,5.0,2.0
2020-10-13,5.0,5.0,8.0,5.0,7.0,8.0,7.0,6.0,2.0,7.0,7.0,7.0,3.0,2.0,5.0,2.0
2020-10-14,5.0,5.0,10.0,7.0,8.0,8.0,8.0,7.0,4.0,7.0,7.0,7.0,4.0,3.0,6.0,4.0
2020-10-15,6.0,6.0,9.0,6.0,8.0,10.0,8.0,7.0,2.0,8.0,7.0,8.0,4.0,3.0,6.0,4.0
2020-10-16,7.0,6.0,9.0,6.0,8.0,7.0,8.0,7.0,2.0,8.0,8.0,8.0,4.0,3.0,6.0,4.0
2020-10-17,4.0,4.0,3.0,1.0,4.0,2.0,4.0,2.0,0.0,3.0,3.0,4.0,1.0,1.0,2.0,1.0
2020-10-18,3.0,3.0,3.0,1.0,3.0,3.0,3.0,2.0,1.0,2.0,2.0,3.0,0.0,0.0,2.0,0.0
2020-10-19,5.0,5.0,9.0,6.0,7.0,8.0,5.0,6.0,3.0,7.0,6.0,7.0,6.0,4.0,4.0,5.0
2020-10-20,6.0,6.0,9.0,6.0,8.0,8.0,6.0,8.0,3.0,9.0,8.0,8.0,5.0,5.0,4.0,5.0
2020-10-21,6.0,5.0,9.0,6.0,9.0,9.0,6.0,7.0,4.0,8.0,7.0,8.0,5.0,4.0,5.0,4.0
2020-10-22,6.0,6.0,8.0,5.0,8.0,8.0,6.0,7.0,1.0,8.0,7.0,8.0,4.0,4.0,4.0,4.0
2020-10-23,8.0,7.0,10.0,6.0,8.0,7.0,7.0,8.0,2.0,9.0,9.0,9.0,6.0,6.0,4.0,6.0
2020-10-24,4.0,5.0,3.0,2.0,5.0,4.0,5.0,4.0,1.0,5.0,4.0,6.0,0.0,0.0,3.0,0.0
2020-10-25,1.0,2.0,1.0,0.0,4.0,4.0,3.0,3.0,0.0,4.0,3.0,4.0,-2.0,-1.0,3.0,-1.0
2020-10-26,9.0,7.0,8.0,5.0,5.0,9.0,7.0,5.0,4.0,5.0,5.0,6.0,7.0,3.0,5.0,7.0
2020-10-27,9.0,7.0,8.0,4.0,6.0,8.0,7.0,5.0,3.0,7.0,6.0,6.0,6.0,3.0,5.0,6.0
2020-10-28,9.0,7.0,7.0,4.0,6.0,9.0,7.0,5.0,3.0,6.0,6.0,6.0,5.0,3.0,5.0,5.0
2020-10-29,10.0,8.0,8.0,4.0,6.0,9.0,8.0,5.0,3.0,7.0,6.0,6.0,6.0,3.0,5.0,5.0
2020-10-30,9.0,7.0,9.0,5.0,6.0,8.0,7.0,6.0,4.0,7.0,7.0,6.0,7.0,3.0,5.0,6.0
2020-10-31,3.0,4.0,5.0,6.0,10.0,10.0,4.0,9.0,6.0,4.0,4.0,4.0,6.0,6.0,9.0,5.0
2020-11-01,4.0,5.0,3.0,2.0,3.0,4.0,5.0,3.0,1.0,4.0,4.0,5.0,2.0,1.0,3.0,2.0
2020-11-02,8.0,10.0,10.0,6.0,7.0,11.0,8.0,6.0,7.0,7.0,7.0,8.0,5.0,3.0,7.0,4.0
2020-11-03,10.0,12.0,10.0,6.0,8.0,11.0,9.0,7.0,7.0,9.0,8.0,8.0,6.0,5.0,7.0,5.0
2020-11-04,9.0,12.0,10.0,6.0,8.0,12.0,10.0,7.0,6.0,9.0,8.0,9.0,5.0,4.0,8.0,5.0
2020-11-05,9.0,12.0,11.0,7.0,9.0,13.0,10.0,8.0,5.0,9.0,8.0,9.0,6.0,5.0,8.0,5.0
2020-11-06,10.0,12.0,12.0,8.0,10.0,12.0,10.0,9.0,7.0,10.0,10.0,9.0,7.0,6.0,9.0,6.0
2020-11-07,8.0,8.0,7.0,6.0,7.0,7.0,8.0,7.0,5.0,7.0,8.0,8.0,5.0,5.0,6.0,5.0
2020-11-08,6.0,6.0,5.0,4.0,5.0,6.0,6.0,5.0,4.0,5.0,6.0,6.0,4.0,3.0,5.0,3.0
2020-11-09,8.0,9.0,12.0,8.0,8.0,12.0,9.0,8.0,6.0,7.0,7.0,8.0,7.0,5.0,8.0,6.0
2020-11-10,9.0,10.0,12.0,8.0,9.0,13.0,10.0,9.0,6.0,9.0,9.0,9.0,7.0,6.0,8.0,6.0
2020-11-11,9.0,9.0,11.0,7.0,9.0,13.0,10.0,8.0,6.0,9.0,9.0,9.0,6.0,5.0,8.0,6.0
2020-11-12,10.0,9.0,12.0,7.0,10.0,13.0,10.0,9.0,6.0,9.0,9.0,9.0,7.0,6.0,9.0,6.0
2020-11-13,10.0,10.0,12.0,8.0,10.0,12.0,11.0,9.0,7.0,10.0,10.0,9.0,7.0,7.0,9.0,7.0
2020-11-14,7.0,7.0,7.0,6.0,8.0,8.0,7.0,7.0,6.0,7.0,7.0,7.0,5.0,5.0,7.0,5.0
2020-11-15,5.0,6.0,5.0,4.0,5.0,6.0,5.0,5.0,3.0,6.0,5.0,5.0,4.0,3.0,5.0,3.0
2020-11-16,9.0,9.0,11.0,7.0,8.0,12.0,9.0,7.0,6.0,8.0,8.0,9.0,7.0,5.0,8.0,6.0
2020-11-17,9.0,9.0,12.0,8.0,9.0,13.0,10.0,9.0,7.0,9.0,9.0,9.0,6.0,6.0,8.0,6.0
2020-11-18,9.0,11.0,11.0,7.0,9.0,12.0,10.0,8.0,6.0,8.0,8.0,8.0,23.0,5.0,8.0,6.0
2020-11-19,10.0,10.0,12.0,8.0,10.0,13.0,11.0,9.0,6.0,9.0,9.0,9.0,9.0,6.0,9.0,7.0
2020-11-20,11.0,11.0,12.0,8.0,10.0,12.0,11.0,10.0,7.0,10.0,10.0,9.0,10.0,7.0,9.0,8.0
2020-11-21,8.0,8.0,9.0,7.0,9.0,9.0,8.0,8.0,7.0,8.0,8.0,8.0,7.0,6.0,8.0,6.0
2020-11-22,7.0,7.0,7.0,5.0,6.0,7.0,7.0,6.0,5.0,7.0,7.0,7.0,5.0,4.0,6.0,5.0
2020-11-23,9.0,9.0,11.0,7.0,8.0,12.0,9.0,7.0,6.0,7.0,8.0,9.0,7.0,5.0,7.0,7.0
2020-11-24,10.0,10.0,12.0,8.0,9.0,12.0,10.0,8.0,7.0,9.0,9.0,9.0,8.0,6.0,8.0,7.0
2020-11-25,9.0,10.0,11.0,7.0,8.0,12.0,10.0,8.0,7.0,9.0,9.0,8.0,7.0,6.0,8.0,6.0
2020-11-26,9.0,10.0,12.0,8.0,9.0,12.0,10.0,8.0,6.0,9.0,9.0,9.0,8.0,6.0,8.0,7.0
2020-11-27,10.0,10.0,12.0,8.0,9.0,11.0,10.0,9.0,7.0,9.0,9.0,9.0,8.0,7.0,8.0,8.0
2020-11-28,8.0,8.0,8.0,7.0,7.0,8.0,8.0,7.0,6.0,7.0,8.0,7.0,7.0,6.0,7.0,6.0
2020-11-29,7.0,7.0,7.0,5.0,6.0,7.0,6.0,6.0,5.0,6.0,7.0,6.0,5.0,4.0,6.0,5.0
2020-11-30,8.0,8.0,11.0,7.0,7.0,11.0,9.0,7.0,6.0,7.0,7.0,8.0,7.0,5.0,7.0,7.0
2020-12-01,10.0,10.0,11.0,7.0,8.0,12.0,10.0,8.0,6.0,9.0,9.0,9.0,8.0,6.0,7.0,7.0
2020-12-02,9.0,10.0,11.0,7.0,8.0,12.0,10.0,8.0,6.0,9.0,9.0,9.0,7.0,5.0,8.0,7.0
2020-12-03,9.0,10.0,12.0,8.0,9.0,12.0,10.0,8.0,6.0,9.0,9.0,9.0,8.0,6.0,8.0,7.0
2020-12-04,11.0,10.0,12.0,8.0,9.0,12.0,11.0,9.0,7.0,9.0,10.0,9.0,9.0,7.0,8.0,8.0
2020-12-05,8.0,8.0,8.0,6.0,8.0,8.0,8.0,7.0,6.0,7.0,7.0,7.0,8.0,6.0,7.0,6.0
2020-12-06,7.0,7.0,5.0,4.0,6.0,7.0,6.0,6.0,4.0,6.0,6.0,6.0,5.0,4.0,6.0,4.0
2020-12-07,8.0,9.0,11.0,8.0,8.0,11.0,9.0,7.0,6.0,8.0,8.0,8.0,8.0,5.0,7.0,7.0
2020-12-08,9.0,9.0,11.0,8.0,8.0,12.0,9.0,8.0,6.0,9.0,9.0,8.0,8.0,6.0,7.0,7.0
2020-12-09,10.0,11.0,11.0,7.0,8.0,12.0,10.0,8.0,7.0,8.0,9.0,9.0,7.0,6.0,8.0,7.0
2020-12-10,10.0,11.0,12.0,8.0,9.0,12.0,10.0,8.0,6.0,9.0,9.0,9.0,8.0,6.0,8.0,8.0
2020-12-11,10.0,12.0,12.0,9.0,10.0,12.0,11.0,9.0,8.0,10.0,10.0,10.0,9.0,7.0,9.0,9.0
2020-12-12,10.0,9.0,8.0,7.0,8.0,8.0,9.0,7.0,6.0,8.0,8.0,9.0,8.0,6.0,7.0,7.0
2020-12-13,9.0,9.0,7.0,6.0,7.0,8.0,7.0,7.0,5.0,7.0,7.0,7.0,7.0,5.0,7.0,5.0
2020-12-14,8.0,9.0,10.0,7.0,6.0,11.0,8.0,7.0,7.0,8.0,7.0,6.0,13.0,4.0,8.0,7.0
2020-12-15,9.0,9.0,10.0,8.0,7.0,11.0,9.0,8.0,7.0,10.0,8.0,7.0,13.0,5.0,9.0,7.0
2020-12-16,14.0,14.0,16.0,11.0,12.0,16.0,14.0,12.0,10.0,13.0,13.0,13.0,13.0,10.0,12.0,11.0
2020-12-17,15.0,15.0,17.0,12.0,13.0,18.0,15.0,13.0,11.0,13.0,13.0,14.0,14.0,11.0,14.0,12.0
2020-12-18,16.0,16.0,17.0,13.0,14.0,16.0,15.0,14.0,12.0,14.0,15.0,14.0,15.0,12.0,14.0,14.0
2020-12-19,11.0,11.0,10.0,10.0,10.0,10.0,10.0,9.0,8.0,10.0,10.0,10.0,11.0,8.0,9.0,9.0
2020-12-20,9.0,9.0,8.0,7.0,7.0,9.0,9.0,7.0,7.0,7.0,8.0,7.0,8.0,6.0,8.0,7.0
2020-12-21,16.0,16.0,17.0,15.0,13.0,18.0,16.0,14.0,14.0,14.0,15.0,16.0,17.0,13.0,14.0,16.0
2020-12-22,17.0,17.0,18.0,16.0,14.0,18.0,16.0,15.0,15.0,16.0,16.0,17.0,17.0,14.0,15.0,16.0
2020-12-23,18.0,19.0,18.0,17.0,15.0,19.0,18.0,17.0,15.0,17.0,18.0,18.0,18.0,15.0,17.0,17.0
2020-12-24,24.0,25.0,21.0,22.0,19.0,22.0,23.0,22.0,19.0,22.0,23.0,22.0,22.0,21.0,21.0,23.0
2020-12-25,27.0,27.0,25.0,25.0,22.0,25.0,25.0,24.0,22.0,25.0,26.0,25.0,25.0,23.0,23.0,25.0
2020-12-26,13.0,13.0,12.0,10.0,12.0,12.0,13.0,12.0,9.0,13.0,13.0,14.0,10.0,9.0,12.0,9.0
2020-12-27,8.0,8.0,8.0,6.0,8.0,8.0,8.0,8.0,6.0,8.0,8.0,8.0,7.0,5.0,8.0,6.0
2020-12-28,23.0,22.0,21.0,21.0,17.0,21.0,20.0,19.0,19.0,19.0,20.0,21.0,23.0,19.0,19.0,22.0
2020-12-29,23.0,22.0,21.0,20.0,18.0,22.0,20.0,20.0,18.0,20.0,21.0,20.0,22.0,19.0,19.0,21.0
2020-12-30,22.0,21.0,19.0,18.0,17.0,21.0,19.0,18.0,17.0,19.0,20.0,19.0,20.0,17.0,19.0,19.0
2020-12-31,26.0,25.0,23.0,24.0,22.0,26.0,25.0,23.0,21.0,23.0,24.0,23.0,24.0,22.0,23.0,24.0
2021-01-01,28.0,28.0,28.0,28.0,26.0,29.0,27.0,27.0,26.0,27.0,28.0,28.0,29.0,27.0,27.0,28.0
2021-01-02,14.0,13.0,12.0,11.0,12.0,13.0,12.0,12.0,10.0,12.0,12.0,13.0,12.0,10.0,12.0,10.0
2021-01-03,8.0,9.0,9.0,7.0,7.0,9.0,8.0,8.0,7.0,8.0,8.0,8.0,8.0,6.0,8.0,6.0
2021-01-04,20.0,20.0,18.0,14.0,14.0,18.0,16.0,14.0,13.0,14.0,15.0,15.0,16.0,16.0,14.0,15.0
2021-01-05,20.0,20.0,18.0,14.0,15.0,18.0,16.0,15.0,13.0,15.0,16.0,14.0,16.0,15.0,15.0,14.0
2021-01-06,30.0,29.0,17.0,14.0,15.0,19.0,17.0,15.0,13.0,15.0,16.0,15.0,15.0,25.0,15.0,14.0
2021-01-07,19.0,19.0,18.0,14.0,15.0,19.0,17.0,15.0,12.0,15.0,15.0,14.0,15.0,14.0,16.0,14.0
2021-01-08,20.0,20.0,19.0,15.0,15.0,19.0,17.0,16.0,14.0,16.0,17.0,15.0,16.0,15.0,16.0,15.0
2021-01-09,12.0,11.0,12.0,11.0,10.0,12.0,11.0,10.0,10.0,11.0,11.0,10.0,11.0,9.0,11.0,9.0
2021-01-10,7.0,7.0,8.0,7.0,7.0,9.0,6.0,7.0,6.0,7.0,6.0,6.0,6.0,5.0,8.0,5.0
2021-01-11,14.0,14.0,17.0,12.0,12.0,17.0,13.0,12.0,12.0,12.0,12.0,12.0,14.0,10.0,13.0,12.0
2021-01-12,16.0,16.0,17.0,13.0,12.0,17.0,15.0,13.0,11.0,14.0,15.0,15.0,15.0,11.0,12.0,13.0
2021-01-13,14.0,15.0,16.0,12.0,12.0,17.0,14.0,12.0,11.0,13.0,13.0,12.0,12.0,10.0,13.0,11.0
2021-01-14,15.0,15.0,16.0,12.0,12.0,17.0,14.0,12.0,10.0,13.0,13.0,13.0,13.0,11.0,13.0,11.0
2021-01-15,15.0,15.0,17.0,13.0,13.0,17.0,14.0,14.0,12.0,14.0,14.0,13.0,14.0,12.0,13.0,13.0
2021-01-16,11.0,11.0,12.0,10.0,10.0,10.0,11.0,10.0,9.0,10.0,10.0,11.0,10.0,9.0,10.0,9.0
2021-01-17,8.0,8.0,8.0,6.0,7.0,8.0,7.0,7.0,5.0,7.0,7.0,7.0,6.0,5.0,7.0,5.0
2021-01-18,13.0,14.0,16.0,12.0,11.0,17.0,12.0,11.0,11.0,12.0,12.0,12.0,13.0,10.0,12.0,11.0
2021-01-19,14.0,15.0,17.0,13.0,12.0,17.0,14.0,13.0,11.0,14.0,13.0,13.0,13.0,11.0,13.0,12.0
2021-01-20,14.0,14.0,16.0,11.0,11.0,17.0,13.0,11.0,11.0,13.0,13.0,12.0,12.0,10.0,13.0,11.0
2021-01-21,15.0,15.0,16.0,12.0,12.0,17.0,14.0,12.0,10.0,13.0,13.0,13.0,12.0,10.0,13.0,11.0
2021-01-22,16.0,15.0,17.0,13.0,13.0,17.0,15.0,13.0,12.0,14.0,15.0,14.0,14.0,12.0,14.0,13.0
2021-01-23,11.0,12.0,12.0,11.0,10.0,11.0,11.0,10.0,9.0,10.0,11.0,11.0,11.0,9.0,10.0,9.0
2021-01-24,8.0,8.0,9.0,7.0,6.0,9.0,8.0,7.0,6.0,7.0,7.0,6.0,7.0,6.0,7.0,6.0
2021-01-25,14.0,14.0,16.0,12.0,10.0,17.0,13.0,11.0,11.0,12.0,12.0,13.0,12.0,9.0,12.0,11.0
2021-01-26,15.0,15.0,16.0,12.0,11.0,17.0,13.0,12.0,11.0,14.0,13.0,12.0,13.0,11.0,12.0,12.0
2021-01-27,15.0,15.0,16.0,11.0,12.0,17.0,14.0,12.0,11.0,14.0,14.0,14.0,12.0,10.0,13.0,11.0
2021-01-28,15.0,16.0,17.0,12.0,12.0,17.0,15.0,12.0,10.0,14.0,14.0,13.0,13.0,11.0,13.0,12.0
2021-01-29,16.0,16.0,17.0,13.0,13.0,17.0,14.0,14.0,12.0,14.0,14.0,13.0,14.0,12.0,14.0,13.0
2021-01-30,12.0,11.0,10.0,9.0,10.0,9.0,11.0,10.0,8.0,10.0,11.0,11.0,10.0,9.0,9.0,9.0
2021-01-31,7.0,8.0,7.0,5.0,6.0,7.0,6.0,5.0,5.0,5.0,6.0,7.0,5.0,4.0,6.0,3.0
2021-02-01,13.0,13.0,16.0,13.0,12.0,17.0,12.0,12.0,11.0,12.0,12.0,12.0,12.0,10.0,12.0,11.0
2021-02-02,14.0,14.0,17.0,13.0,13.0,17.0,13.0,13.0,10.0,13.0,13.0,12.0,13.0,11.0,12.0,11.0
2021-02-03,14.0,15.0,16.0,12.0,13.0,18.0,14.0,12.0,12.0,13.0,13.0,13.0,12.0,10.0,14.0,11.0
2021-02-04,13.0,13.0,16.0,13.0,13.0,18.0,12.0,12.0,10.0,12.0,12.0,12.0,12.0,10.0,14.0,10.0
2021-02-05,15.0,15.0,17.0,13.0,13.0,17.0,14.0,13.0,12.0,13.0,14.0,14.0,13.0,11.0,14.0,12.0
2021-02-06,10.0,10.0,11.0,10.0,11.0,12.0,11.0,11.0,8.0,11.0,11.0,10.0,10.0,9.0,11.0,9.0
2021-02-07,8.0,8.0,10.0,8.0,10.0,11.0,8.0,10.0,7.0,9.0,7.0,7.0,8.0,8.0,9.0,7.0
2021-02-08,13.0,14.0,17.0,14.0,14.0,18.0,16.0,17.0,13.0,17.0,13.0,13.0,18.0,19.0,14.0,23.0
2021-02-09,14.0,15.0,18.0,14.0,14.0,18.0,15.0,16.0,13.0,17.0,14.0,13.0,15.0,17.0,14.0,15.0
2021-02-10,15.0,15.0,16.0,12.0,13.0,18.0,15.0,15.0,13.0,16.0,14.0,14.0,13.0,14.0,14.0,13.0
2021-02-11,14.0,15.0,17.0,13.0,13.0,18.0,14.0,14.0,12.0,15.0,13.0,13.0,14.0,14.0,14.0,13.0
2021-02-12,15.0,15.0,17.0,13.0,13.0,17.0,15.0,15.0,13.0,16.0,15.0,14.0,15.0,14.0,14.0,14.0
2021-02-13,10.0,10.0,10.0,9.0,9.0,10.0,10.0,10.0,7.0,10.0,10.0,10.0,10.0,9.0,9.0,9.0
2021-02-14,6.0,6.0,7.0,5.0,6.0,7.0,6.0,6.0,4.0,6.0,6.0,6.0,5.0,5.0,6.0,5.0
2021-02-15,14.0,14.0,16.0,12.0,13.0,17.0,15.0,14.0,12.0,15.0,14.0,16.0,12.0,11.0,13.0,12.0
2021-02-16,14.0,15.0,17.0,13.0,13.0,18.0,13.0,13.0,13.0,13.0,13.0,12.0,13.0,12.0,14.0,12.0
2021-02-17,13.0,14.0,16.0,12.0,12.0,18.0,13.0,12.0,12.0,13.0,12.0,12.0,11.0,10.0,13.0,10.0
2021-02-18,13.0,13.0,16.0,11.0,12.0,17.0,13.0,12.0,11.0,13.0,12.0,12.0,11.0,10.0,13.0,11.0
2021-02-19,14.0,14.0,16.0,12.0,12.0,16.0,13.0,12.0,12.0,13.0,13.0,13.0,12.0,11.0,13.0,11.0
2021-02-20,7.0,8.0,8.0,7.0,8.0,8.0,8.0,8.0,7.0,8.0,8.0,8.0,7.0,7.0,8.0,6.0
2021-02-21,3.0,4.0,3.0,3.0,3.0,4.0,3.0,4.0,3.0,3.0,3.0,3.0,3.0,2.0,4.0,2.0
2021-02-22,11.0,11.0,14.0,10.0,9.0,15.0,11.0,9.0,9.0,10.0,11.0,11.0,10.0,8.0,10.0,9.0
2021-02-23,11.0,12.0,14.0,9.0,10.0,15.0,11.0,10.0,9.0,11.0,11.0,10.0,9.0,8.0,11.0,9.0
2021-02-24,11.0,11.0,13.0,8.0,9.0,15.0,11.0,10.0,8.0,10.0,11.0,10.0,8.0,7.0,11.0,8.0
2021-02-25,11.0,11.0,13.0,9.0,10.0,15.0,11.0,10.0,7.0,10.0,10.0,10.0,8.0,7.0,11.0,8.0
2021-02-26,13.0,12.0,15.0,11.0,11.0,15.0,13.0,11.0,9.0,12.0,13.0,12.0,11.0,10.0,11.0,11.0
2021-02-27,8.0,9.0,9.0,7.0,8.0,9.0,8.0,8.0,6.0,8.0,8.0,8.0,8.0,7.0,8.0,7.0
2021-02-28,4.0,5.0,7.0,5.0,6.0,7.0,4.0,6.0,4.0,4.0,4.0,4.0,3.0,4.0,5.0,3.0
2021-03-01,10.0,10.0,13.0,9.0,8.0,14.0,10.0,9.0,8.0,9.0,9.0,9.0,9.0,6.0,9.0,8.0
2021-03-02,11.0,10.0,13.0,9.0,9.0,14.0,10.0,10.0,8.0,10.0,10.0,9.0,9.0,7.0,10.0,7.0
2021-03-03,11.0,11.0,12.0,8.0,9.0,14.0,10.0,9.0,7.0,10.0,10.0,10.0,8.0,6.0,10.0,7.0
2021-03-04,12.0,11.0,15.0,9.0,11.0,16.0,12.0,11.0,8.0,12.0,11.0,11.0,10.0,7.0,11.0,9.0
2021-03-05,13.0,13.0,14.0,10.0,10.0,14.0,12.0,11.0,9.0,11.0,12.0,12.0,11.0,8.0,11.0,9.0
2021-03-06,8.0,8.0,9.0,7.0,9.0,9.0,8.0,8.0,7.0,8.0,8.0,8.0,7.0,6.0,8.0,6.0
2021-03-07,5.0,5.0,7.0,5.0,6.0,7.0,4.0,6.0,5.0,5.0,4.0,4.0,5.0,4.0,6.0,3.0
2021-03-08,10.0,10.0,21.0,12.0,8.0,14.0,10.0,9.0,7.0,9.0,9.0,9.0,9.0,5.0,8.0,8.0
2021-03-09,11.0,11.0,12.0,8.0,11.0,16.0,11.0,11.0,7.0,12.0,10.0,10.0,9.0,7.0,9.0,8.0
2021-03-10,11.0,11.0,12.0,8.0,10.0,15.0,11.0,10.0,7.0,10.0,10.0,10.0,8.0,6.0,10.0,8.0
2021-03-11,12.0,12.0,14.0,10.0,11.0,17.0,12.0,11.0,9.0,11.0,11.0,11.0,10.0,7.0,12.0,9.0
2021-03-12,12.0,11.0,14.0,10.0,11.0,15.0,11.0,11.0,9.0,12.0,11.0,11.0,10.0,8.0,11.0,9.0
2021-03-13,9.0,8.0,10.0,8.0,9.0,9.0,9.0,9.0,7.0,9.0,9.0,9.0,7.0,7.0,8.0,8.0
2021-03-14,7.0,7.0,8.0,5.0,6.0,7.0,6.0,6.0,5.0,6.0,6.0,7.0,5.0,4.0,6.0,5.0
2021-03-15,11.0,10.0,13.0,9.0,9.0,15.0,10.0,9.0,8.0,9.0,9.0,9.0,9.0,6.0,9.0,9.0
2021-03-16,11.0,11.0,13.0,8.0,9.0,14.0,10.0,10.0,7.0,10.0,10.0,9.0,9.0,7.0,8.0,8.0
2021-03-17,11.0,11.0,13.0,8.0,9.0,14.0,11.0,9.0,7.0,10.0,10.0,9.0,8.0,6.0,9.0,8.0
2021-03-18,11.0,11.0,13.0,8.0,10.0,15.0,11.0,10.0,6.0,10.0,9.0,9.0,9.0,7.0,9.0,8.0
2021-03-19,12.0,12.0,14.0,9.0,10.0,14.0,11.0,11.0,8.0,10.0,11.0,10.0,10.0,8.0,10.0,10.0
2021-03-20,8.0,8.0,8.0,6.0,8.0,9.0,7.0,8.0,6.0,7.0,7.0,7.0,7.0,6.0,7.0,7.0
2021-03-21,7.0,7.0,7.0,5.0,6.0,6.0,6.0,6.0,4.0,6.0,6.0,6.0,6.0,4.0,5.0,5.0
2021-03-22,11.0,11.0,12.0,8.0,9.0,14.0,10.0,9.0,7.0,9.0,9.0,9.0,9.0,6.0,8.0,8.0
2021-03-23,11.0,11.0,13.0,8.0,9.0,15.0,10.0,9.0,7.0,9.0,9.0,8.0,9.0,7.0,9.0,8.0
2021-03-24,10.0,9.0,11.0,7.0,8.0,14.0,10.0,8.0,6.0,9.0,8.0,8.0,7.0,5.0,9.0,6.0
2021-03-25,10.0,10.0,12.0,7.0,9.0,14.0,10.0,9.0,5.0,9.0,9.0,8.0,7.0,6.0,9.0,7.0
2021-03-26,10.0,10.0,12.0,8.0,9.0,13.0,10.0,10.0,6.0,10.0,10.0,9.0,8.0,6.0,9.0,8.0
2021-03-27,8.0,8.0,9.0,7.0,8.0,9.0,8.0,8.0,6.0,8.0,8.0,8.0,7.0,6.0,8.0,7.0
2021-03-28,4.0,4.0,5.0,4.0,6.0,8.0,4.0,6.0,5.0,5.0,4.0,3.0,4.0,3.0,7.0,4.0
2021-03-29,9.0,10.0,12.0,9.0,9.0,13.0,9.0,9.0,8.0,9.0,9.0,9.0,8.0,6.0,9.0,7.0
2021-03-30,9.0,9.0,10.0,8.0,8.0,11.0,9.0,9.0,5.0,9.0,9.0,9.0,7.0,6.0,7.0,7.0
2021-03-31,8.0,8.0,8.0,6.0,7.0,11.0,8.0,8.0,4.0,8.0,8.0,8.0,5.0,4.0,6.0,5.0
2021-04-01,9.0,9.0,11.0,8.0,9.0,12.0,8.0,9.0,7.0,8.0,9.0,8.0,7.0,6.0,9.0,6.0
2021-04-02,25.0,26.0,24.0,25.0,25.0,28.0,25.0,26.0,24.0,26.0,25.0,24.0,25.0,24.0,25.0,25.0
2021-04-03,8.0,8.0,7.0,6.0,6.0,6.0,7.0,7.0,3.0,7.0,7.0,7.0,6.0,4.0,5.0,5.0
2021-04-04,2.0,3.0,2.0,1.0,4.0,5.0,3.0,4.0,1.0,3.0,3.0,2.0,-1.0,0.0,4.0,0.0
2021-04-05,26.0,25.0,25.0,26.0,23.0,27.0,25.0,25.0,24.0,24.0,25.0,25.0,26.0,25.0,24.0,27.0
2021-04-06,13.0,13.0,15.0,11.0,12.0,15.0,13.0,12.0,8.0,13.0,12.0,11.0,11.0,7.0,11.0,10.0
2021-04-07,14.0,14.0,15.0,11.0,13.0,16.0,14.0,12.0,10.0,14.0,12.0,12.0,11.0,8.0,12.0,11.0
2021-04-08,12.0,13.0,15.0,12.0,12.0,16.0,13.0,12.0,8.0,12.0,10.0,9.0,11.0,8.0,12.0,11.0
2021-04-09,12.0,12.0,14.0,11.0,13.0,16.0,12.0,12.0,9.0,12.0,11.0,9.0,10.0,7.0,12.0,9.0
2021-04-10,7.0,7.0,9.0,7.0,8.0,8.0,9.0,8.0,5.0,9.0,9.0,8.0,7.0,6.0,6.0,7.0
2021-04-11,5.0,4.0,4.0,3.0,7.0,9.0,6.0,7.0,5.0,7.0,7.0,7.0,1.0,3.0,7.0,2.0
2021-04-12,11.0,11.0,13.0,9.0,9.0,15.0,11.0,9.0,7.0,10.0,8.0,9.0,9.0,5.0,9.0,8.0
2021-04-13,12.0,11.0,13.0,9.0,10.0,15.0,11.0,10.0,7.0,11.0,9.0,8.0,8.0,6.0,10.0,7.0
2021-04-14,11.0,11.0,13.0,8.0,10.0,15.0,11.0,9.0,6.0,11.0,9.0,9.0,7.0,6.0,10.0,7.0
2021-04-15,12.0,11.0,14.0,9.0,10.0,15.0,12.0,9.0,6.0,11.0,9.0,9.0,8.0,6.0,10.0,7.0
2021-04-16,12.0,12.0,13.0,9.0,9.0,13.0,12.0,10.0,7.0,11.0,11.0,10.0,9.0,7.0,9.0,8.0
2021-04-17,8.0,9.0,8.0,6.0,7.0,7.0,8.0,7.0,4.0,8.0,7.0,7.0,7.0,6.0,5.0,6.0
2021-04-18,7.0,7.0,7.0,5.0,4.0,4.0,6.0,5.0,4.0,5.0,6.0,6.0,6.0,4.0,3.0,5.0
2021-04-19,11.0,11.0,12.0,8.0,8.0,14.0,10.0,8.0,7.0,9.0,9.0,9.0,7.0,5.0,7.0,7.0
2021-04-20,11.0,11.0,11.0,8.0,8.0,13.0,10.0,8.0,6.0,10.0,9.0,9.0,7.0,5.0,7.0,7.0
2021-04-21,10.0,11.0,11.0,7.0,9.0,14.0,10.0,9.0,8.0,10.0,9.0,9.0,5.0,4.0,9.0,5.0
2021-04-22,11.0,11.0,13.0,9.0,10.0,15.0,10.0,10.0,8.0,10.0,9.0,8.0,8.0,6.0,9.0,6.0
2021-04-23,11.0,11.0,12.0,9.0,10.0,13.0,10.0,10.0,8.0,10.0,10.0,8.0,8.0,6.0,8.0,7.0
2021-04-24,6.0,6.0,7.0,6.0,7.0,6.0,7.0,7.0,5.0,8.0,7.0,7.0,5.0,5.0,5.0,4.0
2021-04-25,3.0,3.0,5.0,4.0,4.0,4.0,4.0,5.0,3.0,5.0,3.0,4.0,3.0,3.0,3.0,2.0
2021-04-26,10.0,10.0,12.0,9.0,10.0,14.0,10.0,8.0,8.0,9.0,8.0,9.0,8.0,6.0,8.0,7.0
2021-04-27,10.0,10.0,12.0,8.0,10.0,13.0,10.0,9.0,7.0,10.0,9.0,9.0,8.0,6.0,8.0,7.0
2021-04-28,10.0,10.0,10.0,7.0,9.0,13.0,10.0,8.0,7.0,10.0,9.0,9.0,6.0,5.0,8.0,5.0
2021-04-29,11.0,11.0,13.0,9.0,12.0,16.0,11.0,10.0,9.0,11.0,10.0,9.0,8.0,7.0,10.0,7.0
2021-04-30,12.0,10.0,12.0,8.0,10.0,12.0,10.0,9.0,7.0,10.0,9.0,9.0,8.0,7.0,7.0,7.0
2021-05-01,13.0,12.0,10.0,8.0,12.0,12.0,11.0,11.0,8.0,11.0,12.0,12.0,8.0,7.0,10.0,7.0
2021-05-02,6.0,7.0,7.0,5.0,6.0,5.0,5.0,6.0,4.0,6.0,5.0,5.0,6.0,4.0,5.0,4.0
2021-05-03,9.0,10.0,12.0,8.0,10.0,14.0,10.0,8.0,8.0,9.0,8.0,9.0,8.0,5.0,7.0,6.0
2021-05-04,12.0,11.0,13.0,9.0,11.0,15.0,12.0,11.0,9.0,12.0,11.0,11.0,9.0,8.0,9.0,8.0
2021-05-05,12.0,11.0,12.0,8.0,11.0,16.0,12.0,10.0,9.0,11.0,10.0,10.0,8.0,7.0,10.0,7.0
2021-05-06,12.0,12.0,12.0,8.0,10.0,14.0,12.0,9.0,7.0,11.0,10.0,11.0,8.0,7.0,8.0,7.0
2021-05-07,12.0,12.0,14.0,9.0,11.0,13.0,11.0,10.0,8.0,11.0,10.0,9.0,9.0,8.0,8.0,8.0
2021-05-08,6.0,5.0,4.0,4.0,7.0,6.0,7.0,6.0,3.0,7.0,7.0,7.0,3.0,3.0,4.0,3.0
2021-05-09,0.0,0.0,-3.0,-1.0,0.0,-1.0,1.0,1.0,-2.0,1.0,1.0,2.0,-3.0,-3.0,0.0,-3.0
2021-05-10,10.0,8.0,8.0,6.0,8.0,13.0,10.0,7.0,5.0,9.0,9.0,10.0,5.0,4.0,7.0,5.0
2021-05-11,12.0,10.0,9.0,6.0,10.0,14.0,10.0,9.0,6.0,11.0,10.0,10.0,7.0,6.0,8.0,6.0
2021-05-12,8.0,9.0,9.0,4.0,6.0,11.0,8.0,5.0,3.0,7.0,6.0,6.0,6.0,5.0,5.0,5.0
2021-05-13,25.0,26.0,25.0,23.0,20.0,26.0,22.0,21.0,20.0,21.0,22.0,23.0,24.0,22.0,23.0,21.0
2021-05-14,15.0,13.0,17.0,16.0,14.0,17.0,14.0,15.0,15.0,14.0,14.0,14.0,16.0,14.0,14.0,15.0
2021-05-15,8.0,7.0,5.0,4.0,7.0,6.0,8.0,7.0,4.0,8.0,8.0,9.0,4.0,4.0,5.0,4.0
2021-05-16,5.0,5.0,3.0,2.0,4.0,4.0,5.0,4.0,2.0,4.0,5.0,5.0,1.0,1.0,3.0,2.0
2021-05-17,10.0,9.0,10.0,6.0,8.0,12.0,9.0,7.0,6.0,9.0,8.0,9.0,7.0,6.0,7.0,7.0
2021-05-18,11.0,10.0,11.0,7.0,9.0,13.0,10.0,8.0,5.0,10.0,9.0,9.0,7.0,7.0,7.0,7.0
2021-05-19,9.0,9.0,9.0,6.0,8.0,12.0,9.0,8.0,5.0,9.0,8.0,9.0,7.0,6.0,7.0,5.0
2021-05-20,9.0,9.0,9.0,6.0,8.0,12.0,9.0,7.0,4.0,9.0,8.0,8.0,6.0,5.0,7.0,6.0
2021-05-21,10.0,9.0,8.0,5.0,8.0,11.0,9.0,7.0,7.0,9.0,8.0,8.0,5.0,6.0,7.0,5.0
2021-05-22,4.0,4.0,4.0,3.0,6.0,5.0,6.0,6.0,3.0,7.0,6.0,6.0,2.0,3.0,5.0,3.0
2021-05-23,3.0,3.0,2.0,0.0,2.0,3.0,3.0,3.0,-1.0,3.0,2.0,3.0,-1.0,0.0,1.0,-1.0
2021-05-24,21.0,21.0,14.0,18.0,19.0,20.0,20.0,19.0,16.0,22.0,22.0,24.0,16.0,17.0,18.0,17.0
2021-05-25,10.0,9.0,10.0,6.0,9.0,10.0,9.0,9.0,5.0,10.0,9.0,10.0,6.0,4.0,6.0,5.0
2021-05-26,11.0,10.0,10.0,6.0,8.0,12.0,10.0,8.0,5.0,9.0,10.0,11.0,6.0,5.0,7.0,6.0
2021-05-27,10.0,10.0,11.0,7.0,9.0,12.0,10.0,8.0,4.0,10.0,9.0,9.0,7.0,5.0,7.0,7.0
2021-05-28,8.0,8.0,10.0,6.0,7.0,9.0,7.0,7.0,3.0,7.0,8.0,8.0,6.0,4.0,6.0,5.0
2021-05-29,2.0,2.0,2.0,2.0,3.0,1.0,3.0,4.0,0.0,3.0,3.0,4.0,2.0,1.0,1.0,1.0
2021-05-30,0.0,0.0,-2.0,-1.0,0.0,-2.0,1.0,0.0,-2.0,0.0,0.0,1.0,-2.0,-2.0,-1.0,-2.0
2021-05-31,7.0,7.0,7.0,4.0,3.0,7.0,6.0,4.0,1.0,4.0,6.0,5.0,3.0,1.0,4.0,3.0
2021-06-01,7.0,7.0,8.0,4.0,4.0,8.0,6.0,5.0,1.0,5.0,6.0,5.0,3.0,2.0,4.0,3.0
2021-06-02,4.0,3.0,7.0,4.0,4.0,8.0,2.0,4.0,2.0,2.0,4.0,3.0,2.0,1.0,5.0,1.0
2021-06-03,20.0,17.0,7.0,4.0,7.0,9.0,20.0,6.0,1.0,22.0,21.0,21.0,3.0,2.0,6.0,4.0
2021-06-04,12.0,10.0,6.0,3.0,4.0,6.0,11.0,5.0,1.0,10.0,12.0,10.0,2.0,2.0,4.0,4.0
2021-06-05,4.0,3.0,-2.0,-1.0,4.0,0.0,4.0,3.0,-3.0,4.0,4.0,6.0,0.0,0.0,0.0,1.0
2021-06-06,3.0,3.0,-4.0,-2.0,2.0,1.0,1.0,2.0,-4.0,2.0,2.0,2.0,-2.0,-2.0,1.0,1.0
2021-06-07,7.0,6.0,6.0,3.0,5.0,9.0,6.0,4.0,1.0,4.0,6.0,6.0,3.0,1.0,4.0,3.0
2021-06-08,7.0,6.0,7.0,3.0,5.0,8.0,6.0,5.0,1.0,6.0,6.0,6.0,3.0,2.0,3.0,3.0
2021-06-09,7.0,6.0,5.0,2.0,4.0,7.0,6.0,4.0,1.0,5.0,6.0,5.0,2.0,1.0,4.0,2.0
2021-06-10,6.0,5.0,6.0,3.0,4.0,8.0,6.0,4.0,0.0,5.0,5.0,5.0,3.0,1.0,4.0,2.0
2021-06-11,5.0,4.0,4.0,1.0,3.0,5.0,4.0,4.0,-1.0,4.0,5.0,4.0,0.0,0.0,3.0,1.0
2021-06-12,1.0,0.0,1.0,0.0,1.0,1.0,1.0,2.0,-2.0,1.0,1.0,2.0,-1.0,-1.0,1.0,-2.0
2021-06-13,-1.0,-2.0,-2.0,-1.0,-2.0,-1.0,-1.0,-1.0,-2.0,-1.0,-1.0,0.0,-2.0,-2.0,0.0,-3.0
2021-06-14,4.0,4.0,5.0,2.0,3.0,7.0,4.0,3.0,1.0,3.0,4.0,5.0,1.0,0.0,3.0,1.0
2021-06-15,5.0,4.0,6.0,3.0,4.0,7.0,5.0,4.0,0.0,5.0,5.0,5.0,1.0,1.0,3.0,1.0
2021-06-16,4.0,3.0,4.0,2.0,3.0,6.0,5.0,3.0,0.0,4.0,4.0,5.0,0.0,0.0,3.0,0.0
2021-06-17,5.0,3.0,5.0,2.0,4.0,7.0,5.0,4.0,-1.0,5.0,5.0,5.0,1.0,1.0,3.0,1.0
2021-06-18,4.0,3.0,4.0,2.0,4.0,5.0,5.0,4.0,-1.0,5.0,5.0,5.0,0.0,1.0,3.0,0.0
2021-06-19,1.0,-1.0,-2.0,-1.0,0.0,-1.0,1.0,1.0,-3.0,1.0,2.0,2.0,-4.0,-2.0,-1.0,-3.0
2021-06-20,1.0,-1.0,-4.0,-2.0,0.0,-1.0,0.0,0.0,-4.0,0.0,1.0,1.0,-4.0,-3.0,0.0,-3.0
2021-06-21,5.0,4.0,6.0,3.0,6.0,10.0,5.0,5.0,3.0,5.0,4.0,5.0,2.0,1.0,7.0,2.0
2021-06-22,6.0,5.0,7.0,3.0,5.0,8.0,6.0,5.0,2.0,6.0,6.0,6.0,3.0,2.0,5.0,2.0
2021-06-23,5.0,4.0,5.0,2.0,5.0,7.0,5.0,4.0,2.0,5.0,5.0,5.0,2.0,1.0,5.0,2.0
2021-06-24,6.0,5.0,7.0,4.0,5.0,8.0,7.0,5.0,2.0,5.0,6.0,7.0,3.0,2.0,5.0,3.0
2021-06-25,5.0,4.0,5.0,3.0,3.0,5.0,4.0,4.0,1.0,4.0,5.0,4.0,2.0,1.0,4.0,2.0
2021-06-26,0.0,-1.0,-3.0,-2.0,0.0,-1.0,0.0,0.0,-4.0,0.0,1.0,1.0,-3.0,-3.0,-1.0,-3.0
2021-06-27,-2.0,-3.0,-5.0,-4.0,-3.0,-3.0,-1.0,-2.0,-5.0,-1.0,0.0,0.0,-5.0,-4.0,-2.0,-4.0
2021-06-28,4.0,3.0,5.0,3.0,3.0,7.0,5.0,3.0,1.0,4.0,4.0,5.0,1.0,1.0,3.0,1.0
2021-06-29,6.0,5.0,6.0,4.0,5.0,8.0,5.0,4.0,2.0,4.0,5.0,5.0,2.0,2.0,5.0,2.0
2021-06-30,4.0,4.0,8.0,5.0,3.0,8.0,4.0,3.0,2.0,4.0,4.0,5.0,1.0,2.0,5.0,0.0
2021-07-01,5.0,5.0,9.0,5.0,4.0,9.0,6.0,5.0,2.0,5.0,5.0,5.0,2.0,2.0,6.0,3.0
2021-07-02,3.0,4.0,5.0,3.0,3.0,6.0,4.0,4.0,1.0,4.0,4.0,3.0,2.0,1.0,4.0,2.0
2021-07-03,0.0,-1.0,-2.0,-2.0,-1.0,-2.0,0.0,0.0,-3.0,-1.0,0.0,1.0,-4.0,-3.0,-1.0,-4.0
2021-07-04,1.0,0.0,-4.0,-4.0,0.0,-2.0,1.0,0.0,-5.0,1.0,1.0,3.0,-5.0,-4.0,-2.0,-3.0
2021-07-05,4.0,4.0,7.0,4.0,4.0,8.0,5.0,4.0,3.0,5.0,4.0,5.0,2.0,1.0,5.0,2.0
2021-07-06,6.0,4.0,6.0,4.0,4.0,8.0,6.0,5.0,3.0,7.0,6.0,6.0,2.0,3.0,6.0,3.0
2021-07-07,5.0,5.0,7.0,4.0,3.0,7.0,4.0,3.0,2.0,5.0,4.0,4.0,2.0,1.0,5.0,1.0
2021-07-08,6.0,5.0,7.0,4.0,4.0,8.0,6.0,4.0,1.0,6.0,5.0,6.0,3.0,2.0,6.0,2.0
2021-07-09,4.0,5.0,8.0,6.0,3.0,8.0,5.0,4.0,4.0,5.0,4.0,3.0,3.0,4.0,6.0,4.0
2021-07-10,-1.0,-2.0,-2.0,-2.0,-1.0,-2.0,0.0,0.0,-3.0,0.0,0.0,1.0,-4.0,-3.0,-1.0,-3.0
2021-07-11,-1.0,1.0,-4.0,-4.0,-1.0,-2.0,0.0,-1.0,-5.0,-1.0,-1.0,-1.0,-3.0,-3.0,-2.0,-2.0
2021-07-12,4.0,3.0,7.0,5.0,4.0,8.0,4.0,4.0,3.0,5.0,4.0,5.0,2.0,1.0,5.0,1.0
2021-07-13,7.0,6.0,6.0,4.0,4.0,8.0,6.0,5.0,2.0,8.0,7.0,7.0,2.0,2.0,5.0,3.0
2021-07-14,5.0,5.0,6.0,4.0,5.0,9.0,6.0,5.0,3.0,8.0,6.0,7.0,2.0,2.0,6.0,2.0
2021-07-15,5.0,5.0,6.0,4.0,4.0,7.0,5.0,4.0,1.0,6.0,4.0,5.0,2.0,1.0,5.0,2.0
2021-07-16,4.0,3.0,5.0,4.0,3.0,5.0,4.0,3.0,1.0,6.0,4.0,4.0,0.0,1.0,4.0,1.0
2021-07-17,0.0,1.0,-2.0,-2.0,-1.0,-4.0,-1.0,-1.0,-5.0,-1.0,-1.0,0.0,-1.0,-2.0,-2.0,-3.0
2021-07-18,-3.0,-2.0,-5.0,-4.0,-2.0,-3.0,-3.0,-2.0,-5.0,-2.0,-3.0,-2.0,-5.0,-4.0,-3.0,-5.0
2021-07-19,3.0,3.0,7.0,4.0,4.0,8.0,5.0,3.0,3.0,5.0,4.0,5.0,2.0,1.0,5.0,2.0
2021-07-20,4.0,4.0,7.0,5.0,4.0,8.0,5.0,4.0,3.0,6.0,5.0,5.0,2.0,2.0,5.0,2.0
2021-07-21,3.0,3.0,6.0,4.0,3.0,8.0,5.0,3.0,3.0,5.0,4.0,5.0,1.0,1.0,6.0,1.0
2021-07-22,3.0,3.0,6.0,4.0,5.0,7.0,5.0,5.0,2.0,5.0,5.0,5.0,1.0,2.0,5.0,1.0
2021-07-23,2.0,2.0,5.0,3.0,5.0,6.0,4.0,5.0,2.0,4.0,5.0,4.0,0.0,2.0,5.0,0.0
2021-07-24,0.0,-1.0,-4.0,-4.0,-1.0,-4.0,1.0,-1.0,-5.0,1.0,2.0,3.0,-6.0,-4.0,-2.0,-5.0
2021-07-25,0.0,0.0,-3.0,-3.0,-1.0,-2.0,-1.0,-1.0,-4.0,-1.0,-1.0,1.0,-4.0,-4.0,-1.0,-4.0
2021-07-26,5.0,4.0,7.0,6.0,5.0,9.0,6.0,5.0,4.0,6.0,6.0,7.0,4.0,3.0,6.0,4.0
2021-07-27,4.0,4.0,6.0,5.0,6.0,8.0,7.0,6.0,3.0,8.0,7.0,7.0,3.0,3.0,6.0,3.0
2021-07-28,4.0,4.0,6.0,4.0,6.0,8.0,6.0,6.0,3.0,7.0,6.0,7.0,3.0,2.0,6.0,3.0
2021-07-29,4.0,2.0,6.0,4.0,6.0,8.0,6.0,6.0,2.0,6.0,5.0,6.0,2.0,2.0,6.0,2.0
2021-07-30,4.0,3.0,4.0,3.0,4.0,5.0,4.0,5.0,2.0,5.0,5.0,4.0,1.0,2.0,4.0,1.0
2021-07-31,-2.0,-2.0,-3.0,-3.0,1.0,1.0,-1.0,0.0,-3.0,0.0,-1.0,0.0,-5.0,-4.0,1.0,-5.0
2021-08-01,0.0,0.0,-3.0,-3.0,1.0,0.0,-2.0,-1.0,-1.0,0.0,-1.0,-1.0,-3.0,-4.0,0.0,-3.0
2021-08-02,6.0,5.0,6.0,5.0,5.0,8.0,6.0,5.0,2.0,6.0,6.0,7.0,5.0,3.0,4.0,4.0
2021-08-03,7.0,6.0,7.0,5.0,6.0,8.0,7.0,6.0,1.0,7.0,8.0,8.0,5.0,4.0,3.0,4.0
2021-08-04,6.0,6.0,6.0,4.0,5.0,8.0,6.0,6.0,1.0,6.0,6.0,6.0,3.0,3.0,3.0,3.0
2021-08-05,6.0,6.0,6.0,4.0,6.0,7.0,6.0,6.0,0.0,6.0,6.0,7.0,5.0,4.0,4.0,4.0
2021-08-06,6.0,5.0,5.0,4.0,7.0,6.0,6.0,7.0,0.0,7.0,7.0,6.0,4.0,4.0,4.0,4.0
2021-08-07,1.0,0.0,-3.0,-3.0,0.0,1.0,0.0,0.0,-4.0,0.0,0.0,2.0,-4.0,-3.0,0.0,-3.0
2021-08-08,-2.0,-1.0,-3.0,-2.0,-1.0,1.0,-1.0,-1.0,-2.0,0.0,-1.0,0.0,-5.0,-4.0,1.0,-4.0
2021-08-09,5.0,5.0,5.0,4.0,5.0,7.0,6.0,6.0,2.0,6.0,5.0,7.0,3.0,3.0,3.0,4.0
2021-08-10,6.0,5.0,5.0,3.0,7.0,8.0,6.0,7.0,2.0,7.0,6.0,7.0,4.0,4.0,4.0,4.0
2021-08-11,5.0,4.0,4.0,2.0,4.0,6.0,5.0,5.0,1.0,5.0,5.0,6.0,2.0,2.0,3.0,2.0
2021-08-12,5.0,4.0,4.0,2.0,4.0,6.0,5.0,5.0,0.0,5.0,5.0,6.0,2.0,2.0,2.0,2.0
2021-08-13,5.0,5.0,3.0,1.0,4.0,4.0,5.0,5.0,0.0,5.0,5.0,5.0,2.0,2.0,2.0,2.0
2021-08-14,-3.0,-3.0,-4.0,-3.0,-2.0,-1.0,-2.0,-2.0,-4.0,-2.0,-1.0,-1.0,-6.0,-5.0,-1.0,-6.0
2021-08-15,-3.0,-4.0,-4.0,-4.0,-3.0,-1.0,-4.0,-3.0,-3.0,-2.0,-3.0,-3.0,-7.0,-5.0,-1.0,-6.0
2021-08-16,7.0,8.0,6.0,3.0,6.0,8.0,7.0,6.0,4.0,6.0,6.0,8.0,4.0,3.0,4.0,4.0
2021-08-17,7.0,7.0,7.0,4.0,7.0,8.0,7.0,7.0,3.0,7.0,7.0,7.0,5.0,5.0,4.0,5.0
2021-08-18,7.0,7.0,5.0,3.0,7.0,8.0,7.0,6.0,3.0,5.0,6.0,8.0,4.0,3.0,4.0,4.0
2021-08-19,7.0,6.0,5.0,3.0,7.0,7.0,7.0,7.0,2.0,5.0,6.0,7.0,4.0,4.0,4.0,4.0
2021-08-20,5.0,5.0,4.0,2.0,6.0,6.0,5.0,6.0,2.0,4.0,5.0,5.0,3.0,3.0,3.0,3.0
2021-08-21,-3.0,-3.0,-2.0,-3.0,-1.0,-1.0,-2.0,-1.0,-4.0,-1.0,-1.0,-1.0,-6.0,-4.0,-1.0,-5.0
2021-08-22,0.0,0.0,-1.0,-2.0,1.0,2.0,0.0,0.0,-2.0,1.0,0.0,1.0,-3.0,-2.0,0.0,-2.0
2021-08-23,7.0,7.0,7.0,5.0,4.0,6.0,6.0,5.0,2.0,4.0,6.0,7.0,7.0,5.0,3.0,6.0
2021-08-24,7.0,7.0,5.0,3.0,5.0,6.0,6.0,5.0,1.0,4.0,6.0,6.0,5.0,3.0,2.0,4.0
2021-08-25,5.0,4.0,4.0,2.0,6.0,8.0,5.0,5.0,3.0,3.0,5.0,5.0,2.0,2.0,4.0,2.0
2021-08-26,7.0,7.0,6.0,4.0,6.0,7.0,6.0,6.0,2.0,5.0,6.0,6.0,5.0,4.0,4.0,5.0
2021-08-27,6.0,7.0,5.0,3.0,6.0,6.0,6.0,6.0,2.0,5.0,6.0,6.0,6.0,5.0,3.0,5.0
2021-08-28,1.0,1.0,0.0,-1.0,2.0,2.0,1.0,1.0,0.0,2.0,1.0,2.0,-1.0,-1.0,2.0,-1.0
2021-08-29,1.0,1.0,1.0,0.0,0.0,2.0,2.0,1.0,1.0,2.0,2.0,1.0,-2.0,0.0,1.0,0.0
2021-08-30,7.0,7.0,7.0,4.0,5.0,7.0,5.0,5.0,3.0,3.0,4.0,5.0,5.0,4.0,3.0,5.0
2021-08-31,7.0,7.0,5.0,3.0,4.0,6.0,4.0,5.0,1.0,4.0,4.0,4.0,5.0,3.0,2.0,4.0
2021-09-01,4.0,4.0,4.0,1.0,4.0,5.0,3.0,4.0,0.0,4.0,3.0,3.0,2.0,2.0,2.0,2.0
2021-09-02,4.0,4.0,4.0,2.0,4.0,6.0,4.0,3.0,0.0,3.0,3.0,3.0,2.0,1.0,3.0,2.0
2021-09-03,4.0,3.0,3.0,1.0,3.0,4.0,2.0,2.0,0.0,2.0,2.0,2.0,2.0,1.0,1.0,2.0
2021-09-04,-3.0,-3.0,-1.0,-2.0,-1.0,-1.0,-1.0,-1.0,-4.0,-1.0,-1.0,0.0,-5.0,-4.0,-1.0,-5.0
2021-09-05,-4.0,-4.0,-3.0,-4.0,-2.0,-3.0,-3.0,-2.0,-4.0,-3.0,-3.0,-2.0,-4.0,-4.0,-3.0,-4.0
2021-09-06,4.0,4.0,5.0,3.0,3.0,7.0,3.0,2.0,1.0,3.0,3.0,4.0,2.0,1.0,2.0,2.0
2021-09-07,5.0,4.0,5.0,3.0,3.0,6.0,3.0,3.0,1.0,4.0,3.0,3.0,1.0,1.0,2.0,1.0
2021-09-08,4.0,3.0,3.0,1.0,2.0,5.0,3.0,2.0,0.0,3.0,3.0,3.0,0.0,0.0,2.0,0.0
2021-09-09,4.0,3.0,3.0,1.0,2.0,5.0,4.0,2.0,-1.0,4.0,3.0,4.0,0.0,0.0,1.0,0.0
2021-09-10,5.0,4.0,4.0,1.0,4.0,6.0,4.0,3.0,0.0,4.0,4.0,3.0,0.0,1.0,3.0,0.0
2021-09-11,0.0,0.0,0.0,-1.0,1.0,1.0,1.0,0.0,-2.0,0.0,0.0,1.0,-3.0,-2.0,0.0,-3.0
2021-09-12,-3.0,-3.0,-2.0,-3.0,0.0,0.0,-2.0,-2.0,-3.0,-1.0,-2.0,-1.0,-4.0,-3.0,-1.0,-4.0
2021-09-13,3.0,4.0,5.0,3.0,3.0,7.0,3.0,3.0,2.0,3.0,3.0,4.0,2.0,1.0,3.0,2.0
2021-09-14,4.0,3.0,4.0,2.0,2.0,5.0,3.0,3.0,1.0,4.0,4.0,4.0,1.0,1.0,2.0,1.0
2021-09-15,4.0,4.0,5.0,2.0,4.0,8.0,5.0,3.0,2.0,4.0,4.0,5.0,1.0,1.0,4.0,2.0
2021-09-16,4.0,4.0,5.0,2.0,3.0,6.0,4.0,3.0,1.0,3.0,3.0,3.0,2.0,1.0,3.0,1.0
2021-09-17,3.0,3.0,5.0,2.0,3.0,5.0,3.0,3.0,2.0,3.0,3.0,3.0,2.0,2.0,3.0,1.0
2021-09-18,-2.0,-2.0,0.0,-1.0,0.0,0.0,-1.0,0.0,-2.0,-1.0,-1.0,0.0,-1.0,-1.0,0.0,-3.0
2021-09-19,-1.0,-1.0,-1.0,-2.0,0.0,0.0,-1.0,-1.0,-2.0,-1.0,-2.0,-1.0,-2.0,-2.0,-1.0,-3.0
2021-09-20,4.0,4.0,6.0,3.0,3.0,7.0,4.0,3.0,2.0,3.0,4.0,5.0,3.0,2.0,3.0,16.0
2021-09-21,4.0,4.0,6.0,3.0,4.0,7.0,4.0,4.0,2.0,4.0,4.0,4.0,3.0,2.0,4.0,1.0
2021-09-22,3.0,3.0,5.0,2.0,3.0,6.0,4.0,3.0,1.0,4.0,3.0,4.0,2.0,1.0,3.0,1.0
2021-09-23,3.0,3.0,5.0,3.0,5.0,8.0,4.0,4.0,2.0,4.0,3.0,4.0,2.0,2.0,4.0,1.0
2021-09-24,3.0,3.0,5.0,2.0,4.0,5.0,4.0,3.0,2.0,4.0,3.0,3.0,2.0,2.0,3.0,2.0
2021-09-25,-2.0,-2.0,0.0,-1.0,1.0,0.0,-1.0,0.0,-2.0,0.0,-1.0,0.0,-3.0,-2.0,0.0,-3.0
2021-09-26,0.0,-2.0,-4.0,-4.0,-2.0,-3.0,-1.0,-2.0,-4.0,-1.0,0.0,0.0,-5.0,-4.0,-3.0,-4.0
2021-09-27,4.0,4.0,6.0,4.0,4.0,7.0,5.0,3.0,3.0,4.0,4.0,5.0,3.0,2.0,3.0,3.0
2021-09-28,4.0,4.0,6.0,4.0,4.0,6.0,4.0,3.0,2.0,4.0,4.0,4.0,3.0,2.0,2.0,3.0
2021-09-29,4.0,4.0,6.0,3.0,5.0,7.0,5.0,4.0,3.0,5.0,4.0,5.0,2.0,2.0,4.0,2.0
2021-09-30,3.0,3.0,5.0,2.0,4.0,6.0,4.0,3.0,2.0,3.0,3.0,4.0,2.0,2.0,4.0,2.0
2021-10-01,3.0,2.0,4.0,2.0,3.0,4.0,3.0,3.0,1.0,3.0,3.0,3.0,1.0,1.0,2.0,1.0
2021-10-02,-1.0,-1.0,-1.0,-1.0,1.0,0.0,0.0,1.0,-2.0,1.0,0.0,1.0,-3.0,-2.0,0.0,-2.0
2021-10-03,0.0,-2.0,-1.0,-2.0,2.0,1.0,1.0,1.0,-1.0,2.0,2.0,2.0,-3.0,-2.0,0.0,-2.0
2021-10-04,4.0,4.0,6.0,3.0,3.0,7.0,5.0,3.0,3.0,3.0,4.0,4.0,3.0,2.0,4.0,3.0
2021-10-05,5.0,5.0,7.0,5.0,4.0,8.0,5.0,4.0,6.0,5.0,5.0,5.0,4.0,4.0,5.0,4.0
2021-10-06,4.0,4.0,5.0,3.0,4.0,7.0,5.0,4.0,3.0,5.0,5.0,5.0,2.0,2.0,5.0,2.0
2021-10-07,4.0,4.0,4.0,2.0,4.0,7.0,5.0,3.0,2.0,4.0,4.0,4.0,2.0,2.0,4.0,2.0
2021-10-08,4.0,4.0,4.0,2.0,3.0,5.0,4.0,3.0,3.0,3.0,4.0,3.0,2.0,2.0,3.0,3.0
2021-10-09,0.0,0.0,-1.0,-1.0,0.0,-2.0,0.0,0.0,-3.0,-1.0,0.0,1.0,-1.0,-1.0,-2.0,-1.0
2021-10-10,-1.0,-1.0,-2.0,-2.0,0.0,-1.0,-1.0,-1.0,-2.0,-1.0,-1.0,0.0,-2.0,-1.0,-2.0,-1.0
2021-10-11,4.0,4.0,7.0,5.0,4.0,8.0,6.0,4.0,3.0,5.0,5.0,5.0,4.0,2.0,5.0,4.0
2021-10-12,6.0,6.0,8.0,6.0,5.0,8.0,7.0,5.0,3.0,7.0,7.0,5.0,5.0,4.0,5.0,4.0
2021-10-13,4.0,5.0,6.0,4.0,5.0,8.0,6.0,4.0,2.0,6.0,6.0,5.0,3.0,2.0,5.0,3.0
2021-10-14,4.0,5.0,8.0,6.0,5.0,8.0,7.0,4.0,2.0,6.0,5.0,4.0,4.0,3.0,6.0,4.0
2021-10-15,4.0,4.0,7.0,5.0,4.0,7.0,6.0,4.0,3.0,6.0,6.0,4.0,4.0,4.0,5.0,4.0
2021-10-16,1.0,1.0,1.0,0.0,2.0,0.0,0.0,1.0,0.0,1.0,1.0,1.0,0.0,0.0,1.0,0.0
2021-10-17,1.0,0.0,0.0,0.0,1.0,2.0,0.0,1.0,1.0,0.0,0.0,1.0,-1.0,0.0,2.0,0.0
2021-10-18,4.0,4.0,7.0,5.0,4.0,7.0,6.0,4.0,3.0,5.0,5.0,6.0,5.0,2.0,3.0,3.0
2021-10-19,5.0,5.0,7.0,5.0,6.0,7.0,7.0,6.0,3.0,7.0,7.0,6.0,5.0,3.0,4.0,4.0
2021-10-20,4.0,4.0,6.0,4.0,5.0,7.0,7.0,5.0,3.0,6.0,6.0,7.0,3.0,3.0,5.0,3.0
2021-10-21,5.0,6.0,9.0,8.0,7.0,9.0,8.0,8.0,4.0,8.0,7.0,8.0,7.0,5.0,5.0,5.0
2021-10-22,5.0,5.0,8.0,6.0,6.0,8.0,6.0,7.0,5.0,7.0,6.0,6.0,6.0,4.0,5.0,5.0
2021-10-23,2.0,2.0,1.0,1.0,1.0,2.0,2.0,1.0,1.0,2.0,2.0,2.0,0.0,0.0,1.0,1.0
2021-10-24,0.0,0.0,0.0,0.0,0.0,1.0,0.0,0.0,0.0,0.0,0.0,0.0,-1.0,-1.0,0.0,0.0
2021-10-25,4.0,5.0,6.0,4.0,5.0,8.0,5.0,5.0,3.0,4.0,4.0,6.0,6.0,4.0,4.0,5.0
2021-10-26,5.0,5.0,7.0,4.0,6.0,7.0,5.0,6.0,3.0,5.0,5.0,7.0,6.0,5.0,4.0,6.0
2021-10-27,4.0,5.0,6.0,4.0,6.0,7.0,5.0,5.0,4.0,4.0,4.0,6.0,4.0,4.0,5.0,5.0
2021-10-28,4.0,4.0,5.0,3.0,4.0,6.0,5.0,5.0,2.0,3.0,4.0,6.0,4.0,4.0,3.0,4.0
2021-10-29,4.0,4.0,5.0,3.0,4.0,5.0,4.0,5.0,2.0,3.0,4.0,4.0,4.0,4.0,3.0,5.0
2021-10-30,1.0,1.0,0.0,0.0,1.0,1.0,2.0,1.0,-1.0,2.0,2.0,3.0,0.0,-1.0,1.0,0.0
2021-10-31,-1.0,-1.0,-1.0,-1.0,0.0,1.0,1.0,0.0,-1.0,-1.0,0.0,-1.0,-1.0,-1.0,0.0,-1.0
2021-11-01,21.0,22.0,7.0,5.0,3.0,7.0,6.0,4.0,5.0,18.0,20.0,22.0,5.0,3.0,4.0,7.0
2021-11-02,6.0,6.0,7.0,4.0,4.0,7.0,5.0,4.0,4.0,4.0,5.0,5.0,4.0,3.0,4.0,5.0
2021-11-03,7.0,6.0,6.0,4.0,4.0,7.0,6.0,4.0,3.0,5.0,6.0,6.0,3.0,3.0,4.0,5.0
2021-11-04,7.0,7.0,8.0,6.0,5.0,8.0,6.0,5.0,4.0,5.0,5.0,5.0,6.0,5.0,5.0,7.0
2021-11-05,7.0,7.0,7.0,5.0,5.0,7.0,6.0,5.0,4.0,5.0,5.0,5.0,6.0,5.0,4.0,7.0
2021-11-06,3.0,3.0,3.0,3.0,3.0,3.0,3.0,3.0,2.0,3.0,3.0,3.0,2.0,2.0,3.0,2.0
2021-11-07,3.0,3.0,3.0,2.0,2.0,3.0,3.0,2.0,2.0,2.0,3.0,4.0,3.0,2.0,3.0,3.0
2021-11-08,5.0,6.0,7.0,5.0,4.0,8.0,6.0,4.0,4.0,4.0,5.0,5.0,5.0,3.0,4.0,5.0
2021-11-09,6.0,6.0,7.0,5.0,4.0,7.0,5.0,4.0,4.0,5.0,5.0,5.0,5.0,4.0,4.0,4.0
2021-11-10,6.0,6.0,6.0,4.0,4.0,7.0,6.0,4.0,4.0,5.0,5.0,5.0,4.0,3.0,5.0,4.0
2021-11-11,6.0,6.0,7.0,5.0,4.0,8.0,6.0,4.0,3.0,5.0,5.0,5.0,5.0,4.0,5.0,4.0
2021-11-12,7.0,7.0,8.0,5.0,5.0,7.0,7.0,5.0,4.0,5.0,6.0,5.0,6.0,5.0,5.0,6.0
2021-11-13,4.0,5.0,3.0,3.0,3.0,3.0,4.0,3.0,2.0,4.0,4.0,4.0,4.0,3.0,3.0,3.0
2021-11-14,4.0,4.0,3.0,3.0,2.0,3.0,3.0,3.0,2.0,3.0,3.0,4.0,3.0,3.0,2.0,3.0
2021-11-15,6.0,6.0,8.0,6.0,4.0,8.0,6.0,5.0,4.0,5.0,5.0,6.0,7.0,4.0,4.0,5.0
2021-11-16,7.0,7.0,8.0,6.0,5.0,8.0,6.0,5.0,4.0,6.0,6.0,6.0,5.0,5.0,5.0,5.0
2021-11-17,7.0,8.0,8.0,6.0,5.0,8.0,7.0,5.0,5.0,6.0,6.0,6.0,23.0,5.0,5.0,5.0
2021-11-18,6.0,7.0,8.0,6.0,5.0,9.0,7.0,5.0,4.0,5.0,6.0,6.0,7.0,5.0,6.0,5.0
2021-11-19,7.0,8.0,9.0,7.0,6.0,8.0,7.0,6.0,5.0,6.0,7.0,6.0,9.0,6.0,5.0,7.0
2021-11-20,4.0,5.0,4.0,4.0,3.0,3.0,4.0,3.0,3.0,3.0,4.0,4.0,5.0,4.0,3.0,4.0
2021-11-21,4.0,4.0,3.0,3.0,2.0,3.0,4.0,3.0,2.0,4.0,4.0,5.0,4.0,3.0,2.0,4.0
2021-11-22,7.0,7.0,8.0,6.0,4.0,8.0,6.0,5.0,5.0,5.0,6.0,7.0,8.0,4.0,5.0,6.0
2021-11-23,7.0,8.0,9.0,7.0,5.0,8.0,7.0,6.0,5.0,7.0,6.0,6.0,9.0,6.0,5.0,6.0
2021-11-24,7.0,8.0,9.0,6.0,5.0,9.0,7.0,5.0,5.0,6.0,7.0,7.0,8.0,5.0,6.0,6.0
2021-11-25,8.0,8.0,9.0,7.0,6.0,9.0,7.0,6.0,5.0,7.0,7.0,7.0,9.0,6.0,6.0,7.0
2021-11-26,8.0,9.0,9.0,7.0,6.0,8.0,8.0,6.0,6.0,7.0,8.0,7.0,10.0,7.0,6.0,8.0
2021-11-27,6.0,6.0,5.0,5.0,4.0,4.0,5.0,4.0,5.0,4.0,5.0,5.0,7.0,5.0,4.0,6.0
2021-11-28,5.0,6.0,3.0,3.0,3.0,3.0,4.0,3.0,3.0,3.0,4.0,4.0,5.0,3.0,3.0,4.0
2021-11-29,7.0,8.0,9.0,7.0,5.0,10.0,7.0,5.0,6.0,6.0,6.0,7.0,9.0,6.0,5.0,7.0
2021-11-30,9.0,10.0,10.0,8.0,5.0,9.0,8.0,6.0,6.0,8.0,8.0,8.0,10.0,7.0,5.0,8.0
2021-12-01,8.0,8.0,9.0,7.0,6.0,10.0,8.0,7.0,7.0,7.0,7.0,7.0,8.0,6.0,7.0,7.0
2021-12-02,8.0,9.0,9.0,7.0,6.0,9.0,8.0,7.0,6.0,7.0,7.0,7.0,9.0,6.0,6.0,7.0
2021-12-03,8.0,9.0,9.0,7.0,7.0,9.0,8.0,8.0,7.0,7.0,7.0,7.0,10.0,7.0,7.0,8.0
2021-12-04,6.0,7.0,5.0,5.0,4.0,4.0,5.0,5.0,5.0,5.0,6.0,6.0,7.0,5.0,4.0,6.0
2021-12-05,5.0,5.0,4.0,4.0,4.0,4.0,4.0,4.0,4.0,4.0,4.0,5.0,5.0,3.0,4.0,4.0
2021-12-06,7.0,7.0,9.0,7.0,5.0,10.0,7.0,6.0,6.0,5.0,6.0,7.0,9.0,5.0,5.0,7.0
2021-12-07,8.0,8.0,10.0,7.0,6.0,10.0,8.0,7.0,6.0,7.0,7.0,7.0,9.0,6.0,6.0,7.0
2021-12-08,8.0,8.0,9.0,7.0,6.0,10.0,8.0,7.0,7.0,7.0,7.0,8.0,8.0,6.0,7.0,7.0
2021-12-09,8.0,9.0,10.0,7.0,6.0,10.0,8.0,7.0,6.0,7.0,7.0,8.0,9.0,6.0,6.0,7.0
2021-12-10,9.0,9.0,10.0,8.0,6.0,9.0,8.0,7.0,8.0,7.0,8.0,9.0,9.0,7.0,6.0,8.0
2021-12-11,6.0,6.0,5.0,5.0,4.0,4.0,5.0,4.0,5.0,4.0,5.0,5.0,7.0,5.0,4.0,5.0
2021-12-12,5.0,5.0,4.0,4.0,4.0,5.0,4.0,5.0,5.0,4.0,5.0,5.0,5.0,4.0,4.0,5.0
2021-12-13,7.0,7.0,9.0,7.0,6.0,10.0,7.0,6.0,7.0,6.0,6.0,7.0,9.0,5.0,5.0,7.0
2021-12-14,8.0,8.0,9.0,7.0,7.0,10.0,7.0,7.0,6.0,7.0,7.0,7.0,8.0,6.0,6.0,7.0
2021-12-15,7.0,7.0,8.0,6.0,6.0,9.0,7.0,6.0,6.0,6.0,7.0,7.0,7.0,5.0,6.0,6.0
2021-12-16,7.0,7.0,8.0,6.0,6.0,9.0,7.0,6.0,5.0,6.0,6.0,7.0,8.0,6.0,5.0,7.0
2021-12-17,7.0,7.0,9.0,7.0,7.0,8.0,7.0,7.0,7.0,6.0,7.0,6.0,9.0,7.0,6.0,8.0
2021-12-18,5.0,5.0,4.0,5.0,4.0,3.0,4.0,4.0,5.0,4.0,4.0,5.0,6.0,5.0,4.0,5.0
2021-12-19,5.0,5.0,4.0,4.0,4.0,4.0,4.0,4.0,5.0,4.0,4.0,4.0,6.0,4.0,4.0,5.0
2021-12-20,7.0,7.0,9.0,9.0,6.0,10.0,7.0,7.0,9.0,6.0,7.0,8.0,10.0,7.0,6.0,9.0
2021-12-21,8.0,8.0,10.0,10.0,7.0,10.0,8.0,8.0,9.0,8.0,8.0,8.0,10.0,8.0,7.0,9.0
2021-12-22,8.0,8.0,9.0,9.0,8.0,10.0,9.0,8.0,10.0,8.0,8.0,9.0,9.0,8.0,8.0,9.0
2021-12-23,12.0,11.0,12.0,14.0,11.0,13.0,12.0,12.0,12.0,10.0,12.0,12.0,15.0,13.0,11.0,15.0
2021-12-24,21.0,21.0,18.0,21.0,17.0,18.0,20.0,20.0,19.0,19.0,21.0,20.0,21.0,21.0,18.0,22.0
2021-12-25,10.0,9.0,8.0,6.0,7.0,7.0,9.0,8.0,5.0,9.0,10.0,10.0,7.0,6.0,7.0,7.0
2021-12-26,2.0,3.0,1.0,1.0,1.0,1.0,2.0,2.0,1.0,2.0,2.0,3.0,1.0,1.0,1.0,1.0
2021-12-27,16.0,16.0,15.0,18.0,13.0,16.0,15.0,15.0,17.0,14.0,16.0,16.0,19.0,16.0,15.0,19.0
2021-12-28,18.0,18.0,16.0,17.0,14.0,16.0,16.0,16.0,16.0,16.0,17.0,16.0,18.0,16.0,15.0,18.0
2021-12-29,17.0,16.0,14.0,15.0,13.0,16.0,15.0,15.0,16.0,15.0,16.0,16.0,17.0,14.0,14.0,16.0
2021-12-30,16.0,16.0,15.0,16.0,14.0,16.0,15.0,15.0,14.0,14.0,15.0,14.0,18.0,15.0,15.0,17.0
2021-12-31,20.0,19.0,19.0,21.0,19.0,21.0,19.0,20.0,20.0,18.0,20.0,18.0,21.0,21.0,20.0,22.0
