date,federalState,schoolVacation,population
2020-01-05,Baden-Württemberg,4,11280257
2020-01-05,Bayern,4,13369393
2020-01-05,Berlin,4,3755251
2020-01-05,Brandenburg,3,2573135
2020-01-05,Bremen,5,684864
2020-01-05,Hamburg,3,1892122
2020-01-05,Hessen,5,6391360
2020-01-05,Mecklenburg-Vorpommern,4,1628378
2020-01-05,Niedersachsen,5,8140242
2020-01-05,Nordrhein-Westfalen,5,18139116
2020-01-05,Rheinland-Pfalz,5,4158150
2020-01-05,Saarland,3,992666
2020-01-05,Sachsen,3,4086152
2020-01-05,Sachsen-Anhalt,4,2186643
2020-01-05,Schleswig-Holstein,5,2953270
2020-01-05,Thüringen,3,2126836
2020-01-12,Baden-Württemberg,0,11280257
2020-01-12,Bayern,0,13369393
2020-01-12,Berlin,0,3755251
2020-01-12,Brandenburg,0,2573135
2020-01-12,Bremen,1,684864
2020-01-12,Hamburg,0,1892122
2020-01-12,Hessen,6,6391360
2020-01-12,Mecklenburg-Vorpommern,0,1628378
2020-01-12,Niedersachsen,1,8140242
2020-01-12,Nordrhein-Westfalen,1,18139116
2020-01-12,Rheinland-Pfalz,1,4158150
2020-01-12,Saarland,0,992666
2020-01-12,Sachsen,0,4086152
2020-01-12,Sachsen-Anhalt,0,2186643
2020-01-12,Schleswig-Holstein,1,2953270
2020-01-12,Thüringen,0,2126836
2020-01-19,Baden-Württemberg,0,11280257
2020-01-19,Bayern,0,13369393
2020-01-19,Berlin,0,3755251
2020-01-19,Brandenburg,0,2573135
2020-01-19,Bremen,0,684864
2020-01-19,Hamburg,0,1892122
2020-01-19,Hessen,0,6391360
2020-01-19,Mecklenburg-Vorpommern,0,1628378
2020-01-19,Niedersachsen,0,8140242
2020-01-19,Nordrhein-Westfalen,0,18139116
2020-01-19,Rheinland-Pfalz,0,4158150
2020-01-19,Saarland,0,992666
2020-01-19,Sachsen,0,4086152
2020-01-19,Sachsen-Anhalt,0,2186643
2020-01-19,Schleswig-Holstein,0,2953270
2020-01-19,Thüringen,0,2126836
2020-01-26,Baden-Württemberg,0,11280257
2020-01-26,Bayern,0,13369393
2020-01-26,Berlin,0,3755251
2020-01-26,Brandenburg,0,2573135
2020-01-26,Bremen,0,684864
2020-01-26,Hamburg,0,1892122
2020-01-26,Hessen,0,6391360
2020-01-26,Mecklenburg-Vorpommern,0,1628378
2020-01-26,Niedersachsen,0,8140242
2020-01-26,Nordrhein-Westfalen,0,18139116
2020-01-26,Rheinland-Pfalz,0,4158150
2020-01-26,Saarland,0,992666
2020-01-26,Sachsen,0,4086152
2020-01-26,Sachsen-Anhalt,0,2186643
2020-01-26,Schleswig-Holstein,0,2953270
2020-01-26,Thüringen,0,2126836
2020-02-02,Baden-Württemberg,0,11280257
2020-02-02,Bayern,0,13369393
2020-02-02,Berlin,0,3755251
2020-02-02,Brandenburg,0,2573135
2020-02-02,Bremen,0,684864
2020-02-02,Hamburg,1,1892122
2020-02-02,Hessen,0,6391360
2020-02-02,Mecklenburg-Vorpommern,0,1628378
2020-02-02,Niedersachsen,0,8140242
2020-02-02,Nordrhein-Westfalen,0,18139116
2020-02-02,Rheinland-Pfalz,0,4158150
2020-02-02,Saarland,0,992666
2020-02-02,Sachsen,0,4086152
2020-02-02,Sachsen-Anhalt,0,2186643
2020-02-02,Schleswig-Holstein,0,2953270
2020-02-02,Thüringen,0,2126836
2020-02-09,Baden-Württemberg,0,11280257
2020-02-09,Bayern,0,13369393
2020-02-09,Berlin,5,3755251
2020-02-09,Brandenburg,5,2573135
2020-02-09,Bremen,2,684864
2020-02-09,Hamburg,0,1892122
2020-02-09,Hessen,0,6391360
2020-02-09,Mecklenburg-Vorpommern,0,1628378
2020-02-09,Niedersachsen,2,8140242
2020-02-09,Nordrhein-Westfalen,0,18139116
2020-02-09,Rheinland-Pfalz,0,4158150
2020-02-09,Saarland,0,992666
2020-02-09,Sachsen,0,4086152
2020-02-09,Sachsen-Anhalt,0,2186643
2020-02-09,Schleswig-Holstein,0,2953270
2020-02-09,Thüringen,0,2126836
2020-02-16,Baden-Württemberg,0,11280257
2020-02-16,Bayern,0,13369393
2020-02-16,Berlin,0,3755251
2020-02-16,Brandenburg,0,2573135
2020-02-16,Bremen,0,684864
2020-02-16,Hamburg,0,1892122
2020-02-16,Hessen,0,6391360
2020-02-16,Mecklenburg-Vorpommern,5,1628378
2020-02-16,Niedersachsen,0,8140242
2020-02-16,Nordrhein-Westfalen,0,18139116
2020-02-16,Rheinland-Pfalz,0,4158150
2020-02-16,Saarland,0,992666
2020-02-16,Sachsen,5,4086152
2020-02-16,Sachsen-Anhalt,5,2186643
2020-02-16,Schleswig-Holstein,0,2953270
2020-02-16,Thüringen,5,2126836
2020-02-23,Baden-Württemberg,0,11280257
2020-02-23,Bayern,0,13369393
2020-02-23,Berlin,0,3755251
2020-02-23,Brandenburg,0,2573135
2020-02-23,Bremen,0,684864
2020-02-23,Hamburg,0,1892122
2020-02-23,Hessen,0,6391360
2020-02-23,Mecklenburg-Vorpommern,5,1628378
2020-02-23,Niedersachsen,0,8140242
2020-02-23,Nordrhein-Westfalen,0,18139116
2020-02-23,Rheinland-Pfalz,5,4158150
2020-02-23,Saarland,5,992666
2020-02-23,Sachsen,5,4086152
2020-02-23,Sachsen-Anhalt,0,2186643
2020-02-23,Schleswig-Holstein,0,2953270
2020-02-23,Thüringen,0,2126836
2020-03-01,Baden-Württemberg,0,11280257
2020-03-01,Bayern,5,13369393
2020-03-01,Berlin,0,3755251
2020-03-01,Brandenburg,0,2573135
2020-03-01,Bremen,0,684864
2020-03-01,Hamburg,0,1892122
2020-03-01,Hessen,0,6391360
2020-03-01,Mecklenburg-Vorpommern,0,1628378
2020-03-01,Niedersachsen,0,8140242
2020-03-01,Nordrhein-Westfalen,0,18139116
2020-03-01,Rheinland-Pfalz,0,4158150
2020-03-01,Saarland,2,992666
2020-03-01,Sachsen,0,4086152
2020-03-01,Sachsen-Anhalt,0,2186643
2020-03-01,Schleswig-Holstein,0,2953270
2020-03-01,Thüringen,0,2126836
2020-03-08,Baden-Württemberg,0,11280257
2020-03-08,Bayern,0,13369393
2020-03-08,Berlin,0,3755251
2020-03-08,Brandenburg,0,2573135
2020-03-08,Bremen,0,684864
2020-03-08,Hamburg,5,1892122
2020-03-08,Hessen,0,6391360
2020-03-08,Mecklenburg-Vorpommern,0,1628378
2020-03-08,Niedersachsen,0,8140242
2020-03-08,Nordrhein-Westfalen,0,18139116
2020-03-08,Rheinland-Pfalz,0,4158150
2020-03-08,Saarland,0,992666
2020-03-08,Sachsen,0,4086152
2020-03-08,Sachsen-Anhalt,0,2186643
2020-03-08,Schleswig-Holstein,0,2953270
2020-03-08,Thüringen,0,2126836
2020-03-15,Baden-Württemberg,0,11280257
2020-03-15,Bayern,0,13369393
2020-03-15,Berlin,0,3755251
2020-03-15,Brandenburg,0,2573135
2020-03-15,Bremen,0,684864
2020-03-15,Hamburg,5,1892122
2020-03-15,Hessen,0,6391360
2020-03-15,Mecklenburg-Vorpommern,0,1628378
2020-03-15,Niedersachsen,0,8140242
2020-03-15,Nordrhein-Westfalen,0,18139116
2020-03-15,Rheinland-Pfalz,0,4158150
2020-03-15,Saarland,0,992666
2020-03-15,Sachsen,0,4086152
2020-03-15,Sachsen-Anhalt,0,2186643
2020-03-15,Schleswig-Holstein,0,2953270
2020-03-15,Thüringen,0,2126836
2020-03-22,Baden-Württemberg,0,11280257
2020-03-22,Bayern,0,13369393
2020-03-22,Berlin,0,3755251
2020-03-22,Brandenburg,0,2573135
2020-03-22,Bremen,0,684864
2020-03-22,Hamburg,0,1892122
2020-03-22,Hessen,0,6391360
2020-03-22,Mecklenburg-Vorpommern,0,1628378
2020-03-22,Niedersachsen,0,8140242
2020-03-22,Nordrhein-Westfalen,0,18139116
2020-03-22,Rheinland-Pfalz,0,4158150
2020-03-22,Saarland,0,992666
2020-03-22,Sachsen,0,4086152
2020-03-22,Sachsen-Anhalt,0,2186643
2020-03-22,Schleswig-Holstein,0,2953270
2020-03-22,Thüringen,0,2126836
2020-03-29,Baden-Württemberg,0,11280257
2020-03-29,Bayern,0,13369393
2020-03-29,Berlin,0,3755251
2020-03-29,Brandenburg,0,2573135
2020-03-29,Bremen,2,684864
2020-03-29,Hamburg,0,1892122
2020-03-29,Hessen,0,6391360
2020-03-29,Mecklenburg-Vorpommern,0,1628378
2020-03-29,Niedersachsen,0,8140242
2020-03-29,Nordrhein-Westfalen,0,18139116
2020-03-29,Rheinland-Pfalz,0,4158150
2020-03-29,Saarland,0,992666
2020-03-29,Sachsen,0,4086152
2020-03-29,Sachsen-Anhalt,0,2186643
2020-03-29,Schleswig-Holstein,0,2953270
2020-03-29,Thüringen,0,2126836
2020-04-05,Baden-Württemberg,0,11280257
2020-04-05,Bayern,0,13369393
2020-04-05,Berlin,0,3755251
2020-04-05,Brandenburg,0,2573135
2020-04-05,Bremen,5,684864
2020-04-05,Hamburg,0,1892122
2020-04-05,Hessen,0,6391360
2020-04-05,Mecklenburg-Vorpommern,0,1628378
2020-04-05,Niedersachsen,5,8140242
2020-04-05,Nordrhein-Westfalen,0,18139116
2020-04-05,Rheinland-Pfalz,0,4158150
2020-04-05,Saarland,0,992666
2020-04-05,Sachsen,0,4086152
2020-04-05,Sachsen-Anhalt,0,2186643
2020-04-05,Schleswig-Holstein,5,2953270
2020-04-05,Thüringen,0,2126836
2020-04-12,Baden-Württemberg,5,11280257
2020-04-12,Bayern,5,13369393
2020-04-12,Berlin,5,3755251
2020-04-12,Brandenburg,5,2573135
2020-04-12,Bremen,5,684864
2020-04-12,Hamburg,0,1892122
2020-04-12,Hessen,5,6391360
2020-04-12,Mecklenburg-Vorpommern,5,1628378
2020-04-12,Niedersachsen,5,8140242
2020-04-12,Nordrhein-Westfalen,5,18139116
2020-04-12,Rheinland-Pfalz,4,4158150
2020-04-12,Saarland,0,992666
2020-04-12,Sachsen,3,4086152
2020-04-12,Sachsen-Anhalt,5,2186643
2020-04-12,Schleswig-Holstein,5,2953270
2020-04-12,Thüringen,5,2126836
2020-04-19,Baden-Württemberg,5,11280257
2020-04-19,Bayern,5,13369393
2020-04-19,Berlin,5,3755251
2020-04-19,Brandenburg,5,2573135
2020-04-19,Bremen,2,684864
2020-04-19,Hamburg,0,1892122
2020-04-19,Hessen,5,6391360
2020-04-19,Mecklenburg-Vorpommern,3,1628378
2020-04-19,Niedersachsen,2,8140242
2020-04-19,Nordrhein-Westfalen,5,18139116
2020-04-19,Rheinland-Pfalz,5,4158150
2020-04-19,Saarland,5,992666
2020-04-19,Sachsen,5,4086152
2020-04-19,Sachsen-Anhalt,0,2186643
2020-04-19,Schleswig-Holstein,5,2953270
2020-04-19,Thüringen,5,2126836
2020-04-26,Baden-Württemberg,0,11280257
2020-04-26,Bayern,0,13369393
2020-04-26,Berlin,0,3755251
2020-04-26,Brandenburg,0,2573135
2020-04-26,Bremen,0,684864
2020-04-26,Hamburg,0,1892122
2020-04-26,Hessen,0,6391360
2020-04-26,Mecklenburg-Vorpommern,0,1628378
2020-04-26,Niedersachsen,0,8140242
2020-04-26,Nordrhein-Westfalen,0,18139116
2020-04-26,Rheinland-Pfalz,0,4158150
2020-04-26,Saarland,5,992666
2020-04-26,Sachsen,0,4086152
2020-04-26,Sachsen-Anhalt,0,2186643
2020-04-26,Schleswig-Holstein,0,2953270
2020-04-26,Thüringen,0,2126836
2020-05-03,Baden-Württemberg,0,11280257
2020-05-03,Bayern,0,13369393
2020-05-03,Berlin,0,3755251
2020-05-03,Brandenburg,0,2573135
2020-05-03,Bremen,0,684864
2020-05-03,Hamburg,0,1892122
2020-05-03,Hessen,0,6391360
2020-05-03,Mecklenburg-Vorpommern,0,1628378
2020-05-03,Niedersachsen,0,8140242
2020-05-03,Nordrhein-Westfalen,0,18139116
2020-05-03,Rheinland-Pfalz,0,4158150
2020-05-03,Saarland,0,992666
2020-05-03,Sachsen,0,4086152
2020-05-03,Sachsen-Anhalt,0,2186643
2020-05-03,Schleswig-Holstein,0,2953270
2020-05-03,Thüringen,0,2126836
2020-05-10,Baden-Württemberg,0,11280257
2020-05-10,Bayern,0,13369393
2020-05-10,Berlin,1,3755251
2020-05-10,Brandenburg,0,2573135
2020-05-10,Bremen,0,684864
2020-05-10,Hamburg,0,1892122
2020-05-10,Hessen,0,6391360
2020-05-10,Mecklenburg-Vorpommern,0,1628378
2020-05-10,Niedersachsen,0,8140242
2020-05-10,Nordrhein-Westfalen,0,18139116
2020-05-10,Rheinland-Pfalz,0,4158150
2020-05-10,Saarland,0,992666
2020-05-10,Sachsen,0,4086152
2020-05-10,Sachsen-Anhalt,0,2186643
2020-05-10,Schleswig-Holstein,0,2953270
2020-05-10,Thüringen,0,2126836
2020-05-17,Baden-Württemberg,0,11280257
2020-05-17,Bayern,0,13369393
2020-05-17,Berlin,0,3755251
2020-05-17,Brandenburg,0,2573135
2020-05-17,Bremen,0,684864
2020-05-17,Hamburg,0,1892122
2020-05-17,Hessen,0,6391360
2020-05-17,Mecklenburg-Vorpommern,0,1628378
2020-05-17,Niedersachsen,0,8140242
2020-05-17,Nordrhein-Westfalen,0,18139116
2020-05-17,Rheinland-Pfalz,0,4158150
2020-05-17,Saarland,0,992666
2020-05-17,Sachsen,0,4086152
2020-05-17,Sachsen-Anhalt,0,2186643
2020-05-17,Schleswig-Holstein,0,2953270
2020-05-17,Thüringen,0,2126836
2020-05-24,Baden-Württemberg,0,11280257
2020-05-24,Bayern,0,13369393
2020-05-24,Berlin,1,3755251
2020-05-24,Brandenburg,0,2573135
2020-05-24,Bremen,1,684864
2020-05-24,Hamburg,5,1892122
2020-05-24,Hessen,0,6391360
2020-05-24,Mecklenburg-Vorpommern,1,1628378
2020-05-24,Niedersachsen,1,8140242
2020-05-24,Nordrhein-Westfalen,0,18139116
2020-05-24,Rheinland-Pfalz,0,4158150
2020-05-24,Saarland,0,992666
2020-05-24,Sachsen,1,4086152
2020-05-24,Sachsen-Anhalt,5,2186643
2020-05-24,Schleswig-Holstein,1,2953270
2020-05-24,Thüringen,1,2126836
2020-05-31,Baden-Württemberg,0,11280257
2020-05-31,Bayern,0,13369393
2020-05-31,Berlin,0,3755251
2020-05-31,Brandenburg,0,2573135
2020-05-31,Bremen,0,684864
2020-05-31,Hamburg,0,1892122
2020-05-31,Hessen,0,6391360
2020-05-31,Mecklenburg-Vorpommern,0,1628378
2020-05-31,Niedersachsen,0,8140242
2020-05-31,Nordrhein-Westfalen,0,18139116
2020-05-31,Rheinland-Pfalz,0,4158150
2020-05-31,Saarland,0,992666
2020-05-31,Sachsen,0,4086152
2020-05-31,Sachsen-Anhalt,5,2186643
2020-05-31,Schleswig-Holstein,0,2953270
2020-05-31,Thüringen,0,2126836
2020-06-07,Baden-Württemberg,5,11280257
2020-06-07,Bayern,5,13369393
2020-06-07,Berlin,0,3755251
2020-06-07,Brandenburg,0,2573135
2020-06-07,Bremen,0,684864
2020-06-07,Hamburg,0,1892122
2020-06-07,Hessen,0,6391360
2020-06-07,Mecklenburg-Vorpommern,0,1628378
2020-06-07,Niedersachsen,0,8140242
2020-06-07,Nordrhein-Westfalen,1,18139116
2020-06-07,Rheinland-Pfalz,0,4158150
2020-06-07,Saarland,0,992666
2020-06-07,Sachsen,0,4086152
2020-06-07,Sachsen-Anhalt,0,2186643
2020-06-07,Schleswig-Holstein,0,2953270
2020-06-07,Thüringen,0,2126836
2020-06-14,Baden-Württemberg,5,11280257
2020-06-14,Bayern,5,13369393
2020-06-14,Berlin,0,3755251
2020-06-14,Brandenburg,0,2573135
2020-06-14,Bremen,0,684864
2020-06-14,Hamburg,0,1892122
2020-06-14,Hessen,0,6391360
2020-06-14,Mecklenburg-Vorpommern,0,1628378
2020-06-14,Niedersachsen,0,8140242
2020-06-14,Nordrhein-Westfalen,0,18139116
2020-06-14,Rheinland-Pfalz,0,4158150
2020-06-14,Saarland,0,992666
2020-06-14,Sachsen,0,4086152
2020-06-14,Sachsen-Anhalt,0,2186643
2020-06-14,Schleswig-Holstein,0,2953270
2020-06-14,Thüringen,0,2126836
2020-06-21,Baden-Württemberg,0,11280257
2020-06-21,Bayern,0,13369393
2020-06-21,Berlin,0,3755251
2020-06-21,Brandenburg,0,2573135
2020-06-21,Bremen,0,684864
2020-06-21,Hamburg,0,1892122
2020-06-21,Hessen,0,6391360
2020-06-21,Mecklenburg-Vorpommern,0,1628378
2020-06-21,Niedersachsen,0,8140242
2020-06-21,Nordrhein-Westfalen,0,18139116
2020-06-21,Rheinland-Pfalz,0,4158150
2020-06-21,Saarland,0,992666
2020-06-21,Sachsen,0,4086152
2020-06-21,Sachsen-Anhalt,0,2186643
2020-06-21,Schleswig-Holstein,0,2953270
2020-06-21,Thüringen,0,2126836
2020-06-28,Baden-Württemberg,0,11280257
2020-06-28,Bayern,0,13369393
2020-06-28,Berlin,4,3755251
2020-06-28,Brandenburg,4,2573135
2020-06-28,Bremen,0,684864
2020-06-28,Hamburg,4,1892122
2020-06-28,Hessen,0,6391360
2020-06-28,Mecklenburg-Vorpommern,5,1628378
2020-06-28,Niedersachsen,0,8140242
2020-06-28,Nordrhein-Westfalen,0,18139116
2020-06-28,Rheinland-Pfalz,0,4158150
2020-06-28,Saarland,0,992666
2020-06-28,Sachsen,0,4086152
2020-06-28,Sachsen-Anhalt,0,2186643
2020-06-28,Schleswig-Holstein,0,2953270
2020-06-28,Thüringen,0,2126836
2020-07-05,Baden-Württemberg,0,11280257
2020-07-05,Bayern,0,13369393
2020-07-05,Berlin,5,3755251
2020-07-05,Brandenburg,5,2573135
2020-07-05,Bremen,0,684864
2020-07-05,Hamburg,5,1892122
2020-07-05,Hessen,0,6391360
2020-07-05,Mecklenburg-Vorpommern,5,1628378
2020-07-05,Niedersachsen,0,8140242
2020-07-05,Nordrhein-Westfalen,5,18139116
2020-07-05,Rheinland-Pfalz,0,4158150
2020-07-05,Saarland,0,992666
2020-07-05,Sachsen,0,4086152
2020-07-05,Sachsen-Anhalt,0,2186643
2020-07-05,Schleswig-Holstein,5,2953270
2020-07-05,Thüringen,0,2126836
2020-07-12,Baden-Württemberg,0,11280257
2020-07-12,Bayern,0,13369393
2020-07-12,Berlin,5,3755251
2020-07-12,Brandenburg,5,2573135
2020-07-12,Bremen,0,684864
2020-07-12,Hamburg,5,1892122
2020-07-12,Hessen,5,6391360
2020-07-12,Mecklenburg-Vorpommern,5,1628378
2020-07-12,Niedersachsen,0,8140242
2020-07-12,Nordrhein-Westfalen,5,18139116
2020-07-12,Rheinland-Pfalz,5,4158150
2020-07-12,Saarland,5,992666
2020-07-12,Sachsen,0,4086152
2020-07-12,Sachsen-Anhalt,0,2186643
2020-07-12,Schleswig-Holstein,5,2953270
2020-07-12,Thüringen,0,2126836
2020-07-19,Baden-Württemberg,0,11280257
2020-07-19,Bayern,0,13369393
2020-07-19,Berlin,5,3755251
2020-07-19,Brandenburg,5,2573135
2020-07-19,Bremen,4,684864
2020-07-19,Hamburg,5,1892122
2020-07-19,Hessen,5,6391360
2020-07-19,Mecklenburg-Vorpommern,5,1628378
2020-07-19,Niedersachsen,4,8140242
2020-07-19,Nordrhein-Westfalen,5,18139116
2020-07-19,Rheinland-Pfalz,5,4158150
2020-07-19,Saarland,5,992666
2020-07-19,Sachsen,0,4086152
2020-07-19,Sachsen-Anhalt,4,2186643
2020-07-19,Schleswig-Holstein,5,2953270
2020-07-19,Thüringen,0,2126836
2020-07-26,Baden-Württemberg,0,11280257
2020-07-26,Bayern,0,13369393
2020-07-26,Berlin,5,3755251
2020-07-26,Brandenburg,5,2573135
2020-07-26,Bremen,5,684864
2020-07-26,Hamburg,5,1892122
2020-07-26,Hessen,5,6391360
2020-07-26,Mecklenburg-Vorpommern,5,1628378
2020-07-26,Niedersachsen,5,8140242
2020-07-26,Nordrhein-Westfalen,5,18139116
2020-07-26,Rheinland-Pfalz,5,4158150
2020-07-26,Saarland,5,992666
2020-07-26,Sachsen,5,4086152
2020-07-26,Sachsen-Anhalt,5,2186643
2020-07-26,Schleswig-Holstein,5,2953270
2020-07-26,Thüringen,5,2126836
2020-08-02,Baden-Württemberg,4,11280257
2020-08-02,Bayern,5,13369393
2020-08-02,Berlin,5,3755251
2020-08-02,Brandenburg,5,2573135
2020-08-02,Bremen,5,684864
2020-08-02,Hamburg,5,1892122
2020-08-02,Hessen,5,6391360
2020-08-02,Mecklenburg-Vorpommern,5,1628378
2020-08-02,Niedersachsen,5,8140242
2020-08-02,Nordrhein-Westfalen,5,18139116
2020-08-02,Rheinland-Pfalz,5,4158150
2020-08-02,Saarland,5,992666
2020-08-02,Sachsen,5,4086152
2020-08-02,Sachsen-Anhalt,5,2186643
2020-08-02,Schleswig-Holstein,5,2953270
2020-08-02,Thüringen,5,2126836
2020-08-09,Baden-Württemberg,5,11280257
2020-08-09,Bayern,5,13369393
2020-08-09,Berlin,5,3755251
2020-08-09,Brandenburg,5,2573135
2020-08-09,Bremen,5,684864
2020-08-09,Hamburg,3,1892122
2020-08-09,Hessen,5,6391360
2020-08-09,Mecklenburg-Vorpommern,0,1628378
2020-08-09,Niedersachsen,5,8140242
2020-08-09,Nordrhein-Westfalen,5,18139116
2020-08-09,Rheinland-Pfalz,5,4158150
2020-08-09,Saarland,5,992666
2020-08-09,Sachsen,5,4086152
2020-08-09,Sachsen-Anhalt,5,2186643
2020-08-09,Schleswig-Holstein,5,2953270
2020-08-09,Thüringen,5,2126836
2020-08-16,Baden-Württemberg,5,11280257
2020-08-16,Bayern,5,13369393
2020-08-16,Berlin,0,3755251
2020-08-16,Brandenburg,0,2573135
2020-08-16,Bremen,5,684864
2020-08-16,Hamburg,0,1892122
2020-08-16,Hessen,5,6391360
2020-08-16,Mecklenburg-Vorpommern,0,1628378
2020-08-16,Niedersachsen,5,8140242
2020-08-16,Nordrhein-Westfalen,2,18139116
2020-08-16,Rheinland-Pfalz,5,4158150
2020-08-16,Saarland,5,992666
2020-08-16,Sachsen,5,4086152
2020-08-16,Sachsen-Anhalt,5,2186643
2020-08-16,Schleswig-Holstein,0,2953270
2020-08-16,Thüringen,5,2126836
2020-08-23,Baden-Württemberg,5,11280257
2020-08-23,Bayern,5,13369393
2020-08-23,Berlin,0,3755251
2020-08-23,Brandenburg,0,2573135
2020-08-23,Bremen,5,684864
2020-08-23,Hamburg,0,1892122
2020-08-23,Hessen,0,6391360
2020-08-23,Mecklenburg-Vorpommern,0,1628378
2020-08-23,Niedersachsen,5,8140242
2020-08-23,Nordrhein-Westfalen,0,18139116
2020-08-23,Rheinland-Pfalz,0,4158150
2020-08-23,Saarland,0,992666
2020-08-23,Sachsen,5,4086152
2020-08-23,Sachsen-Anhalt,5,2186643
2020-08-23,Schleswig-Holstein,0,2953270
2020-08-23,Thüringen,5,2126836
2020-08-30,Baden-Württemberg,5,11280257
2020-08-30,Bayern,5,13369393
2020-08-30,Berlin,0,3755251
2020-08-30,Brandenburg,0,2573135
2020-08-30,Bremen,3,684864
2020-08-30,Hamburg,0,1892122
2020-08-30,Hessen,0,6391360
2020-08-30,Mecklenburg-Vorpommern,0,1628378
2020-08-30,Niedersachsen,3,8140242
2020-08-30,Nordrhein-Westfalen,0,18139116
2020-08-30,Rheinland-Pfalz,0,4158150
2020-08-30,Saarland,0,992666
2020-08-30,Sachsen,5,4086152
2020-08-30,Sachsen-Anhalt,3,2186643
2020-08-30,Schleswig-Holstein,0,2953270
2020-08-30,Thüringen,5,2126836
2020-09-06,Baden-Württemberg,5,11280257
2020-09-06,Bayern,5,13369393
2020-09-06,Berlin,0,3755251
2020-09-06,Brandenburg,0,2573135
2020-09-06,Bremen,0,684864
2020-09-06,Hamburg,0,1892122
2020-09-06,Hessen,0,6391360
2020-09-06,Mecklenburg-Vorpommern,0,1628378
2020-09-06,Niedersachsen,0,8140242
2020-09-06,Nordrhein-Westfalen,0,18139116
2020-09-06,Rheinland-Pfalz,0,4158150
2020-09-06,Saarland,0,992666
2020-09-06,Sachsen,0,4086152
2020-09-06,Sachsen-Anhalt,0,2186643
2020-09-06,Schleswig-Holstein,0,2953270
2020-09-06,Thüringen,0,2126836
2020-09-13,Baden-Württemberg,5,11280257
2020-09-13,Bayern,1,13369393
2020-09-13,Berlin,0,3755251
2020-09-13,Brandenburg,0,2573135
2020-09-13,Bremen,0,684864
2020-09-13,Hamburg,0,1892122
2020-09-13,Hessen,0,6391360
2020-09-13,Mecklenburg-Vorpommern,0,1628378
2020-09-13,Niedersachsen,0,8140242
2020-09-13,Nordrhein-Westfalen,0,18139116
2020-09-13,Rheinland-Pfalz,0,4158150
2020-09-13,Saarland,0,992666
2020-09-13,Sachsen,0,4086152
2020-09-13,Sachsen-Anhalt,0,2186643
2020-09-13,Schleswig-Holstein,0,2953270
2020-09-13,Thüringen,0,2126836
2020-09-20,Baden-Württemberg,0,11280257
2020-09-20,Bayern,0,13369393
2020-09-20,Berlin,0,3755251
2020-09-20,Brandenburg,0,2573135
2020-09-20,Bremen,0,684864
2020-09-20,Hamburg,0,1892122
2020-09-20,Hessen,0,6391360
2020-09-20,Mecklenburg-Vorpommern,0,1628378
2020-09-20,Niedersachsen,0,8140242
2020-09-20,Nordrhein-Westfalen,0,18139116
2020-09-20,Rheinland-Pfalz,0,4158150
2020-09-20,Saarland,0,992666
2020-09-20,Sachsen,0,4086152
2020-09-20,Sachsen-Anhalt,0,2186643
2020-09-20,Schleswig-Holstein,0,2953270
2020-09-20,Thüringen,0,2126836
2020-09-27,Baden-Württemberg,0,11280257
2020-09-27,Bayern,0,13369393
2020-09-27,Berlin,0,3755251
2020-09-27,Brandenburg,0,2573135
2020-09-27,Bremen,0,684864
2020-09-27,Hamburg,0,1892122
2020-09-27,Hessen,0,6391360
2020-09-27,Mecklenburg-Vorpommern,0,1628378
2020-09-27,Niedersachsen,0,8140242
2020-09-27,Nordrhein-Westfalen,0,18139116
2020-09-27,Rheinland-Pfalz,0,4158150
2020-09-27,Saarland,0,992666
2020-09-27,Sachsen,0,4086152
2020-09-27,Sachsen-Anhalt,0,2186643
2020-09-27,Schleswig-Holstein,0,2953270
2020-09-27,Thüringen,0,2126836
2020-10-04,Baden-Württemberg,0,11280257
2020-10-04,Bayern,0,13369393
2020-10-04,Berlin,0,3755251
2020-10-04,Brandenburg,0,2573135
2020-10-04,Bremen,0,684864
2020-10-04,Hamburg,0,1892122
2020-10-04,Hessen,0,6391360
2020-10-04,Mecklenburg-Vorpommern,0,1628378
2020-10-04,Niedersachsen,0,8140242
2020-10-04,Nordrhein-Westfalen,0,18139116
2020-10-04,Rheinland-Pfalz,0,4158150
2020-10-04,Saarland,0,992666
2020-10-04,Sachsen,0,4086152
2020-10-04,Sachsen-Anhalt,0,2186643
2020-10-04,Schleswig-Holstein,0,2953270
2020-10-04,Thüringen,0,2126836
2020-10-11,Baden-Württemberg,0,11280257
2020-10-11,Bayern,0,13369393
2020-10-11,Berlin,0,3755251
2020-10-11,Brandenburg,0,2573135
2020-10-11,Bremen,0,684864
2020-10-11,Hamburg,5,1892122
2020-10-11,Hessen,5,6391360
2020-10-11,Mecklenburg-Vorpommern,5,1628378
2020-10-11,Niedersachsen,0,8140242
2020-10-11,Nordrhein-Westfalen,0,18139116
2020-10-11,Rheinland-Pfalz,0,4158150
2020-10-11,Saarland,0,992666
2020-10-11,Sachsen,0,4086152
2020-10-11,Sachsen-Anhalt,0,2186643
2020-10-11,Schleswig-Holstein,5,2953270
2020-10-11,Thüringen,0,2126836
2020-10-18,Baden-Württemberg,0,11280257
2020-10-18,Bayern,0,13369393
2020-10-18,Berlin,5,3755251
2020-10-18,Brandenburg,5,2573135
2020-10-18,Bremen,5,684864
2020-10-18,Hamburg,5,1892122
2020-10-18,Hessen,5,6391360
2020-10-18,Mecklenburg-Vorpommern,0,1628378
2020-10-18,Niedersachsen,5,8140242
2020-10-18,Nordrhein-Westfalen,5,18139116
2020-10-18,Rheinland-Pfalz,5,4158150
2020-10-18,Saarland,5,992666
2020-10-18,Sachsen,0,4086152
2020-10-18,Sachsen-Anhalt,0,2186643
2020-10-18,Schleswig-Holstein,5,2953270
2020-10-18,Thüringen,2,2126836
2020-10-25,Baden-Württemberg,0,11280257
2020-10-25,Bayern,0,13369393
2020-10-25,Berlin,5,3755251
2020-10-25,Brandenburg,5,2573135
2020-10-25,Bremen,5,684864
2020-10-25,Hamburg,0,1892122
2020-10-25,Hessen,0,6391360
2020-10-25,Mecklenburg-Vorpommern,0,1628378
2020-10-25,Niedersachsen,5,8140242
2020-10-25,Nordrhein-Westfalen,5,18139116
2020-10-25,Rheinland-Pfalz,5,4158150
2020-10-25,Saarland,5,992666
2020-10-25,Sachsen,5,4086152
2020-10-25,Sachsen-Anhalt,5,2186643
2020-10-25,Schleswig-Holstein,0,2953270
2020-10-25,Thüringen,5,2126836
2020-11-01,Baden-Württemberg,5,11280257
2020-11-01,Bayern,2,13369393
2020-11-01,Berlin,0,3755251
2020-11-01,Brandenburg,0,2573135
2020-11-01,Bremen,0,684864
2020-11-01,Hamburg,0,1892122
2020-11-01,Hessen,0,6391360
2020-11-01,Mecklenburg-Vorpommern,0,1628378
2020-11-01,Niedersachsen,0,8140242
2020-11-01,Nordrhein-Westfalen,0,18139116
2020-11-01,Rheinland-Pfalz,0,4158150
2020-11-01,Saarland,0,992666
2020-11-01,Sachsen,5,4086152
2020-11-01,Sachsen-Anhalt,0,2186643
2020-11-01,Schleswig-Holstein,0,2953270
2020-11-01,Thüringen,5,2126836
2020-11-08,Baden-Württemberg,0,11280257
2020-11-08,Bayern,5,13369393
2020-11-08,Berlin,0,3755251
2020-11-08,Brandenburg,0,2573135
2020-11-08,Bremen,0,684864
2020-11-08,Hamburg,0,1892122
2020-11-08,Hessen,0,6391360
2020-11-08,Mecklenburg-Vorpommern,0,1628378
2020-11-08,Niedersachsen,0,8140242
2020-11-08,Nordrhein-Westfalen,0,18139116
2020-11-08,Rheinland-Pfalz,0,4158150
2020-11-08,Saarland,0,992666
2020-11-08,Sachsen,0,4086152
2020-11-08,Sachsen-Anhalt,0,2186643
2020-11-08,Schleswig-Holstein,0,2953270
2020-11-08,Thüringen,0,2126836
2020-11-15,Baden-Württemberg,0,11280257
2020-11-15,Bayern,0,13369393
2020-11-15,Berlin,0,3755251
2020-11-15,Brandenburg,0,2573135
2020-11-15,Bremen,0,684864
2020-11-15,Hamburg,0,1892122
2020-11-15,Hessen,0,6391360
2020-11-15,Mecklenburg-Vorpommern,0,1628378
2020-11-15,Niedersachsen,0,8140242
2020-11-15,Nordrhein-Westfalen,0,18139116
2020-11-15,Rheinland-Pfalz,0,4158150
2020-11-15,Saarland,0,992666
2020-11-15,Sachsen,0,4086152
2020-11-15,Sachsen-Anhalt,0,2186643
2020-11-15,Schleswig-Holstein,0,2953270
2020-11-15,Thüringen,0,2126836
2020-11-22,Baden-Württemberg,0,11280257
2020-11-22,Bayern,1,13369393
2020-11-22,Berlin,0,3755251
2020-11-22,Brandenburg,0,2573135
2020-11-22,Bremen,0,684864
2020-11-22,Hamburg,0,1892122
2020-11-22,Hessen,0,6391360
2020-11-22,Mecklenburg-Vorpommern,0,1628378
2020-11-22,Niedersachsen,0,8140242
2020-11-22,Nordrhein-Westfalen,0,18139116
2020-11-22,Rheinland-Pfalz,0,4158150
2020-11-22,Saarland,0,992666
2020-11-22,Sachsen,0,4086152
2020-11-22,Sachsen-Anhalt,0,2186643
2020-11-22,Schleswig-Holstein,0,2953270
2020-11-22,Thüringen,0,2126836
2020-11-29,Baden-Württemberg,0,11280257
2020-11-29,Bayern,0,13369393
2020-11-29,Berlin,0,3755251
2020-11-29,Brandenburg,0,2573135
2020-11-29,Bremen,0,684864
2020-11-29,Hamburg,0,1892122
2020-11-29,Hessen,0,6391360
2020-11-29,Mecklenburg-Vorpommern,0,1628378
2020-11-29,Niedersachsen,0,8140242
2020-11-29,Nordrhein-Westfalen,0,18139116
2020-11-29,Rheinland-Pfalz,0,4158150
2020-11-29,Saarland,0,992666
2020-11-29,Sachsen,0,4086152
2020-11-29,Sachsen-Anhalt,0,2186643
2020-11-29,Schleswig-Holstein,0,2953270
2020-11-29,Thüringen,0,2126836
2020-12-06,Baden-Württemberg,0,11280257
2020-12-06,Bayern,0,13369393
2020-12-06,Berlin,0,3755251
2020-12-06,Brandenburg,0,2573135
2020-12-06,Bremen,0,684864
2020-12-06,Hamburg,0,1892122
2020-12-06,Hessen,0,6391360
2020-12-06,Mecklenburg-Vorpommern,0,1628378
2020-12-06,Niedersachsen,0,8140242
2020-12-06,Nordrhein-Westfalen,0,18139116
2020-12-06,Rheinland-Pfalz,0,4158150
2020-12-06,Saarland,0,992666
2020-12-06,Sachsen,0,4086152
2020-12-06,Sachsen-Anhalt,0,2186643
2020-12-06,Schleswig-Holstein,0,2953270
2020-12-06,Thüringen,0,2126836
2020-12-13,Baden-Württemberg,0,11280257
2020-12-13,Bayern,0,13369393
2020-12-13,Berlin,0,3755251
2020-12-13,Brandenburg,0,2573135
2020-12-13,Bremen,0,684864
2020-12-13,Hamburg,0,1892122
2020-12-13,Hessen,0,6391360
2020-12-13,Mecklenburg-Vorpommern,0,1628378
2020-12-13,Niedersachsen,0,8140242
2020-12-13,Nordrhein-Westfalen,0,18139116
2020-12-13,Rheinland-Pfalz,0,4158150
2020-12-13,Saarland,0,992666
2020-12-13,Sachsen,0,4086152
2020-12-13,Sachsen-Anhalt,0,2186643
2020-12-13,Schleswig-Holstein,0,2953270
2020-12-13,Thüringen,0,2126836
2020-12-20,Baden-Württemberg,0,11280257
2020-12-20,Bayern,0,13369393
2020-12-20,Berlin,0,3755251
2020-12-20,Brandenburg,0,2573135
2020-12-20,Bremen,0,684864
2020-12-20,Hamburg,0,1892122
2020-12-20,Hessen,0,6391360
2020-12-20,Mecklenburg-Vorpommern,0,1628378
2020-12-20,Niedersachsen,0,8140242
2020-12-20,Nordrhein-Westfalen,0,18139116
2020-12-20,Rheinland-Pfalz,0,4158150
2020-12-20,Saarland,0,992666
2020-12-20,Sachsen,0,4086152
2020-12-20,Sachsen-Anhalt,0,2186643
2020-12-20,Schleswig-Holstein,0,2953270
2020-12-20,Thüringen,0,2126836
2020-12-27,Baden-Württemberg,3,11280257
2020-12-27,Bayern,3,13369393
2020-12-27,Berlin,5,3755251
2020-12-27,Brandenburg,3,2573135
2020-12-27,Bremen,5,684864
2020-12-27,Hamburg,5,1892122
2020-12-27,Hessen,5,6391360
2020-12-27,Mecklenburg-Vorpommern,5,1628378
2020-12-27,Niedersachsen,5,8140242
2020-12-27,Nordrhein-Westfalen,5,18139116
2020-12-27,Rheinland-Pfalz,5,4158150
2020-12-27,Saarland,5,992666
2020-12-27,Sachsen,5,4086152
2020-12-27,Sachsen-Anhalt,5,2186643
2020-12-27,Schleswig-Holstein,5,2953270
2020-12-27,Thüringen,3,2126836
2021-01-03,Baden-Württemberg,5,11280257
2021-01-03,Bayern,5,13369393
2021-01-03,Berlin,5,3755251
2021-01-03,Brandenburg,5,2573135
2021-01-03,Bremen,5,684864
2021-01-03,Hamburg,5,1892122
2021-01-03,Hessen,5,6391360
2021-01-03,Mecklenburg-Vorpommern,5,1628378
2021-01-03,Niedersachsen,5,8140242
2021-01-03,Nordrhein-Westfalen,5,18139116
2021-01-03,Rheinland-Pfalz,4,4158150
2021-01-03,Saarland,4,992666
2021-01-03,Sachsen,5,4086152
2021-01-03,Sachsen-Anhalt,5,2186643
2021-01-03,Schleswig-Holstein,5,2953270
2021-01-03,Thüringen,5,2126836
2021-01-10,Baden-Württemberg,0,11280257
2021-01-10,Bayern,0,13369393
2021-01-10,Berlin,0,3755251
2021-01-10,Brandenburg,0,2573135
2021-01-10,Bremen,0,684864
2021-01-10,Hamburg,0,1892122
2021-01-10,Hessen,0,6391360
2021-01-10,Mecklenburg-Vorpommern,0,1628378
2021-01-10,Niedersachsen,0,8140242
2021-01-10,Nordrhein-Westfalen,0,18139116
2021-01-10,Rheinland-Pfalz,4,4158150
2021-01-10,Saarland,4,992666
2021-01-10,Sachsen,0,4086152
2021-01-10,Sachsen-Anhalt,0,2186643
2021-01-10,Schleswig-Holstein,0,2953270
2021-01-10,Thüringen,0,2126836
2021-01-17,Baden-Württemberg,0,11280257
2021-01-17,Bayern,0,13369393
2021-01-17,Berlin,0,3755251
2021-01-17,Brandenburg,0,2573135
2021-01-17,Bremen,0,684864
2021-01-17,Hamburg,0,1892122
2021-01-17,Hessen,0,6391360
2021-01-17,Mecklenburg-Vorpommern,0,1628378
2021-01-17,Niedersachsen,0,8140242
2021-01-17,Nordrhein-Westfalen,0,18139116
2021-01-17,Rheinland-Pfalz,4,4158150
2021-01-17,Saarland,4,992666
2021-01-17,Sachsen,0,4086152
2021-01-17,Sachsen-Anhalt,0,2186643
2021-01-17,Schleswig-Holstein,0,2953270
2021-01-17,Thüringen,0,2126836
2021-01-24,Baden-Württemberg,0,11280257
2021-01-24,Bayern,0,13369393
2021-01-24,Berlin,0,3755251
2021-01-24,Brandenburg,0,2573135
2021-01-24,Bremen,0,684864
2021-01-24,Hamburg,0,1892122
2021-01-24,Hessen,0,6391360
2021-01-24,Mecklenburg-Vorpommern,0,1628378
2021-01-24,Niedersachsen,0,8140242
2021-01-24,Nordrhein-Westfalen,0,18139116
2021-01-24,Rheinland-Pfalz,4,4158150
2021-01-24,Saarland,4,992666
2021-01-24,Sachsen,0,4086152
2021-01-24,Sachsen-Anhalt,0,2186643
2021-01-24,Schleswig-Holstein,0,2953270
2021-01-24,Thüringen,0,2126836
2021-01-31,Baden-Württemberg,0,11280257
2021-01-31,Bayern,0,13369393
2021-01-31,Berlin,0,3755251
2021-01-31,Brandenburg,0,2573135
2021-01-31,Bremen,0,684864
2021-01-31,Hamburg,1,1892122
2021-01-31,Hessen,0,6391360
2021-01-31,Mecklenburg-Vorpommern,0,1628378
2021-01-31,Niedersachsen,0,8140242
2021-01-31,Nordrhein-Westfalen,0,18139116
2021-01-31,Rheinland-Pfalz,0,4158150
2021-01-31,Saarland,0,992666
2021-01-31,Sachsen,0,4086152
2021-01-31,Sachsen-Anhalt,0,2186643
2021-01-31,Schleswig-Holstein,0,2953270
2021-01-31,Thüringen,5,2126836
2021-02-07,Baden-Württemberg,0,11280257
2021-02-07,Bayern,0,13369393
2021-02-07,Berlin,5,3755251
2021-02-07,Brandenburg,5,2573135
2021-02-07,Bremen,2,684864
2021-02-07,Hamburg,0,1892122
2021-02-07,Hessen,0,6391360
2021-02-07,Mecklenburg-Vorpommern,0,1628378
2021-02-07,Niedersachsen,2,8140242
2021-02-07,Nordrhein-Westfalen,0,18139116
2021-02-07,Rheinland-Pfalz,0,4158150
2021-02-07,Saarland,0,992666
2021-02-07,Sachsen,5,4086152
2021-02-07,Sachsen-Anhalt,0,2186643
2021-02-07,Schleswig-Holstein,0,2953270
2021-02-07,Thüringen,0,2126836
2021-02-14,Baden-Württemberg,0,11280257
2021-02-14,Bayern,0,13369393
2021-02-14,Berlin,0,3755251
2021-02-14,Brandenburg,0,2573135
2021-02-14,Bremen,0,684864
2021-02-14,Hamburg,0,1892122
2021-02-14,Hessen,0,6391360
2021-02-14,Mecklenburg-Vorpommern,0,1628378
2021-02-14,Niedersachsen,0,8140242
2021-02-14,Nordrhein-Westfalen,0,18139116
2021-02-14,Rheinland-Pfalz,0,4158150
2021-02-14,Saarland,0,992666
2021-02-14,Sachsen,0,4086152
2021-02-14,Sachsen-Anhalt,5,2186643
2021-02-14,Schleswig-Holstein,0,2953270
2021-02-14,Thüringen,0,2126836
2021-02-21,Baden-Württemberg,0,11280257
2021-02-21,Bayern,0,13369393
2021-02-21,Berlin,0,3755251
2021-02-21,Brandenburg,0,2573135
2021-02-21,Bremen,0,684864
2021-02-21,Hamburg,0,1892122
2021-02-21,Hessen,0,6391360
2021-02-21,Mecklenburg-Vorpommern,2,1628378
2021-02-21,Niedersachsen,0,8140242
2021-02-21,Nordrhein-Westfalen,0,18139116
2021-02-21,Rheinland-Pfalz,0,4158150
2021-02-21,Saarland,5,992666
2021-02-21,Sachsen,0,4086152
2021-02-21,Sachsen-Anhalt,0,2186643
2021-02-21,Schleswig-Holstein,0,2953270
2021-02-21,Thüringen,0,2126836
2021-02-28,Baden-Württemberg,0,11280257
2021-02-28,Bayern,0,13369393
2021-02-28,Berlin,0,3755251
2021-02-28,Brandenburg,0,2573135
2021-02-28,Bremen,0,684864
2021-02-28,Hamburg,0,1892122
2021-02-28,Hessen,0,6391360
2021-02-28,Mecklenburg-Vorpommern,0,1628378
2021-02-28,Niedersachsen,0,8140242
2021-02-28,Nordrhein-Westfalen,0,18139116
2021-02-28,Rheinland-Pfalz,0,4158150
2021-02-28,Saarland,0,992666
2021-02-28,Sachsen,0,4086152
2021-02-28,Sachsen-Anhalt,0,2186643
2021-02-28,Schleswig-Holstein,0,2953270
2021-02-28,Thüringen,0,2126836
2023-01-01,Baden-Württemberg,5,11280257
2023-01-01,Bayern,5,13369393
2023-01-01,Berlin,5,3755251
2023-01-01,Brandenburg,5,2573135
2023-01-01,Bremen,5,684864
2023-01-01,Hamburg,5,1892122
2023-01-01,Hessen,5,6391360
2023-01-01,Mecklenburg-Vorpommern,5,1628378
2023-01-01,Niedersachsen,5,8140242
2023-01-01,Nordrhein-Westfalen,5,18139116
2023-01-01,Rheinland-Pfalz,5,4158150
2023-01-01,Saarland,5,992666
2023-01-01,Sachsen,5,4086152
2023-01-01,Sachsen-Anhalt,5,2186643
2023-01-01,Schleswig-Holstein,5,2953270
2023-01-01,Thüringen,5,2126836
2023-01-08,Baden-Württemberg,5,11280257
2023-01-08,Bayern,5,13369393
2023-01-08,Berlin,1,3755251
2023-01-08,Brandenburg,2,2573135
2023-01-08,Bremen,5,684864
2023-01-08,Hamburg,5,1892122
2023-01-08,Hessen,5,6391360
2023-01-08,Mecklenburg-Vorpommern,1,1628378
2023-01-08,Niedersachsen,5,8140242
2023-01-08,Nordrhein-Westfalen,5,18139116
2023-01-08,Rheinland-Pfalz,1,4158150
2023-01-08,Saarland,3,992666
2023-01-08,Sachsen,1,4086152
2023-01-08,Sachsen-Anhalt,4,2186643
2023-01-08,Schleswig-Holstein,5,2953270
2023-01-08,Thüringen,3,2126836
2023-01-15,Baden-Württemberg,0,11280257
2023-01-15,Bayern,0,13369393
2023-01-15,Berlin,0,3755251
2023-01-15,Brandenburg,0,2573135
2023-01-15,Bremen,0,684864
2023-01-15,Hamburg,0,1892122
2023-01-15,Hessen,0,6391360
2023-01-15,Mecklenburg-Vorpommern,0,1628378
2023-01-15,Niedersachsen,0,8140242
2023-01-15,Nordrhein-Westfalen,0,18139116
2023-01-15,Rheinland-Pfalz,0,4158150
2023-01-15,Saarland,0,992666
2023-01-15,Sachsen,0,4086152
2023-01-15,Sachsen-Anhalt,0,2186643
2023-01-15,Schleswig-Holstein,0,2953270
2023-01-15,Thüringen,0,2126836
2023-01-22,Baden-Württemberg,0,11280257
2023-01-22,Bayern,0,13369393
2023-01-22,Berlin,0,3755251
2023-01-22,Brandenburg,0,2573135
2023-01-22,Bremen,0,684864
2023-01-22,Hamburg,0,1892122
2023-01-22,Hessen,0,6391360
2023-01-22,Mecklenburg-Vorpommern,0,1628378
2023-01-22,Niedersachsen,0,8140242
2023-01-22,Nordrhein-Westfalen,0,18139116
2023-01-22,Rheinland-Pfalz,0,4158150
2023-01-22,Saarland,0,992666
2023-01-22,Sachsen,0,4086152
2023-01-22,Sachsen-Anhalt,0,2186643
2023-01-22,Schleswig-Holstein,0,2953270
2023-01-22,Thüringen,0,2126836
2023-01-29,Baden-Württemberg,0,11280257
2023-01-29,Bayern,0,13369393
2023-01-29,Berlin,0,3755251
2023-01-29,Brandenburg,0,2573135
2023-01-29,Bremen,0,684864
2023-01-29,Hamburg,1,1892122
2023-01-29,Hessen,0,6391360
2023-01-29,Mecklenburg-Vorpommern,0,1628378
2023-01-29,Niedersachsen,0,8140242
2023-01-29,Nordrhein-Westfalen,0,18139116
2023-01-29,Rheinland-Pfalz,0,4158150
2023-01-29,Saarland,0,992666
2023-01-29,Sachsen,0,4086152
2023-01-29,Sachsen-Anhalt,0,2186643
2023-01-29,Schleswig-Holstein,0,2953270
2023-01-29,Thüringen,0,2126836
2023-02-05,Baden-Württemberg,0,11280257
2023-02-05,Bayern,0,13369393
2023-02-05,Berlin,5,3755251
2023-02-05,Brandenburg,5,2573135
2023-02-05,Bremen,4,684864
2023-02-05,Hamburg,0,1892122
2023-02-05,Hessen,0,6391360
2023-02-05,Mecklenburg-Vorpommern,0,1628378
2023-02-05,Niedersachsen,2,8140242
2023-02-05,Nordrhein-Westfalen,0,18139116
2023-02-05,Rheinland-Pfalz,0,4158150
2023-02-05,Saarland,0,992666
2023-02-05,Sachsen,0,4086152
2023-02-05,Sachsen-Anhalt,0,2186643
2023-02-05,Schleswig-Holstein,0,2953270
2023-02-05,Thüringen,0,2126836
2023-02-12,Baden-Württemberg,0,11280257
2023-02-12,Bayern,0,13369393
2023-02-12,Berlin,0,3755251
2023-02-12,Brandenburg,0,2573135
2023-02-12,Bremen,0,684864
2023-02-12,Hamburg,0,1892122
2023-02-12,Hessen,0,6391360
2023-02-12,Mecklenburg-Vorpommern,5,1628378
2023-02-12,Niedersachsen,0,8140242
2023-02-12,Nordrhein-Westfalen,0,18139116
2023-02-12,Rheinland-Pfalz,0,4158150
2023-02-12,Saarland,0,992666
2023-02-12,Sachsen,0,4086152
2023-02-12,Sachsen-Anhalt,5,2186643
2023-02-12,Schleswig-Holstein,0,2953270
2023-02-12,Thüringen,0,2126836
2023-02-19,Baden-Württemberg,0,11280257
2023-02-19,Bayern,0,13369393
2023-02-19,Berlin,0,3755251
2023-02-19,Brandenburg,0,2573135
2023-02-19,Bremen,0,684864
2023-02-19,Hamburg,0,1892122
2023-02-19,Hessen,0,6391360
2023-02-19,Mecklenburg-Vorpommern,0,1628378
2023-02-19,Niedersachsen,0,8140242
2023-02-19,Nordrhein-Westfalen,0,18139116
2023-02-19,Rheinland-Pfalz,0,4158150
2023-02-19,Saarland,0,992666
2023-02-19,Sachsen,5,4086152
2023-02-19,Sachsen-Anhalt,0,2186643
2023-02-19,Schleswig-Holstein,0,2953270
2023-02-19,Thüringen,5,2126836
2023-02-26,Baden-Württemberg,0,11280257
2023-02-26,Bayern,5,13369393
2023-02-26,Berlin,0,3755251
2023-02-26,Brandenburg,0,2573135
2023-02-26,Bremen,0,684864
2023-02-26,Hamburg,0,1892122
2023-02-26,Hessen,0,6391360
2023-02-26,Mecklenburg-Vorpommern,0,1628378
2023-02-26,Niedersachsen,0,8140242
2023-02-26,Nordrhein-Westfalen,0,18139116
2023-02-26,Rheinland-Pfalz,0,4158150
2023-02-26,Saarland,5,992666
2023-02-26,Sachsen,5,4086152
2023-02-26,Sachsen-Anhalt,0,2186643
2023-02-26,Schleswig-Holstein,0,2953270
2023-02-26,Thüringen,0,2126836
2023-03-05,Baden-Württemberg,0,11280257
2023-03-05,Bayern,0,13369393
2023-03-05,Berlin,0,3755251
2023-03-05,Brandenburg,0,2573135
2023-03-05,Bremen,0,684864
2023-03-05,Hamburg,0,1892122
2023-03-05,Hessen,0,6391360
2023-03-05,Mecklenburg-Vorpommern,0,1628378
2023-03-05,Niedersachsen,0,8140242
2023-03-05,Nordrhein-Westfalen,0,18139116
2023-03-05,Rheinland-Pfalz,0,4158150
2023-03-05,Saarland,0,992666
2023-03-05,Sachsen,0,4086152
2023-03-05,Sachsen-Anhalt,0,2186643
2023-03-05,Schleswig-Holstein,0,2953270
2023-03-05,Thüringen,0,2126836
2023-03-12,Baden-Württemberg,0,11280257
2023-03-12,Bayern,0,13369393
2023-03-12,Berlin,0,3755251
2023-03-12,Brandenburg,0,2573135
2023-03-12,Bremen,0,684864
2023-03-12,Hamburg,5,1892122
2023-03-12,Hessen,0,6391360
2023-03-12,Mecklenburg-Vorpommern,0,1628378
2023-03-12,Niedersachsen,0,8140242
2023-03-12,Nordrhein-Westfalen,0,18139116
2023-03-12,Rheinland-Pfalz,0,4158150
2023-03-12,Saarland,0,992666
2023-03-12,Sachsen,0,4086152
2023-03-12,Sachsen-Anhalt,0,2186643
2023-03-12,Schleswig-Holstein,0,2953270
2023-03-12,Thüringen,0,2126836
2023-03-19,Baden-Württemberg,0,11280257
2023-03-19,Bayern,0,13369393
2023-03-19,Berlin,0,3755251
2023-03-19,Brandenburg,0,2573135
2023-03-19,Bremen,0,684864
2023-03-19,Hamburg,5,1892122
2023-03-19,Hessen,0,6391360
2023-03-19,Mecklenburg-Vorpommern,0,1628378
2023-03-19,Niedersachsen,0,8140242
2023-03-19,Nordrhein-Westfalen,0,18139116
2023-03-19,Rheinland-Pfalz,0,4158150
2023-03-19,Saarland,0,992666
2023-03-19,Sachsen,0,4086152
2023-03-19,Sachsen-Anhalt,0,2186643
2023-03-19,Schleswig-Holstein,0,2953270
2023-03-19,Thüringen,0,2126836
2023-03-26,Baden-Württemberg,0,11280257
2023-03-26,Bayern,0,13369393
2023-03-26,Berlin,0,3755251
2023-03-26,Brandenburg,0,2573135
2023-03-26,Bremen,0,684864
2023-03-26,Hamburg,0,1892122
2023-03-26,Hessen,0,6391360
2023-03-26,Mecklenburg-Vorpommern,0,1628378
2023-03-26,Niedersachsen,0,8140242
2023-03-26,Nordrhein-Westfalen,0,18139116
2023-03-26,Rheinland-Pfalz,0,4158150
2023-03-26,Saarland,0,992666
2023-03-26,Sachsen,0,4086152
2023-03-26,Sachsen-Anhalt,0,2186643
2023-03-26,Schleswig-Holstein,0,2953270
2023-03-26,Thüringen,0,2126836
2023-04-02,Baden-Württemberg,0,11280257
2023-04-02,Bayern,0,13369393
2023-04-02,Berlin,0,3755251
2023-04-02,Brandenburg,0,2573135
2023-04-02,Bremen,0,684864
2023-04-02,Hamburg,0,1892122
2023-04-02,Hessen,0,6391360
2023-04-02,Mecklenburg-Vorpommern,0,1628378
2023-04-02,Niedersachsen,5,8140242
2023-04-02,Nordrhein-Westfalen,0,18139116
2023-04-02,Rheinland-Pfalz,0,4158150
2023-04-02,Saarland,0,992666
2023-04-02,Sachsen,0,4086152
2023-04-02,Sachsen-Anhalt,0,2186643
2023-04-02,Schleswig-Holstein,0,2953270
2023-04-02,Thüringen,0,2126836
2023-04-09,Baden-Württemberg,1,11280257
2023-04-09,Bayern,5,13369393
2023-04-09,Berlin,5,3755251
2023-04-09,Brandenburg,5,2573135
2023-04-09,Bremen,5,684864
2023-04-09,Hamburg,0,1892122
2023-04-09,Hessen,5,6391360
2023-04-09,Mecklenburg-Vorpommern,5,1628378
2023-04-09,Niedersachsen,5,8140242
2023-04-09,Nordrhein-Westfalen,5,18139116
2023-04-09,Rheinland-Pfalz,4,4158150
2023-04-09,Saarland,0,992666
2023-04-09,Sachsen,1,4086152
2023-04-09,Sachsen-Anhalt,5,2186643
2023-04-09,Schleswig-Holstein,2,2953270
2023-04-09,Thüringen,5,2126836
2023-04-16,Baden-Württemberg,5,11280257
2023-04-16,Bayern,5,13369393
2023-04-16,Berlin,5,3755251
2023-04-16,Brandenburg,5,2573135
2023-04-16,Bremen,2,684864
2023-04-16,Hamburg,0,1892122
2023-04-16,Hessen,5,6391360
2023-04-16,Mecklenburg-Vorpommern,3,1628378
2023-04-16,Niedersachsen,2,8140242
2023-04-16,Nordrhein-Westfalen,5,18139116
2023-04-16,Rheinland-Pfalz,0,4158150
2023-04-16,Saarland,3,992666
2023-04-16,Sachsen,5,4086152
2023-04-16,Sachsen-Anhalt,0,2186643
2023-04-16,Schleswig-Holstein,5,2953270
2023-04-16,Thüringen,5,2126836
2023-04-23,Baden-Württemberg,0,11280257
2023-04-23,Bayern,0,13369393
2023-04-23,Berlin,0,3755251
2023-04-23,Brandenburg,0,2573135
2023-04-23,Bremen,0,684864
2023-04-23,Hamburg,0,1892122
2023-04-23,Hessen,5,6391360
2023-04-23,Mecklenburg-Vorpommern,0,1628378
2023-04-23,Niedersachsen,0,8140242
2023-04-23,Nordrhein-Westfalen,0,18139116
2023-04-23,Rheinland-Pfalz,0,4158150
2023-04-23,Saarland,0,992666
2023-04-23,Sachsen,0,4086152
2023-04-23,Sachsen-Anhalt,0,2186643
2023-04-23,Schleswig-Holstein,5,2953270
2023-04-23,Thüringen,0,2126836
2023-04-30,Baden-Württemberg,0,11280257
2023-04-30,Bayern,0,13369393
2023-04-30,Berlin,0,3755251
2023-04-30,Brandenburg,0,2573135
2023-04-30,Bremen,0,684864
2023-04-30,Hamburg,0,1892122
2023-04-30,Hessen,0,6391360
2023-04-30,Mecklenburg-Vorpommern,0,1628378
2023-04-30,Niedersachsen,0,8140242
2023-04-30,Nordrhein-Westfalen,0,18139116
2023-04-30,Rheinland-Pfalz,0,4158150
2023-04-30,Saarland,0,992666
2023-04-30,Sachsen,0,4086152
2023-04-30,Sachsen-Anhalt,0,2186643
2023-04-30,Schleswig-Holstein,0,2953270
2023-04-30,Thüringen,0,2126836
2023-05-07,Baden-Württemberg,0,11280257
2023-05-07,Bayern,0,13369393
2023-05-07,Berlin,0,3755251
2023-05-07,Brandenburg,0,2573135
2023-05-07,Bremen,0,684864
2023-05-07,Hamburg,0,1892122
2023-05-07,Hessen,0,6391360
2023-05-07,Mecklenburg-Vorpommern,0,1628378
2023-05-07,Niedersachsen,0,8140242
2023-05-07,Nordrhein-Westfalen,0,18139116
2023-05-07,Rheinland-Pfalz,0,4158150
2023-05-07,Saarland,0,992666
2023-05-07,Sachsen,0,4086152
2023-05-07,Sachsen-Anhalt,0,2186643
2023-05-07,Schleswig-Holstein,0,2953270
2023-05-07,Thüringen,0,2126836
2023-05-14,Baden-Württemberg,0,11280257
2023-05-14,Bayern,0,13369393
2023-05-14,Berlin,0,3755251
2023-05-14,Brandenburg,0,2573135
2023-05-14,Bremen,0,684864
2023-05-14,Hamburg,0,1892122
2023-05-14,Hessen,0,6391360
2023-05-14,Mecklenburg-Vorpommern,0,1628378
2023-05-14,Niedersachsen,0,8140242
2023-05-14,Nordrhein-Westfalen,0,18139116
2023-05-14,Rheinland-Pfalz,0,4158150
2023-05-14,Saarland,0,992666
2023-05-14,Sachsen,0,4086152
2023-05-14,Sachsen-Anhalt,0,2186643
2023-05-14,Schleswig-Holstein,0,2953270
2023-05-14,Thüringen,0,2126836
2023-05-21,Baden-Württemberg,0,11280257
2023-05-21,Bayern,0,13369393
2023-05-21,Berlin,1,3755251
2023-05-21,Brandenburg,0,2573135
2023-05-21,Bremen,0,684864
2023-05-21,Hamburg,5,1892122
2023-05-21,Hessen,0,6391360
2023-05-21,Mecklenburg-Vorpommern,1,1628378
NA,Niedersachsen,1,8140242
2023-05-21,Nordrhein-Westfalen,0,18139116
2023-05-21,Rheinland-Pfalz,0,4158150
2023-05-21,Saarland,0,992666
2023-05-21,Sachsen,1,4086152
2023-05-21,Sachsen-Anhalt,5,2186643
2023-05-21,Schleswig-Holstein,0,2953270
2023-05-21,Thüringen,1,2126836
2023-05-28,Baden-Württemberg,0,11280257
2023-05-28,Bayern,0,13369393
2023-05-28,Berlin,1,3755251
2023-05-28,Brandenburg,0,2573135
2023-05-28,Bremen,1,684864
2023-05-28,Hamburg,5,1892122
2023-05-28,Hessen,0,6391360
2023-05-28,Mecklenburg-Vorpommern,1,1628378
2023-05-28,Niedersachsen,0,8140242
2023-05-28,Nordrhein-Westfalen,0,18139116
2023-05-28,Rheinland-Pfalz,0,4158150
2023-05-28,Saarland,0,992666
2023-05-28,Sachsen,0,4086152
2023-05-28,Sachsen-Anhalt,0,2186643
2023-05-28,Schleswig-Holstein,0,2953270
2023-05-28,Thüringen,0,2126836
2023-06-04,Baden-Württemberg,4,11280257
2023-06-04,Bayern,4,13369393
2023-06-04,Berlin,1,3755251
2023-06-04,Brandenburg,0,2573135
2023-06-04,Bremen,1,684864
2023-06-04,Hamburg,0,1892122
2023-06-04,Hessen,0,6391360
2023-06-04,Mecklenburg-Vorpommern,2,1628378
2023-06-04,Niedersachsen,1,8140242
2023-06-04,Nordrhein-Westfalen,1,18139116
2023-06-04,Rheinland-Pfalz,4,4158150
2023-06-04,Saarland,4,992666
2023-06-04,Sachsen,0,4086152
2023-06-04,Sachsen-Anhalt,0,2186643
2023-06-04,Schleswig-Holstein,0,2953270
2023-06-04,Thüringen,0,2126836
2023-06-11,Baden-Württemberg,5,11280257
2023-06-11,Bayern,5,13369393
2023-06-11,Berlin,0,3755251
2023-06-11,Brandenburg,0,2573135
2023-06-11,Bremen,0,684864
2023-06-11,Hamburg,0,1892122
2023-06-11,Hessen,0,6391360
2023-06-11,Mecklenburg-Vorpommern,0,1628378
2023-06-11,Niedersachsen,0,8140242
2023-06-11,Nordrhein-Westfalen,0,18139116
2023-06-11,Rheinland-Pfalz,3,4158150
2023-06-11,Saarland,0,992666
2023-06-11,Sachsen,0,4086152
2023-06-11,Sachsen-Anhalt,0,2186643
2023-06-11,Schleswig-Holstein,0,2953270
2023-06-11,Thüringen,0,2126836
2023-06-18,Baden-Württemberg,0,11280257
2023-06-18,Bayern,0,13369393
2023-06-18,Berlin,0,3755251
2023-06-18,Brandenburg,0,2573135
2023-06-18,Bremen,0,684864
2023-06-18,Hamburg,0,1892122
2023-06-18,Hessen,0,6391360
2023-06-18,Mecklenburg-Vorpommern,0,1628378
2023-06-18,Niedersachsen,0,8140242
2023-06-18,Nordrhein-Westfalen,0,18139116
2023-06-18,Rheinland-Pfalz,0,4158150
2023-06-18,Saarland,0,992666
2023-06-18,Sachsen,0,4086152
2023-06-18,Sachsen-Anhalt,0,2186643
2023-06-18,Schleswig-Holstein,0,2953270
2023-06-18,Thüringen,0,2126836
2023-06-25,Baden-Württemberg,0,11280257
2023-06-25,Bayern,0,13369393
2023-06-25,Berlin,0,3755251
2023-06-25,Brandenburg,0,2573135
2023-06-25,Bremen,0,684864
2023-06-25,Hamburg,0,1892122
2023-06-25,Hessen,0,6391360
2023-06-25,Mecklenburg-Vorpommern,0,1628378
2023-06-25,Niedersachsen,0,8140242
2023-06-25,Nordrhein-Westfalen,2,18139116
2023-06-25,Rheinland-Pfalz,0,4158150
2023-06-25,Saarland,0,992666
2023-06-25,Sachsen,0,4086152
2023-06-25,Sachsen-Anhalt,0,2186643
2023-06-25,Schleswig-Holstein,0,2953270
2023-06-25,Thüringen,0,2126836
2023-07-02,Baden-Württemberg,0,11280257
2023-07-02,Bayern,0,13369393
2023-07-02,Berlin,4,3755251
2023-07-02,Brandenburg,4,2573135
2023-07-02,Bremen,0,684864
2023-07-02,Hamburg,4,1892122
2023-07-02,Hessen,0,6391360
2023-07-02,Mecklenburg-Vorpommern,5,1628378
2023-07-02,Niedersachsen,0,8140242
2023-07-02,Nordrhein-Westfalen,5,18139116
2023-07-02,Rheinland-Pfalz,0,4158150
2023-07-02,Saarland,0,992666
2023-07-02,Sachsen,0,4086152
2023-07-02,Sachsen-Anhalt,0,2186643
2023-07-02,Schleswig-Holstein,0,2953270
2023-07-02,Thüringen,0,2126836
2023-07-09,Baden-Württemberg,0,11280257
2023-07-09,Bayern,0,13369393
2023-07-09,Berlin,0,3755251
2023-07-09,Brandenburg,0,2573135
2023-07-09,Bremen,2,684864
2023-07-09,Hamburg,0,1892122
2023-07-09,Hessen,0,6391360
2023-07-09,Mecklenburg-Vorpommern,0,1628378
2023-07-09,Niedersachsen,2,8140242
2023-07-09,Nordrhein-Westfalen,5,18139116
2023-07-09,Rheinland-Pfalz,0,4158150
2023-07-09,Saarland,0,992666
2023-07-09,Sachsen,0,4086152
2023-07-09,Sachsen-Anhalt,2,2186643
2023-07-09,Schleswig-Holstein,0,2953270
2023-07-09,Thüringen,0,2126836
2023-07-16,Baden-Württemberg,0,11280257
2023-07-16,Bayern,0,13369393
2023-07-16,Berlin,2,3755251
2023-07-16,Brandenburg,2,2573135
2023-07-16,Bremen,5,684864
2023-07-16,Hamburg,2,1892122
2023-07-16,Hessen,0,6391360
2023-07-16,Mecklenburg-Vorpommern,0,1628378
2023-07-16,Niedersachsen,5,8140242
2023-07-16,Nordrhein-Westfalen,5,18139116
2023-07-16,Rheinland-Pfalz,0,4158150
2023-07-16,Saarland,0,992666
2023-07-16,Sachsen,5,4086152
2023-07-16,Sachsen-Anhalt,5,2186643
2023-07-16,Schleswig-Holstein,5,2953270
2023-07-16,Thüringen,5,2126836
2023-07-23,Baden-Württemberg,0,11280257
2023-07-23,Bayern,0,13369393
2023-07-23,Berlin,5,3755251
2023-07-23,Brandenburg,5,2573135
2023-07-23,Bremen,4,684864
2023-07-23,Hamburg,5,1892122
2023-07-23,Hessen,0,6391360
2023-07-23,Mecklenburg-Vorpommern,5,1628378
2023-07-23,Niedersachsen,4,8140242
2023-07-23,Nordrhein-Westfalen,5,18139116
2023-07-23,Rheinland-Pfalz,0,4158150
2023-07-23,Saarland,0,992666
2023-07-23,Sachsen,5,4086152
2023-07-23,Sachsen-Anhalt,5,2186643
2023-07-23,Schleswig-Holstein,5,2953270
2023-07-23,Thüringen,0,2126836
2023-07-30,Baden-Württemberg,2,11280257
2023-07-30,Bayern,0,13369393
2023-07-30,Berlin,5,3755251
2023-07-30,Brandenburg,5,2573135
2023-07-30,Bremen,5,684864
2023-07-30,Hamburg,5,1892122
2023-07-30,Hessen,5,6391360
2023-07-30,Mecklenburg-Vorpommern,5,1628378
2023-07-30,Niedersachsen,5,8140242
2023-07-30,Nordrhein-Westfalen,5,18139116
2023-07-30,Rheinland-Pfalz,5,4158150
2023-07-30,Saarland,5,992666
2023-07-30,Sachsen,5,4086152
2023-07-30,Sachsen-Anhalt,5,2186643
2023-07-30,Schleswig-Holstein,5,2953270
2023-07-30,Thüringen,5,2126836
2023-08-06,Baden-Württemberg,5,11280257
2023-08-06,Bayern,5,13369393
2023-08-06,Berlin,5,3755251
2023-08-06,Brandenburg,5,2573135
2023-08-06,Bremen,5,684864
2023-08-06,Hamburg,5,1892122
2023-08-06,Hessen,5,6391360
2023-08-06,Mecklenburg-Vorpommern,5,1628378
2023-08-06,Niedersachsen,5,8140242
2023-08-06,Nordrhein-Westfalen,5,18139116
2023-08-06,Rheinland-Pfalz,5,4158150
2023-08-06,Saarland,5,992666
2023-08-06,Sachsen,5,4086152
2023-08-06,Sachsen-Anhalt,5,2186643
2023-08-06,Schleswig-Holstein,5,2953270
2023-08-06,Thüringen,5,2126836
2023-08-13,Baden-Württemberg,5,11280257
2023-08-13,Bayern,5,13369393
2023-08-13,Berlin,5,3755251
2023-08-13,Brandenburg,5,2573135
2023-08-13,Bremen,5,684864
2023-08-13,Hamburg,3,1892122
2023-08-13,Hessen,5,6391360
2023-08-13,Mecklenburg-Vorpommern,5,1628378
2023-08-13,Niedersachsen,5,8140242
2023-08-13,Nordrhein-Westfalen,0,18139116
2023-08-13,Rheinland-Pfalz,5,4158150
2023-08-13,Saarland,5,992666
2023-08-13,Sachsen,5,4086152
2023-08-13,Sachsen-Anhalt,5,2186643
2023-08-13,Schleswig-Holstein,5,2953270
2023-08-13,Thüringen,5,2126836
2023-08-20,Baden-Württemberg,5,11280257
2023-08-20,Bayern,5,13369393
2023-08-20,Berlin,5,3755251
2023-08-20,Brandenburg,5,2573135
2023-08-20,Bremen,3,684864
2023-08-20,Hamburg,5,1892122
2023-08-20,Hessen,5,6391360
2023-08-20,Mecklenburg-Vorpommern,5,1628378
2023-08-20,Niedersachsen,3,8140242
2023-08-20,Nordrhein-Westfalen,0,18139116
2023-08-20,Rheinland-Pfalz,5,4158150
2023-08-20,Saarland,5,992666
2023-08-20,Sachsen,5,4086152
2023-08-20,Sachsen-Anhalt,3,2186643
2023-08-20,Schleswig-Holstein,5,2953270
2023-08-20,Thüringen,5,2126836
2023-08-27,Baden-Württemberg,5,11280257
2023-08-27,Bayern,5,13369393
2023-08-27,Berlin,5,3755251
2023-08-27,Brandenburg,5,2573135
2023-08-27,Bremen,0,684864
2023-08-27,Hamburg,3,1892122
2023-08-27,Hessen,5,6391360
2023-08-27,Mecklenburg-Vorpommern,5,1628378
2023-08-27,Niedersachsen,0,8140242
2023-08-27,Nordrhein-Westfalen,0,18139116
2023-08-27,Rheinland-Pfalz,5,4158150
2023-08-27,Saarland,5,992666
2023-08-27,Sachsen,0,4086152
2023-08-27,Sachsen-Anhalt,0,2186643
2023-08-27,Schleswig-Holstein,0,2953270
2023-08-27,Thüringen,0,2126836
2023-09-03,Baden-Württemberg,5,11280257
2023-09-03,Bayern,5,13369393
2023-09-03,Berlin,0,3755251
2023-09-03,Brandenburg,0,2573135
2023-09-03,Bremen,0,684864
2023-09-03,Hamburg,0,1892122
2023-09-03,Hessen,5,6391360
2023-09-03,Mecklenburg-Vorpommern,0,1628378
2023-09-03,Niedersachsen,0,8140242
2023-09-03,Nordrhein-Westfalen,0,18139116
2023-09-03,Rheinland-Pfalz,5,4158150
2023-09-03,Saarland,5,992666
2023-09-03,Sachsen,0,4086152
2023-09-03,Sachsen-Anhalt,0,2186643
2023-09-03,Schleswig-Holstein,0,2953270
2023-09-03,Thüringen,5,2126836
2023-09-10,Baden-Württemberg,5,11280257
2023-09-10,Bayern,5,13369393
2023-09-10,Berlin,0,3755251
2023-09-10,Brandenburg,0,2573135
2023-09-10,Bremen,0,684864
2023-09-10,Hamburg,0,1892122
2023-09-10,Hessen,0,6391360
2023-09-10,Mecklenburg-Vorpommern,0,1628378
2023-09-10,Niedersachsen,0,8140242
2023-09-10,Nordrhein-Westfalen,0,18139116
2023-09-10,Rheinland-Pfalz,0,4158150
2023-09-10,Saarland,0,992666
2023-09-10,Sachsen,0,4086152
2023-09-10,Sachsen-Anhalt,0,2186643
2023-09-10,Schleswig-Holstein,0,2953270
2023-09-10,Thüringen,0,2126836
2023-09-17,Baden-Württemberg,0,11280257
2023-09-17,Bayern,0,13369393
2023-09-17,Berlin,0,3755251
2023-09-17,Brandenburg,0,2573135
2023-09-17,Bremen,0,684864
2023-09-17,Hamburg,0,1892122
2023-09-17,Hessen,0,6391360
2023-09-17,Mecklenburg-Vorpommern,0,1628378
2023-09-17,Niedersachsen,0,8140242
2023-09-17,Nordrhein-Westfalen,0,18139116
2023-09-17,Rheinland-Pfalz,0,4158150
2023-09-17,Saarland,0,992666
2023-09-17,Sachsen,0,4086152
2023-09-17,Sachsen-Anhalt,0,2186643
2023-09-17,Schleswig-Holstein,0,2953270
2023-09-17,Thüringen,0,2126836
2023-09-24,Baden-Württemberg,0,11280257
2023-09-24,Bayern,0,13369393
2023-09-24,Berlin,0,3755251
2023-09-24,Brandenburg,0,2573135
2023-09-24,Bremen,0,684864
2023-09-24,Hamburg,0,1892122
2023-09-24,Hessen,0,6391360
2023-09-24,Mecklenburg-Vorpommern,0,1628378
2023-09-24,Niedersachsen,0,8140242
2023-09-24,Nordrhein-Westfalen,0,18139116
2023-09-24,Rheinland-Pfalz,0,4158150
2023-09-24,Saarland,0,992666
2023-09-24,Sachsen,0,4086152
2023-09-24,Sachsen-Anhalt,0,2186643
2023-09-24,Schleswig-Holstein,0,2953270
2023-09-24,Thüringen,0,2126836
2023-10-01,Baden-Württemberg,0,11280257
2023-10-01,Bayern,0,13369393
2023-10-01,Berlin,0,3755251
2023-10-01,Brandenburg,0,2573135
2023-10-01,Bremen,0,684864
2023-10-01,Hamburg,0,1892122
2023-10-01,Hessen,0,6391360
2023-10-01,Mecklenburg-Vorpommern,0,1628378
2023-10-01,Niedersachsen,0,8140242
2023-10-01,Nordrhein-Westfalen,0,18139116
2023-10-01,Rheinland-Pfalz,0,4158150
2023-10-01,Saarland,0,992666
2023-10-01,Sachsen,0,4086152
2023-10-01,Sachsen-Anhalt,0,2186643
2023-10-01,Schleswig-Holstein,0,2953270
2023-10-01,Thüringen,0,2126836
2023-10-08,Baden-Württemberg,0,11280257
2023-10-08,Bayern,0,13369393
2023-10-08,Berlin,1,3755251
2023-10-08,Brandenburg,0,2573135
2023-10-08,Bremen,1,684864
2023-10-08,Hamburg,1,1892122
2023-10-08,Hessen,0,6391360
2023-10-08,Mecklenburg-Vorpommern,0,1628378
2023-10-08,Niedersachsen,1,8140242
2023-10-08,Nordrhein-Westfalen,1,18139116
2023-10-08,Rheinland-Pfalz,0,4158150
2023-10-08,Saarland,0,992666
2023-10-08,Sachsen,5,4086152
2023-10-08,Sachsen-Anhalt,1,2186643
2023-10-08,Schleswig-Holstein,0,2953270
2023-10-08,Thüringen,5,2126836
2023-10-15,Baden-Württemberg,0,11280257
2023-10-15,Bayern,0,13369393
2023-10-15,Berlin,0,3755251
2023-10-15,Brandenburg,0,2573135
2023-10-15,Bremen,0,684864
2023-10-15,Hamburg,0,1892122
2023-10-15,Hessen,0,6391360
2023-10-15,Mecklenburg-Vorpommern,5,1628378
2023-10-15,Niedersachsen,0,8140242
2023-10-15,Nordrhein-Westfalen,5,18139116
2023-10-15,Rheinland-Pfalz,0,4158150
2023-10-15,Saarland,0,992666
2023-10-15,Sachsen,5,4086152
2023-10-15,Sachsen-Anhalt,0,2186643
2023-10-15,Schleswig-Holstein,0,2953270
2023-10-15,Thüringen,5,2126836
2023-10-22,Baden-Württemberg,0,11280257
2023-10-22,Bayern,0,13369393
2023-10-22,Berlin,0,3755251
2023-10-22,Brandenburg,0,2573135
2023-10-22,Bremen,5,684864
2023-10-22,Hamburg,5,1892122
2023-10-22,Hessen,0,6391360
2023-10-22,Mecklenburg-Vorpommern,0,1628378
2023-10-22,Niedersachsen,5,8140242
2023-10-22,Nordrhein-Westfalen,0,18139116
2023-10-22,Rheinland-Pfalz,5,4158150
2023-10-22,Saarland,0,992666
2023-10-22,Sachsen,0,4086152
2023-10-22,Sachsen-Anhalt,0,2186643
2023-10-22,Schleswig-Holstein,5,2953270
2023-10-22,Thüringen,0,2126836
2023-10-29,Baden-Württemberg,0,11280257
2023-10-29,Bayern,0,13369393
2023-10-29,Berlin,5,3755251
2023-10-29,Brandenburg,5,2573135
2023-10-29,Bremen,5,684864
2023-10-29,Hamburg,5,1892122
2023-10-29,Hessen,5,6391360
2023-10-29,Mecklenburg-Vorpommern,0,1628378
2023-10-29,Niedersachsen,5,8140242
2023-10-29,Nordrhein-Westfalen,0,18139116
2023-10-29,Rheinland-Pfalz,5,4158150
2023-10-29,Saarland,5,992666
2023-10-29,Sachsen,0,4086152
2023-10-29,Sachsen-Anhalt,5,2186643
2023-10-29,Schleswig-Holstein,5,2953270
2023-10-29,Thüringen,0,2126836
2023-11-05,Baden-Württemberg,5,11280257
2023-11-05,Bayern,5,13369393
2023-11-05,Berlin,5,3755251
2023-11-05,Brandenburg,5,2573135
2023-11-05,Bremen,1,684864
2023-11-05,Hamburg,0,1892122
2023-11-05,Hessen,0,6391360
2023-11-05,Mecklenburg-Vorpommern,2,1628378
2023-11-05,Niedersachsen,1,8140242
2023-11-05,Nordrhein-Westfalen,0,18139116
2023-11-05,Rheinland-Pfalz,0,4158150
2023-11-05,Saarland,5,992666
2023-11-05,Sachsen,1,4086152
2023-11-05,Sachsen-Anhalt,5,2186643
2023-11-05,Schleswig-Holstein,0,2953270
2023-11-05,Thüringen,0,2126836
2023-11-12,Baden-Württemberg,0,11280257
2023-11-12,Bayern,0,13369393
2023-11-12,Berlin,0,3755251
2023-11-12,Brandenburg,0,2573135
2023-11-12,Bremen,0,684864
2023-11-12,Hamburg,0,1892122
2023-11-12,Hessen,0,6391360
2023-11-12,Mecklenburg-Vorpommern,0,1628378
2023-11-12,Niedersachsen,0,8140242
2023-11-12,Nordrhein-Westfalen,0,18139116
2023-11-12,Rheinland-Pfalz,0,4158150
2023-11-12,Saarland,0,992666
2023-11-12,Sachsen,0,4086152
2023-11-12,Sachsen-Anhalt,0,2186643
2023-11-12,Schleswig-Holstein,0,2953270
2023-11-12,Thüringen,0,2126836
2023-11-19,Baden-Württemberg,0,11280257
2023-11-19,Bayern,0,13369393
2023-11-19,Berlin,0,3755251
2023-11-19,Brandenburg,0,2573135
2023-11-19,Bremen,0,684864
2023-11-19,Hamburg,0,1892122
2023-11-19,Hessen,0,6391360
2023-11-19,Mecklenburg-Vorpommern,0,1628378
2023-11-19,Niedersachsen,0,8140242
2023-11-19,Nordrhein-Westfalen,0,18139116
2023-11-19,Rheinland-Pfalz,0,4158150
2023-11-19,Saarland,0,992666
2023-11-19,Sachsen,0,4086152
2023-11-19,Sachsen-Anhalt,0,2186643
2023-11-19,Schleswig-Holstein,0,2953270
2023-11-19,Thüringen,0,2126836
2023-11-26,Baden-Württemberg,0,11280257
2023-11-26,Bayern,1,13369393
2023-11-26,Berlin,0,3755251
2023-11-26,Brandenburg,0,2573135
2023-11-26,Bremen,0,684864
2023-11-26,Hamburg,0,1892122
2023-11-26,Hessen,0,6391360
2023-11-26,Mecklenburg-Vorpommern,0,1628378
2023-11-26,Niedersachsen,0,8140242
2023-11-26,Nordrhein-Westfalen,0,18139116
2023-11-26,Rheinland-Pfalz,0,4158150
2023-11-26,Saarland,0,992666
2023-11-26,Sachsen,0,4086152
2023-11-26,Sachsen-Anhalt,0,2186643
2023-11-26,Schleswig-Holstein,0,2953270
2023-11-26,Thüringen,0,2126836
2023-12-03,Baden-Württemberg,0,11280257
2023-12-03,Bayern,0,13369393
2023-12-03,Berlin,0,3755251
2023-12-03,Brandenburg,0,2573135
2023-12-03,Bremen,0,684864
2023-12-03,Hamburg,0,1892122
2023-12-03,Hessen,0,6391360
2023-12-03,Mecklenburg-Vorpommern,0,1628378
2023-12-03,Niedersachsen,0,8140242
2023-12-03,Nordrhein-Westfalen,0,18139116
2023-12-03,Rheinland-Pfalz,0,4158150
2023-12-03,Saarland,0,992666
2023-12-03,Sachsen,0,4086152
2023-12-03,Sachsen-Anhalt,0,2186643
2023-12-03,Schleswig-Holstein,0,2953270
2023-12-03,Thüringen,0,2126836
2023-12-10,Baden-Württemberg,0,11280257
2023-12-10,Bayern,0,13369393
2023-12-10,Berlin,0,3755251
2023-12-10,Brandenburg,0,2573135
2023-12-10,Bremen,0,684864
2023-12-10,Hamburg,0,1892122
2023-12-10,Hessen,0,6391360
2023-12-10,Mecklenburg-Vorpommern,0,1628378
2023-12-10,Niedersachsen,0,8140242
2023-12-10,Nordrhein-Westfalen,0,18139116
2023-12-10,Rheinland-Pfalz,0,4158150
2023-12-10,Saarland,0,992666
2023-12-10,Sachsen,0,4086152
2023-12-10,Sachsen-Anhalt,0,2186643
2023-12-10,Schleswig-Holstein,0,2953270
2023-12-10,Thüringen,0,2126836
2023-12-17,Baden-Württemberg,0,11280257
2023-12-17,Bayern,0,13369393
2023-12-17,Berlin,0,3755251
2023-12-17,Brandenburg,0,2573135
2023-12-17,Bremen,0,684864
2023-12-17,Hamburg,0,1892122
2023-12-17,Hessen,0,6391360
2023-12-17,Mecklenburg-Vorpommern,0,1628378
2023-12-17,Niedersachsen,0,8140242
2023-12-17,Nordrhein-Westfalen,0,18139116
2023-12-17,Rheinland-Pfalz,0,4158150
2023-12-17,Saarland,0,992666
2023-12-17,Sachsen,0,4086152
2023-12-17,Sachsen-Anhalt,0,2186643
2023-12-17,Schleswig-Holstein,0,2953270
2023-12-17,Thüringen,0,2126836
2023-12-24,Baden-Württemberg,0,11280257
2023-12-24,Bayern,0,13369393
2023-12-24,Berlin,0,3755251
2023-12-24,Brandenburg,0,2573135
2023-12-24,Bremen,0,684864
2023-12-24,Hamburg,0,1892122
2023-12-24,Hessen,0,6391360
2023-12-24,Mecklenburg-Vorpommern,2,1628378
2023-12-24,Niedersachsen,0,8140242
2023-12-24,Nordrhein-Westfalen,2,18139116
2023-12-24,Rheinland-Pfalz,0,4158150
2023-12-24,Saarland,2,992666
2023-12-24,Sachsen,0,4086152
2023-12-24,Sachsen-Anhalt,2,2186643
2023-12-24,Schleswig-Holstein,0,2953270
2023-12-24,Thüringen,1,2126836
2023-12-31,Baden-Württemberg,5,11280257
2023-12-31,Bayern,5,13369393
2023-12-31,Berlin,5,3755251
2023-12-31,Brandenburg,5,2573135
2023-12-31,Bremen,5,684864
2023-12-31,Hamburg,5,1892122
2023-12-31,Hessen,5,6391360
2023-12-31,Mecklenburg-Vorpommern,5,1628378
2023-12-31,Niedersachsen,5,8140242
2023-12-31,Nordrhein-Westfalen,5,18139116
2023-12-31,Rheinland-Pfalz,5,4158150
2023-12-31,Saarland,5,992666
2023-12-31,Sachsen,5,4086152
2023-12-31,Sachsen-Anhalt,5,2186643
2023-12-31,Schleswig-Holstein,5,2953270
2023-12-31,Thüringen,5,2126836
2024-01-07,Baden-Württemberg,5,0
2024-01-07,Bayern,5,0
2024-01-07,Berlin,5,0
2024-01-07,Brandenburg,5,0
2024-01-07,Bremen,5,0
2024-01-07,Hamburg,5,0
2024-01-07,Hessen,5,0
2024-01-07,Mecklenburg-Vorpommern,3,0
2024-01-07,Niedersachsen,5,0
2024-01-07,Nordrhein-Westfalen,5,0
2024-01-07,Rheinland-Pfalz,5,0
2024-01-07,Saarland,2,0
2024-01-07,Sachsen,2,0
2024-01-07,Sachsen-Anhalt,3,0
2024-01-07,Schleswig-Holstein,5,0
2024-01-07,Thüringen,5,0
2024-01-14,Baden-Württemberg,0,0
2024-01-14,Bayern,0,0
2024-01-14,Berlin,0,0
2024-01-14,Brandenburg,0,0
2024-01-14,Bremen,0,0
2024-01-14,Hamburg,0,0
2024-01-14,Hessen,0,0
2024-01-14,Mecklenburg-Vorpommern,0,0
2024-01-14,Niedersachsen,0,0
2024-01-14,Nordrhein-Westfalen,0,0
2024-01-14,Rheinland-Pfalz,0,0
2024-01-14,Saarland,0,0
2024-01-14,Sachsen,0,0
2024-01-14,Sachsen-Anhalt,0,0
2024-01-14,Schleswig-Holstein,0,0
2024-01-14,Thüringen,0,0
2024-01-21,Baden-Württemberg,0,0
2024-01-21,Bayern,0,0
2024-01-21,Berlin,0,0
2024-01-21,Brandenburg,0,0
2024-01-21,Bremen,0,0
2024-01-21,Hamburg,0,0
2024-01-21,Hessen,0,0
2024-01-21,Mecklenburg-Vorpommern,0,0
2024-01-21,Niedersachsen,0,0
2024-01-21,Nordrhein-Westfalen,0,0
2024-01-21,Rheinland-Pfalz,0,0
2024-01-21,Saarland,0,0
2024-01-21,Sachsen,0,0
2024-01-21,Sachsen-Anhalt,0,0
2024-01-21,Schleswig-Holstein,0,0
2024-01-21,Thüringen,0,0
2024-01-28,Baden-Württemberg,0,0
2024-01-28,Bayern,0,0
2024-01-28,Berlin,0,0
2024-01-28,Brandenburg,0,0
2024-01-28,Bremen,0,0
2024-01-28,Hamburg,0,0
2024-01-28,Hessen,0,0
2024-01-28,Mecklenburg-Vorpommern,0,0
2024-01-28,Niedersachsen,0,0
2024-01-28,Nordrhein-Westfalen,0,0
2024-01-28,Rheinland-Pfalz,0,0
2024-01-28,Saarland,0,0
2024-01-28,Sachsen,0,0
2024-01-28,Sachsen-Anhalt,0,0
2024-01-28,Schleswig-Holstein,0,0
2024-01-28,Thüringen,0,0
2024-02-04,Baden-Württemberg,0,0
2024-02-04,Bayern,0,0
2024-02-04,Berlin,0,0
2024-02-04,Brandenburg,0,0
2024-02-04,Bremen,2,0
2024-02-04,Hamburg,1,0
2024-02-04,Hessen,0,0
2024-02-04,Mecklenburg-Vorpommern,0,0
2024-02-04,Niedersachsen,2,0
2024-02-04,Nordrhein-Westfalen,0,0
2024-02-04,Rheinland-Pfalz,0,0
2024-02-04,Saarland,0,0
2024-02-04,Sachsen,0,0
2024-02-04,Sachsen-Anhalt,0,0
2024-02-04,Schleswig-Holstein,0,0
2024-02-04,Thüringen,0,0
2024-02-11,Baden-Württemberg,0,0
2024-02-11,Bayern,0,0
2024-02-11,Berlin,5,0
2024-02-11,Brandenburg,5,0
2024-02-11,Bremen,0,0
2024-02-11,Hamburg,0,0
2024-02-11,Hessen,0,0
2024-02-11,Mecklenburg-Vorpommern,5,0
2024-02-11,Niedersachsen,0,0
2024-02-11,Nordrhein-Westfalen,0,0
2024-02-11,Rheinland-Pfalz,0,0
2024-02-11,Saarland,0,0
2024-02-11,Sachsen,0,0
2024-02-11,Sachsen-Anhalt,5,0
2024-02-11,Schleswig-Holstein,0,0
2024-02-11,Thüringen,0,0
2024-02-18,Baden-Württemberg,0,0
2024-02-18,Bayern,5,0
2024-02-18,Berlin,0,0
2024-02-18,Brandenburg,0,0
2024-02-18,Bremen,0,0
2024-02-18,Hamburg,0,0
2024-02-18,Hessen,0,0
2024-02-18,Mecklenburg-Vorpommern,5,0
2024-02-18,Niedersachsen,0,0
2024-02-18,Nordrhein-Westfalen,0,0
2024-02-18,Rheinland-Pfalz,0,0
2024-02-18,Saarland,5,0
2024-02-18,Sachsen,5,0
2024-02-18,Sachsen-Anhalt,0,0
2024-02-18,Schleswig-Holstein,0,0
2024-02-18,Thüringen,5,0
2024-02-25,Baden-Württemberg,0,0
2024-02-25,Bayern,0,0
2024-02-25,Berlin,0,0
2024-02-25,Brandenburg,0,0
2024-02-25,Bremen,0,0
2024-02-25,Hamburg,0,0
2024-02-25,Hessen,0,0
2024-02-25,Mecklenburg-Vorpommern,0,0
2024-02-25,Niedersachsen,0,0
2024-02-25,Nordrhein-Westfalen,0,0
2024-02-25,Rheinland-Pfalz,0,0
2024-02-25,Saarland,0,0
2024-02-25,Sachsen,5,0
2024-02-25,Sachsen-Anhalt,0,0
2024-02-25,Schleswig-Holstein,0,0
2024-02-25,Thüringen,0,0
2024-03-03,Baden-Württemberg,0,0
2024-03-03,Bayern,0,0
2024-03-03,Berlin,0,0
2024-03-03,Brandenburg,0,0
2024-03-03,Bremen,0,0
2024-03-03,Hamburg,0,0
2024-03-03,Hessen,0,0
2024-03-03,Mecklenburg-Vorpommern,0,0
2024-03-03,Niedersachsen,0,0
2024-03-03,Nordrhein-Westfalen,0,0
2024-03-03,Rheinland-Pfalz,0,0
2024-03-03,Saarland,0,0
2024-03-03,Sachsen,0,0
2024-03-03,Sachsen-Anhalt,0,0
2024-03-03,Schleswig-Holstein,0,0
2024-03-03,Thüringen,0,0
2024-03-10,Baden-Württemberg,0,0
2024-03-10,Bayern,0,0
2024-03-10,Berlin,0,0
2024-03-10,Brandenburg,0,0
2024-03-10,Bremen,0,0
2024-03-10,Hamburg,0,0
2024-03-10,Hessen,0,0
2024-03-10,Mecklenburg-Vorpommern,0,0
2024-03-10,Niedersachsen,0,0
2024-03-10,Nordrhein-Westfalen,0,0
2024-03-10,Rheinland-Pfalz,0,0
2024-03-10,Saarland,0,0
2024-03-10,Sachsen,0,0
2024-03-10,Sachsen-Anhalt,0,0
2024-03-10,Schleswig-Holstein,0,0
2024-03-10,Thüringen,0,0
2024-03-17,Baden-Württemberg,0,0
2024-03-17,Bayern,0,0
2024-03-17,Berlin,0,0
2024-03-17,Brandenburg,0,0
2024-03-17,Bremen,0,0
2024-03-17,Hamburg,0,0
2024-03-17,Hessen,0,0
2024-03-17,Mecklenburg-Vorpommern,0,0
2024-03-17,Niedersachsen,0,0
2024-03-17,Nordrhein-Westfalen,0,0
2024-03-17,Rheinland-Pfalz,0,0
2024-03-17,Saarland,0,0
2024-03-17,Sachsen,0,0
2024-03-17,Sachsen-Anhalt,0,0
2024-03-17,Schleswig-Holstein,0,0
2024-03-17,Thüringen,0,0
2024-03-24,Baden-Württemberg,0,0
2024-03-24,Bayern,0,0
2024-03-24,Berlin,0,0
2024-03-24,Brandenburg,0,0
2024-03-24,Bremen,5,0
2024-03-24,Hamburg,5,0
2024-03-24,Hessen,0,0
2024-03-24,Mecklenburg-Vorpommern,0,0
2024-03-24,Niedersachsen,5,0
2024-03-24,Nordrhein-Westfalen,0,0
2024-03-24,Rheinland-Pfalz,0,0
2024-03-24,Saarland,0,0
2024-03-24,Sachsen,0,0
2024-03-24,Sachsen-Anhalt,0,0
2024-03-24,Schleswig-Holstein,0,0
2024-03-24,Thüringen,0,0
2024-03-31,Baden-Württemberg,5,0
2024-03-31,Bayern,5,0
2024-03-31,Berlin,5,0
2024-03-31,Brandenburg,5,0
2024-03-31,Bremen,4,0
2024-03-31,Hamburg,4,0
2024-03-31,Hessen,5,0
2024-03-31,Mecklenburg-Vorpommern,5,0
2024-03-31,Niedersachsen,4,0
2024-03-31,Nordrhein-Westfalen,5,0
2024-03-31,Rheinland-Pfalz,5,0
2024-03-31,Saarland,5,0
2024-03-31,Sachsen,2,0
2024-03-31,Sachsen-Anhalt,5,0
2024-03-31,Schleswig-Holstein,0,0
2024-03-31,Thüringen,5,0
2024-04-07,Baden-Württemberg,5,0
2024-04-07,Bayern,5,0
2024-04-07,Berlin,5,0
2024-04-07,Brandenburg,5,0
2024-04-07,Bremen,0,0
2024-04-07,Hamburg,0,0
2024-04-07,Hessen,5,0
2024-04-07,Mecklenburg-Vorpommern,3,0
2024-04-07,Niedersachsen,0,0
2024-04-07,Nordrhein-Westfalen,5,0
2024-04-07,Rheinland-Pfalz,2,0
2024-04-07,Saarland,5,0
2024-04-07,Sachsen,5,0
2024-04-07,Sachsen-Anhalt,0,0
2024-04-07,Schleswig-Holstein,5,0
2024-04-07,Thüringen,5,0
2024-04-14,Baden-Württemberg,0,0
2024-04-14,Bayern,0,0
2024-04-14,Berlin,0,0
2024-04-14,Brandenburg,0,0
2024-04-14,Bremen,0,0
2024-04-14,Hamburg,0,0
2024-04-14,Hessen,5,0
2024-04-14,Mecklenburg-Vorpommern,0,0
2024-04-14,Niedersachsen,0,0
2024-04-14,Nordrhein-Westfalen,0,0
2024-04-14,Rheinland-Pfalz,0,0
2024-04-14,Saarland,0,0
2024-04-14,Sachsen,0,0
2024-04-14,Sachsen-Anhalt,0,0
2024-04-14,Schleswig-Holstein,5,0
2024-04-14,Thüringen,0,0
2024-04-21,Baden-Württemberg,0,0
2024-04-21,Bayern,0,0
2024-04-21,Berlin,0,0
2024-04-21,Brandenburg,0,0
2024-04-21,Bremen,0,0
2024-04-21,Hamburg,0,0
2024-04-21,Hessen,0,0
2024-04-21,Mecklenburg-Vorpommern,0,0
2024-04-21,Niedersachsen,0,0
2024-04-21,Nordrhein-Westfalen,0,0
2024-04-21,Rheinland-Pfalz,0,0
2024-04-21,Saarland,0,0
2024-04-21,Sachsen,0,0
2024-04-21,Sachsen-Anhalt,0,0
2024-04-21,Schleswig-Holstein,5,0
2024-04-21,Thüringen,0,0
2024-04-28,Baden-Württemberg,0,0
2024-04-28,Bayern,0,0
2024-04-28,Berlin,0,0
2024-04-28,Brandenburg,0,0
2024-04-28,Bremen,0,0
2024-04-28,Hamburg,0,0
2024-04-28,Hessen,0,0
2024-04-28,Mecklenburg-Vorpommern,0,0
2024-04-28,Niedersachsen,0,0
2024-04-28,Nordrhein-Westfalen,0,0
2024-04-28,Rheinland-Pfalz,0,0
2024-04-28,Saarland,0,0
2024-04-28,Sachsen,0,0
2024-04-28,Sachsen-Anhalt,0,0
2024-04-28,Schleswig-Holstein,0,0
2024-04-28,Thüringen,0,0
2024-05-05,Baden-Württemberg,0,0
2024-05-05,Bayern,0,0
2024-05-05,Berlin,0,0
2024-05-05,Brandenburg,0,0
2024-05-05,Bremen,0,0
2024-05-05,Hamburg,0,0
2024-05-05,Hessen,0,0
2024-05-05,Mecklenburg-Vorpommern,0,0
2024-05-05,Niedersachsen,0,0
2024-05-05,Nordrhein-Westfalen,0,0
2024-05-05,Rheinland-Pfalz,0,0
2024-05-05,Saarland,0,0
2024-05-05,Sachsen,0,0
2024-05-05,Sachsen-Anhalt,0,0
2024-05-05,Schleswig-Holstein,0,0
2024-05-05,Thüringen,0,0
2024-05-12,Baden-Württemberg,0,0
2024-05-12,Bayern,0,0
2024-05-12,Berlin,1,0
2024-05-12,Brandenburg,0,0
2024-05-12,Bremen,1,0
2024-05-12,Hamburg,1,0
2024-05-12,Hessen,0,0
2024-05-12,Mecklenburg-Vorpommern,1,0
2024-05-12,Niedersachsen,1,0
2024-05-12,Nordrhein-Westfalen,0,0
2024-05-12,Rheinland-Pfalz,0,0
2024-05-12,Saarland,0,0
2024-05-12,Sachsen,1,0
2024-05-12,Sachsen-Anhalt,0,0
2024-05-12,Schleswig-Holstein,1,0
2024-05-12,Thüringen,1,0
2024-05-19,Baden-Württemberg,0,0
2024-05-19,Bayern,0,0
2024-05-19,Berlin,0,0
2024-05-19,Brandenburg,0,0
2024-05-19,Bremen,0,0
2024-05-19,Hamburg,0,0
2024-05-19,Hessen,0,0
2024-05-19,Mecklenburg-Vorpommern,0,0
2024-05-19,Niedersachsen,0,0
2024-05-19,Nordrhein-Westfalen,0,0
2024-05-19,Rheinland-Pfalz,0,0
2024-05-19,Saarland,0,0
2024-05-19,Sachsen,0,0
2024-05-19,Sachsen-Anhalt,0,0
2024-05-19,Schleswig-Holstein,0,0
2024-05-19,Thüringen,0,0
2024-05-26,Baden-Württemberg,4,0
2024-05-26,Bayern,4,0
2024-05-26,Berlin,0,0
2024-05-26,Brandenburg,0,0
2024-05-26,Bremen,1,0
2024-05-26,Hamburg,4,0
2024-05-26,Hessen,0,0
2024-05-26,Mecklenburg-Vorpommern,4,0
2024-05-26,Niedersachsen,1,0
2024-05-26,Nordrhein-Westfalen,1,0
2024-05-26,Rheinland-Pfalz,4,0
2024-05-26,Saarland,4,0
2024-05-26,Sachsen,2,0
2024-05-26,Sachsen-Anhalt,4,0
2024-05-26,Schleswig-Holstein,0,0
2024-05-26,Thüringen,0,0
2024-06-02,Baden-Württemberg,5,0
2024-06-02,Bayern,5,0
2024-06-02,Berlin,0,0
2024-06-02,Brandenburg,0,0
2024-06-02,Bremen,0,0
2024-06-02,Hamburg,0,0
2024-06-02,Hessen,0,0
2024-06-02,Mecklenburg-Vorpommern,0,0
2024-06-02,Niedersachsen,0,0
2024-06-02,Nordrhein-Westfalen,0,0
2024-06-02,Rheinland-Pfalz,3,0
2024-06-02,Saarland,0,0
2024-06-02,Sachsen,0,0
2024-06-02,Sachsen-Anhalt,0,0
2024-06-02,Schleswig-Holstein,0,0
2024-06-02,Thüringen,0,0
2024-06-09,Baden-Württemberg,0,0
2024-06-09,Bayern,0,0
2024-06-09,Berlin,0,0
2024-06-09,Brandenburg,0,0
2024-06-09,Bremen,0,0
2024-06-09,Hamburg,0,0
2024-06-09,Hessen,0,0
2024-06-09,Mecklenburg-Vorpommern,0,0
2024-06-09,Niedersachsen,0,0
2024-06-09,Nordrhein-Westfalen,0,0
2024-06-09,Rheinland-Pfalz,0,0
2024-06-09,Saarland,0,0
2024-06-09,Sachsen,0,0
2024-06-09,Sachsen-Anhalt,0,0
2024-06-09,Schleswig-Holstein,0,0
2024-06-09,Thüringen,0,0
2024-06-16,Baden-Württemberg,0,0
2024-06-16,Bayern,0,0
2024-06-16,Berlin,0,0
2024-06-16,Brandenburg,0,0
2024-06-16,Bremen,0,0
2024-06-16,Hamburg,0,0
2024-06-16,Hessen,0,0
2024-06-16,Mecklenburg-Vorpommern,0,0
2024-06-16,Niedersachsen,0,0
2024-06-16,Nordrhein-Westfalen,0,0
2024-06-16,Rheinland-Pfalz,0,0
2024-06-16,Saarland,0,0
2024-06-16,Sachsen,0,0
2024-06-16,Sachsen-Anhalt,0,0
2024-06-16,Schleswig-Holstein,0,0
2024-06-16,Thüringen,0,0
2024-06-23,Baden-Württemberg,0,0
2024-06-23,Bayern,0,0
2024-06-23,Berlin,0,0
2024-06-23,Brandenburg,0,0
2024-06-23,Bremen,0,0
2024-06-23,Hamburg,0,0
2024-06-23,Hessen,0,0
2024-06-23,Mecklenburg-Vorpommern,0,0
2024-06-23,Niedersachsen,0,0
2024-06-23,Nordrhein-Westfalen,0,0
2024-06-23,Rheinland-Pfalz,0,0
2024-06-23,Saarland,0,0
2024-06-23,Sachsen,2,0
2024-06-23,Sachsen-Anhalt,0,0
2024-06-23,Schleswig-Holstein,0,0
2024-06-23,Thüringen,2,0
2024-06-30,Baden-Württemberg,0,0
2024-06-30,Bayern,0,0
2024-06-30,Berlin,0,0
2024-06-30,Brandenburg,0,0
2024-06-30,Bremen,5,0
2024-06-30,Hamburg,0,0
2024-06-30,Hessen,0,0
2024-06-30,Mecklenburg-Vorpommern,0,0
2024-06-30,Niedersachsen,5,0
2024-06-30,Nordrhein-Westfalen,0,0
2024-06-30,Rheinland-Pfalz,0,0
2024-06-30,Saarland,0,0
2024-06-30,Sachsen,5,0
2024-06-30,Sachsen-Anhalt,5,0
2024-06-30,Schleswig-Holstein,0,0
2024-06-30,Thüringen,5,0
2024-07-07,Baden-Württemberg,0,0
2024-07-07,Bayern,0,0
2024-07-07,Berlin,0,0
2024-07-07,Brandenburg,0,0
2024-07-07,Bremen,5,0
2024-07-07,Hamburg,0,0
2024-07-07,Hessen,0,0
2024-07-07,Mecklenburg-Vorpommern,0,0
2024-07-07,Niedersachsen,5,0
2024-07-07,Nordrhein-Westfalen,0,0
2024-07-07,Rheinland-Pfalz,0,0
2024-07-07,Saarland,0,0
2024-07-07,Sachsen,5,0
2024-07-07,Sachsen-Anhalt,5,0
2024-07-07,Schleswig-Holstein,0,0
2024-07-07,Thüringen,5,0
2024-07-14,Baden-Württemberg,0,0
2024-07-14,Bayern,0,0
2024-07-14,Berlin,0,0
2024-07-14,Brandenburg,0,0
2024-07-14,Bremen,5,0
2024-07-14,Hamburg,0,0
2024-07-14,Hessen,0,0
2024-07-14,Mecklenburg-Vorpommern,0,0
2024-07-14,Niedersachsen,5,0
2024-07-14,Nordrhein-Westfalen,5,0
2024-07-14,Rheinland-Pfalz,0,0
2024-07-14,Saarland,0,0
2024-07-14,Sachsen,5,0
2024-07-14,Sachsen-Anhalt,5,0
2024-07-14,Schleswig-Holstein,0,0
2024-07-14,Thüringen,5,0
2024-07-21,Baden-Württemberg,0,0
2024-07-21,Bayern,0,0
2024-07-21,Berlin,2,0
2024-07-21,Brandenburg,2,0
2024-07-21,Bremen,5,0
2024-07-21,Hamburg,2,0
2024-07-21,Hessen,5,0
2024-07-21,Mecklenburg-Vorpommern,0,0
2024-07-21,Niedersachsen,5,0
2024-07-21,Nordrhein-Westfalen,5,0
2024-07-21,Rheinland-Pfalz,5,0
2024-07-21,Saarland,5,0
2024-07-21,Sachsen,5,0
2024-07-21,Sachsen-Anhalt,5,0
2024-07-21,Schleswig-Holstein,0,0
2024-07-21,Thüringen,5,0
2024-07-28,Baden-Württemberg,2,0
2024-07-28,Bayern,0,0
2024-07-28,Berlin,5,0
2024-07-28,Brandenburg,5,0
2024-07-28,Bremen,5,0
2024-07-28,Hamburg,5,0
2024-07-28,Hessen,5,0
2024-07-28,Mecklenburg-Vorpommern,5,0
2024-07-28,Niedersachsen,5,0
2024-07-28,Nordrhein-Westfalen,5,0
2024-07-28,Rheinland-Pfalz,5,0
2024-07-28,Saarland,5,0
2024-07-28,Sachsen,5,0
2024-07-28,Sachsen-Anhalt,5,0
2024-07-28,Schleswig-Holstein,5,0
2024-07-28,Thüringen,5,0
2024-08-04,Baden-Württemberg,5,0
2024-08-04,Bayern,5,0
2024-08-04,Berlin,5,0
2024-08-04,Brandenburg,5,0
2024-08-04,Bremen,5,0
2024-08-04,Hamburg,5,0
2024-08-04,Hessen,5,0
2024-08-04,Mecklenburg-Vorpommern,5,0
2024-08-04,Niedersachsen,5,0
2024-08-04,Nordrhein-Westfalen,5,0
2024-08-04,Rheinland-Pfalz,5,0
2024-08-04,Saarland,5,0
2024-08-04,Sachsen,5,0
2024-08-04,Sachsen-Anhalt,5,0
2024-08-04,Schleswig-Holstein,5,0
2024-08-04,Thüringen,3,0
2024-08-11,Baden-Württemberg,5,0
2024-08-11,Bayern,5,0
2024-08-11,Berlin,5,0
2024-08-11,Brandenburg,5,0
2024-08-11,Bremen,0,0
2024-08-11,Hamburg,5,0
2024-08-11,Hessen,5,0
2024-08-11,Mecklenburg-Vorpommern,5,0
2024-08-11,Niedersachsen,0,0
2024-08-11,Nordrhein-Westfalen,5,0
2024-08-11,Rheinland-Pfalz,5,0
2024-08-11,Saarland,5,0
2024-08-11,Sachsen,0,0
2024-08-11,Sachsen-Anhalt,0,0
2024-08-11,Schleswig-Holstein,5,0
2024-08-11,Thüringen,0,0
2024-08-18,Baden-Württemberg,5,0
2024-08-18,Bayern,5,0
2024-08-18,Berlin,5,0
2024-08-18,Brandenburg,5,0
2024-08-18,Bremen,0,0
2024-08-18,Hamburg,5,0
2024-08-18,Hessen,5,0
2024-08-18,Mecklenburg-Vorpommern,5,0
2024-08-18,Niedersachsen,0,0
2024-08-18,Nordrhein-Westfalen,5,0
2024-08-18,Rheinland-Pfalz,5,0
2024-08-18,Saarland,5,0
2024-08-18,Sachsen,0,0
2024-08-18,Sachsen-Anhalt,0,0
2024-08-18,Schleswig-Holstein,5,0
2024-08-18,Thüringen,0,0
2024-08-25,Baden-Württemberg,5,0
2024-08-25,Bayern,5,0
2024-08-25,Berlin,5,0
2024-08-25,Brandenburg,5,0
2024-08-25,Bremen,0,0
2024-08-25,Hamburg,5,0
2024-08-25,Hessen,5,0
2024-08-25,Mecklenburg-Vorpommern,5,0
2024-08-25,Niedersachsen,0,0
2024-08-25,Nordrhein-Westfalen,2,0
2024-08-25,Rheinland-Pfalz,5,0
2024-08-25,Saarland,5,0
2024-08-25,Sachsen,0,0
2024-08-25,Sachsen-Anhalt,0,0
2024-08-25,Schleswig-Holstein,5,0
2024-08-25,Thüringen,0,0
2024-09-01,Baden-Württemberg,5,0
2024-09-01,Bayern,5,0
2024-09-01,Berlin,5,0
2024-09-01,Brandenburg,5,0
2024-09-01,Bremen,0,0
2024-09-01,Hamburg,5,0
2024-09-01,Hessen,0,0
2024-09-01,Mecklenburg-Vorpommern,5,0
2024-09-01,Niedersachsen,0,0
2024-09-01,Nordrhein-Westfalen,0,0
2024-09-01,Rheinland-Pfalz,0,0
2024-09-01,Saarland,0,0
2024-09-01,Sachsen,0,0
2024-09-01,Sachsen-Anhalt,0,0
2024-09-01,Schleswig-Holstein,5,0
2024-09-01,Thüringen,0,0
2024-09-08,Baden-Württemberg,5,0
2024-09-08,Bayern,5,0
2024-09-08,Berlin,0,0
2024-09-08,Brandenburg,0,0
2024-09-08,Bremen,0,0
2024-09-08,Hamburg,0,0
2024-09-08,Hessen,0,0
2024-09-08,Mecklenburg-Vorpommern,0,0
2024-09-08,Niedersachsen,0,0
2024-09-08,Nordrhein-Westfalen,0,0
2024-09-08,Rheinland-Pfalz,0,0
2024-09-08,Saarland,0,0
2024-09-08,Sachsen,0,0
2024-09-08,Sachsen-Anhalt,0,0
2024-09-08,Schleswig-Holstein,0,0
2024-09-08,Thüringen,0,0
2024-09-15,Baden-Württemberg,0,0
2024-09-15,Bayern,1,0
2024-09-15,Berlin,0,0
2024-09-15,Brandenburg,0,0
2024-09-15,Bremen,0,0
2024-09-15,Hamburg,0,0
2024-09-15,Hessen,0,0
2024-09-15,Mecklenburg-Vorpommern,0,0
2024-09-15,Niedersachsen,0,0
2024-09-15,Nordrhein-Westfalen,0,0
2024-09-15,Rheinland-Pfalz,0,0
2024-09-15,Saarland,0,0
2024-09-15,Sachsen,0,0
2024-09-15,Sachsen-Anhalt,0,0
2024-09-15,Schleswig-Holstein,0,0
2024-09-15,Thüringen,0,0
2024-09-22,Baden-Württemberg,0,0
2024-09-22,Bayern,0,0
2024-09-22,Berlin,0,0
2024-09-22,Brandenburg,0,0
2024-09-22,Bremen,0,0
2024-09-22,Hamburg,0,0
2024-09-22,Hessen,0,0
2024-09-22,Mecklenburg-Vorpommern,0,0
2024-09-22,Niedersachsen,0,0
2024-09-22,Nordrhein-Westfalen,0,0
2024-09-22,Rheinland-Pfalz,0,0
2024-09-22,Saarland,0,0
2024-09-22,Sachsen,0,0
2024-09-22,Sachsen-Anhalt,0,0
2024-09-22,Schleswig-Holstein,0,0
2024-09-22,Thüringen,1,0
2024-09-29,Baden-Württemberg,0,0
2024-09-29,Bayern,0,0
2024-09-29,Berlin,0,0
2024-09-29,Brandenburg,0,0
2024-09-29,Bremen,0,0
2024-09-29,Hamburg,0,0
2024-09-29,Hessen,0,0
2024-09-29,Mecklenburg-Vorpommern,0,0
2024-09-29,Niedersachsen,0,0
2024-09-29,Nordrhein-Westfalen,0,0
2024-09-29,Rheinland-Pfalz,0,0
2024-09-29,Saarland,0,0
2024-09-29,Sachsen,0,0
2024-09-29,Sachsen-Anhalt,0,0
2024-09-29,Schleswig-Holstein,0,0
2024-09-29,Thüringen,0,0
2024-10-06,Baden-Württemberg,0,0
2024-10-06,Bayern,0,0
2024-10-06,Berlin,1,0
2024-10-06,Brandenburg,1,0
2024-10-06,Bremen,1,0
2024-10-06,Hamburg,1,0
2024-10-06,Hessen,0,0
2024-10-06,Mecklenburg-Vorpommern,1,0
2024-10-06,Niedersachsen,2,0
2024-10-06,Nordrhein-Westfalen,0,0
2024-10-06,Rheinland-Pfalz,0,0
2024-10-06,Saarland,0,0
2024-10-06,Sachsen,0,0
2024-10-06,Sachsen-Anhalt,5,0
2024-10-06,Schleswig-Holstein,0,0
2024-10-06,Thüringen,5,0
2024-10-13,Baden-Württemberg,0,0
2024-10-13,Bayern,0,0
2024-10-13,Berlin,0,0
2024-10-13,Brandenburg,0,0
2024-10-13,Bremen,5,0
2024-10-13,Hamburg,0,0
2024-10-13,Hessen,0,0
2024-10-13,Mecklenburg-Vorpommern,0,0
2024-10-13,Niedersachsen,5,0
2024-10-13,Nordrhein-Westfalen,0,0
2024-10-13,Rheinland-Pfalz,0,0
2024-10-13,Saarland,0,0
2024-10-13,Sachsen,5,0
2024-10-13,Sachsen-Anhalt,5,0
2024-10-13,Schleswig-Holstein,0,0
2024-10-13,Thüringen,5,0
2024-10-20,Baden-Württemberg,0,0
2024-10-20,Bayern,0,0
2024-10-20,Berlin,0,0
2024-10-20,Brandenburg,0,0
2024-10-20,Bremen,5,0
2024-10-20,Hamburg,0,0
2024-10-20,Hessen,5,0
2024-10-20,Mecklenburg-Vorpommern,0,0
2024-10-20,Niedersachsen,5,0
2024-10-20,Nordrhein-Westfalen,5,0
2024-10-20,Rheinland-Pfalz,5,0
2024-10-20,Saarland,5,0
2024-10-20,Sachsen,5,0
2024-10-20,Sachsen-Anhalt,0,0
2024-10-20,Schleswig-Holstein,0,0
2024-10-20,Thüringen,0,0
2024-10-27,Baden-Württemberg,0,0
2024-10-27,Bayern,0,0
2024-10-27,Berlin,5,0
2024-10-27,Brandenburg,5,0
2024-10-27,Bremen,0,0
2024-10-27,Hamburg,5,0
2024-10-27,Hessen,5,0
2024-10-27,Mecklenburg-Vorpommern,5,0
2024-10-27,Niedersachsen,0,0
2024-10-27,Nordrhein-Westfalen,5,0
2024-10-27,Rheinland-Pfalz,5,0
2024-10-27,Saarland,0,0
2024-10-27,Sachsen,0,0
2024-10-27,Sachsen-Anhalt,0,0
2024-10-27,Schleswig-Holstein,5,0
2024-10-27,Thüringen,0,0
2024-11-03,Baden-Württemberg,4,0
2024-11-03,Bayern,4,0
2024-11-03,Berlin,5,0
2024-11-03,Brandenburg,5,0
2024-11-03,Bremen,1,0
2024-11-03,Hamburg,5,0
2024-11-03,Hessen,0,0
2024-11-03,Mecklenburg-Vorpommern,1,0
2024-11-03,Niedersachsen,1,0
2024-11-03,Nordrhein-Westfalen,0,0
2024-11-03,Rheinland-Pfalz,0,0
2024-11-03,Saarland,5,0
2024-11-03,Sachsen,0,0
2024-11-03,Sachsen-Anhalt,1,0
2024-11-03,Schleswig-Holstein,5,0
2024-11-03,Thüringen,0,0
2024-11-10,Baden-Württemberg,0,0
2024-11-10,Bayern,0,0
2024-11-10,Berlin,0,0
2024-11-10,Brandenburg,0,0
2024-11-10,Bremen,0,0
2024-11-10,Hamburg,0,0
2024-11-10,Hessen,0,0
2024-11-10,Mecklenburg-Vorpommern,0,0
2024-11-10,Niedersachsen,0,0
2024-11-10,Nordrhein-Westfalen,0,0
2024-11-10,Rheinland-Pfalz,0,0
2024-11-10,Saarland,0,0
2024-11-10,Sachsen,0,0
2024-11-10,Sachsen-Anhalt,0,0
2024-11-10,Schleswig-Holstein,0,0
2024-11-10,Thüringen,0,0
2024-11-17,Baden-Württemberg,0,0
2024-11-17,Bayern,0,0
2024-11-17,Berlin,0,0
2024-11-17,Brandenburg,0,0
2024-11-17,Bremen,0,0
2024-11-17,Hamburg,0,0
2024-11-17,Hessen,0,0
2024-11-17,Mecklenburg-Vorpommern,0,0
2024-11-17,Niedersachsen,0,0
2024-11-17,Nordrhein-Westfalen,0,0
2024-11-17,Rheinland-Pfalz,0,0
2024-11-17,Saarland,0,0
2024-11-17,Sachsen,0,0
2024-11-17,Sachsen-Anhalt,0,0
2024-11-17,Schleswig-Holstein,0,0
2024-11-17,Thüringen,0,0
2024-11-24,Baden-Württemberg,0,0
2024-11-24,Bayern,1,0
2024-11-24,Berlin,0,0
2024-11-24,Brandenburg,0,0
2024-11-24,Bremen,0,0
2024-11-24,Hamburg,0,0
2024-11-24,Hessen,0,0
2024-11-24,Mecklenburg-Vorpommern,0,0
2024-11-24,Niedersachsen,0,0
2024-11-24,Nordrhein-Westfalen,0,0
2024-11-24,Rheinland-Pfalz,0,0
2024-11-24,Saarland,0,0
2024-11-24,Sachsen,0,0
2024-11-24,Sachsen-Anhalt,0,0
2024-11-24,Schleswig-Holstein,0,0
2024-11-24,Thüringen,0,0
2024-12-01,Baden-Württemberg,0,0
2024-12-01,Bayern,0,0
2024-12-01,Berlin,0,0
2024-12-01,Brandenburg,0,0
2024-12-01,Bremen,0,0
2024-12-01,Hamburg,0,0
2024-12-01,Hessen,0,0
2024-12-01,Mecklenburg-Vorpommern,0,0
2024-12-01,Niedersachsen,0,0
2024-12-01,Nordrhein-Westfalen,0,0
2024-12-01,Rheinland-Pfalz,0,0
2024-12-01,Saarland,0,0
2024-12-01,Sachsen,0,0
2024-12-01,Sachsen-Anhalt,0,0
2024-12-01,Schleswig-Holstein,0,0
2024-12-01,Thüringen,0,0
2024-12-08,Baden-Württemberg,0,0
2024-12-08,Bayern,0,0
2024-12-08,Berlin,0,0
2024-12-08,Brandenburg,0,0
2024-12-08,Bremen,0,0
2024-12-08,Hamburg,0,0
2024-12-08,Hessen,0,0
2024-12-08,Mecklenburg-Vorpommern,0,0
2024-12-08,Niedersachsen,0,0
2024-12-08,Nordrhein-Westfalen,0,0
2024-12-08,Rheinland-Pfalz,0,0
2024-12-08,Saarland,0,0
2024-12-08,Sachsen,0,0
2024-12-08,Sachsen-Anhalt,0,0
2024-12-08,Schleswig-Holstein,0,0
2024-12-08,Thüringen,0,0
2024-12-15,Baden-Württemberg,0,0
2024-12-15,Bayern,0,0
2024-12-15,Berlin,0,0
2024-12-15,Brandenburg,0,0
2024-12-15,Bremen,0,0
2024-12-15,Hamburg,0,0
2024-12-15,Hessen,0,0
2024-12-15,Mecklenburg-Vorpommern,0,0
2024-12-15,Niedersachsen,0,0
2024-12-15,Nordrhein-Westfalen,0,0
2024-12-15,Rheinland-Pfalz,0,0
2024-12-15,Saarland,0,0
2024-12-15,Sachsen,0,0
2024-12-15,Sachsen-Anhalt,0,0
2024-12-15,Schleswig-Holstein,0,0
2024-12-15,Thüringen,0,0
2024-12-22,Baden-Württemberg,0,0
2024-12-22,Bayern,0,0
2024-12-22,Berlin,0,0
2024-12-22,Brandenburg,0,0
2024-12-22,Bremen,0,0
2024-12-22,Hamburg,1,0
2024-12-22,Hessen,0,0
2024-12-22,Mecklenburg-Vorpommern,0,0
2024-12-22,Niedersachsen,0,0
2024-12-22,Nordrhein-Westfalen,0,0
2024-12-22,Rheinland-Pfalz,0,0
2024-12-22,Saarland,0,0
2024-12-22,Sachsen,0,0
2024-12-22,Sachsen-Anhalt,0,0
2024-12-22,Schleswig-Holstein,2,0
2024-12-22,Thüringen,0,0
2024-12-29,Baden-Württemberg,5,0
2024-12-29,Bayern,5,0
2024-12-29,Berlin,5,0
2024-12-29,Brandenburg,5,0
2024-12-29,Bremen,5,0
2024-12-29,Hamburg,5,0
2024-12-29,Hessen,5,0
2024-12-29,Mecklenburg-Vorpommern,5,0
2024-12-29,Niedersachsen,5,0
2024-12-29,Nordrhein-Westfalen,5,0
2024-12-29,Rheinland-Pfalz,5,0
2024-12-29,Saarland,5,0
2024-12-29,Sachsen,5,0
2024-12-29,Sachsen-Anhalt,5,0
2024-12-29,Schleswig-Holstein,5,0
2024-12-29,Thüringen,5,0
2020-01-05,Deutschland,4.341356448989,83000000
2020-01-12,Deutschland,0.858530828819872,83000000
2020-01-19,Deutschland,0,83000000
2020-01-26,Deutschland,0,83000000
2020-02-02,Deutschland,0.02242971266391557,83000000
2020-02-09,Deutschland,0.5843220371883655,83000000
2020-02-16,Deutschland,0.5943733027287863,83000000
2020-02-23,Deutschland,0.6440033696929277,83000000
2020-03-01,Deutschland,0.8159561823747611,83000000
2020-03-08,Deutschland,0.11214856331957784,83000000
2020-03-15,Deutschland,0.11214856331957784,83000000
2020-03-22,Deutschland,0,83000000
2020-03-29,Deutschland,0.016237116564217183,83000000
2020-04-05,Deutschland,0.6981198604729484,83000000
2020-04-12,Deutschland,4.682846365130162,83000000
2020-04-19,Deutschland,4.405794387681951,83000000
2020-04-26,Deutschland,0.058836621399778695,83000000
2020-05-03,Deutschland,0,83000000
2020-05-10,Deutschland,0.044515734667680835,83000000
2020-05-17,Deutschland,0,83000000
2020-05-24,Deutschland,0.5188470993832405,83000000
2020-05-31,Deutschland,0.12960521094454355,83000000
2020-06-07,Deutschland,1.6760430847946726,83000000
2020-06-14,Deutschland,1.4610172250153173,83000000
2020-06-21,Deutschland,0,83000000
2020-06-28,Deutschland,0.48630837906164853,83000000
2020-07-05,Deutschland,1.8339299485341225,83000000
2020-07-12,Deutschland,2.5180499238748837,83000000
2020-07-19,Deutschland,3.0401946185555855,83000000
2020-07-26,Deutschland,3.538982774984683,83000000
2020-08-02,Deutschland,4.866280861759907,83000000
2020-08-09,Deutschland,4.858624465646848,83000000
2020-08-16,Deutschland,3.5961217710245883,83000000
2020-08-23,Deutschland,2.4819500761251163,83000000
2020-08-30,Deutschland,2.2208777287847656,83000000
2020-09-06,Deutschland,1.4610172250153173,83000000
2020-09-13,Deutschland,0.8270799979634376,83000000
2020-09-20,Deutschland,0,83000000
2020-09-27,Deutschland,0,83000000
2020-10-04,Deutschland,0,83000000
2020-10-11,Deutschland,0.7625332015692436,83000000
2020-10-18,Deutschland,2.9950336207656347,83000000
2020-10-25,Deutschland,2.776449573415439,83000000
2020-11-01,Deutschland,1.3538162874853297,83000000
2020-11-08,Deutschland,0.7924215338148496,83000000
2020-11-15,Deutschland,0,83000000
2020-11-22,Deutschland,0.1584843067629699,83000000
2020-11-29,Deutschland,0,83000000
2020-12-06,Deutschland,0,83000000
2020-12-13,Deutschland,0,83000000
2020-12-20,Deutschland,0,83000000
2020-12-27,Deutschland,0.3052956491830308,83000000
2020-12-31,Deutschland,0.24423651934642468,83000000
2023-01-01,Deutschland,5,83000000
2023-01-08,Deutschland,4.162415962903742,83000000
2023-01-15,Deutschland,0,83000000
2023-01-22,Deutschland,0,83000000
2023-01-29,Deutschland,0.02242971266391557,83000000
2023-02-05,Deutschland,0.6005591537525826,83000000
2023-02-12,Deutschland,0.2261213199698641,83000000
2023-02-19,Deutschland,0.3682519827589222,83000000
2023-02-26,Deutschland,1.0934497666992047,83000000
2023-03-05,Deutschland,0,83000000
2023-03-12,Deutschland,0.11214856331957784,83000000
2023-03-19,Deutschland,0.11214856331957784,83000000
2023-03-26,Deutschland,0,83000000
2023-04-02,Deutschland,0.48248286599579043,83000000
2023-04-09,Deutschland,3.9460666457359888,83000000
2023-04-16,Deutschland,4.135800711338787,83000000
2023-04-23,Deutschland,0.5538685292243453,83000000
2023-04-30,Deutschland,0,83000000
2023-05-07,Deutschland,0,83000000
2023-05-14,Deutschland,0,83000000
2023-05-21,Deutschland,0.41972516765256546,83000000
2023-05-28,Deutschland,0.1840860780744314,83000000
2023-06-04,Deutschland,1.8158134688971095,83000000
2023-06-11,Deutschland,1.6088926416852685,83000000
2023-06-18,Deutschland,0,83000000
2023-06-25,Deutschland,0.4300517195587108,83000000
2023-07-02,Deutschland,1.5614376779584256,83000000
2023-07-09,Deutschland,1.3362016462371278,83000000
2023-07-16,Deutschland,2.466002488091355,83000000
2023-07-23,Deutschland,2.624187296888309,83000000
2023-07-30,Deutschland,3.80642105146487,83000000
2023-08-06,Deutschland,5,83000000
2023-08-13,Deutschland,3.880011275775392,83000000
2023-08-20,Deutschland,3.663798353762872,83000000
2023-08-27,Deutschland,2.684034221598978,83000000
2023-09-03,Deutschland,2.2711975716304242,83000000
2023-09-10,Deutschland,1.4610172250153173,83000000
2023-09-17,Deutschland,0,83000000
2023-09-24,Deutschland,0,83000000
2023-10-01,Deutschland,0,83000000
2023-10-08,Deutschland,0.7807594635400493,83000000
2023-10-15,Deutschland,1.5398973906810198,83000000
2023-10-22,Deutschland,1.0567274515757783,83000000
2023-10-29,Deutschland,1.9990853843036631,83000000
2023-11-05,Deutschland,2.2162107289737816,83000000
2023-11-12,Deutschland,0,83000000
2023-11-19,Deutschland,0,83000000
2023-11-26,Deutschland,0.1584843067629699,83000000
2023-12-03,Deutschland,0,83000000
2023-12-10,Deutschland,0,83000000
2023-12-17,Deutschland,0,83000000
2023-12-24,Deutschland,0.5692469703614371,83000000
2023-12-31,Deutschland,5,83000000
